{"type":"FeatureCollection","attribution":"본 데이터는 통계청 통계지리정보서비스(SGIS, https://sgis.kostat.go.kr)에서 공공누리 제1유형으로 개방한 행정동 경계를 가공한 것이며(가공: vuski/admdongkor, https://github.com/vuski/admdongkor), CC BY 4.0으로 배포됩니다.","features":[{"type":"Feature","properties":{"adm_cd2":"4111156000","adm_nm":"경기도 수원시장안구 파장동","sggnm":"수원시장안구"},"geometry":{"type":"Polygon","coordinates":[[[127.00706,37.33499],[127.00642,37.33236],[127.00332,37.3296],[127.00235,37.32689],[127.00274,37.3263],[127.00408,37.32548],[127.00544,37.3238],[127.00599,37.32123],[127.00799,37.31875],[127.00237,37.31263],[127.00212,37.31227],[127.00255,37.31036],[126.99954,37.30578],[126.99709,37.30314],[126.99583,37.3055],[126.99239,37.30619],[126.9884,37.30896],[126.98675,37.31172],[126.98508,37.31133],[126.98168,37.30976],[126.98219,37.30619],[126.97634,37.30569],[126.97391,37.30511],[126.97274,37.30552],[126.97279,37.30678],[126.97357,37.30781],[126.97394,37.30911],[126.96874,37.31905],[126.96692,37.32324],[126.96696,37.32413],[126.9707,37.33006],[126.97119,37.33179],[126.97354,37.33018],[126.98094,37.32659],[126.98278,37.32675],[126.98711,37.32945],[126.99034,37.33317],[126.99141,37.33401],[127.00047,37.33849],[127.00612,37.33807],[127.00706,37.33499]]]}},{"type":"Feature","properties":{"adm_cd2":"4111156600","adm_nm":"경기도 수원시장안구 율천동","sggnm":"수원시장안구"},"geometry":{"type":"Polygon","coordinates":[[[126.97304,37.30304],[126.9727,37.30028],[126.9746,37.30004],[126.97743,37.29903],[126.98437,37.29134],[126.98367,37.2908],[126.97759,37.28843],[126.97877,37.28657],[126.97428,37.28552],[126.96958,37.28662],[126.9698,37.28869],[126.96807,37.29426],[126.9655,37.29667],[126.96495,37.29679],[126.96367,37.29874],[126.96372,37.30044],[126.96444,37.30167],[126.96424,37.30272],[126.96108,37.30197],[126.96398,37.30437],[126.96635,37.30821],[126.96666,37.31305],[126.96771,37.31594],[126.97,37.31692],[126.97394,37.30911],[126.97357,37.30781],[126.97279,37.30678],[126.97304,37.30304]]]}},{"type":"Feature","properties":{"adm_cd2":"4111157100","adm_nm":"경기도 수원시장안구 정자1동","sggnm":"수원시장안구"},"geometry":{"type":"Polygon","coordinates":[[[126.99813,37.30048],[126.9977,37.29785],[126.99584,37.30018],[126.99132,37.29846],[126.98954,37.30157],[126.9875,37.302],[126.98449,37.30148],[126.98251,37.30421],[126.98168,37.30976],[126.98508,37.31133],[126.98675,37.31172],[126.9884,37.30896],[126.99239,37.30619],[126.99583,37.3055],[126.99813,37.30048]]]}},{"type":"Feature","properties":{"adm_cd2":"4111157200","adm_nm":"경기도 수원시장안구 정자2동","sggnm":"수원시장안구"},"geometry":{"type":"Polygon","coordinates":[[[127.01096,37.29323],[126.99054,37.2862],[126.98842,37.28958],[126.98794,37.28982],[126.98613,37.28941],[126.98721,37.29009],[126.98801,37.29215],[126.99392,37.2944],[126.9978,37.29798],[126.99914,37.29681],[127.00169,37.29618],[127.00935,37.29537],[127.01096,37.29323]]]}},{"type":"Feature","properties":{"adm_cd2":"4111158000","adm_nm":"경기도 수원시장안구 영화동","sggnm":"수원시장안구"},"geometry":{"type":"Polygon","coordinates":[[[127.01481,37.28945],[127.01381,37.28904],[127.01282,37.28753],[127.00921,37.28552],[127.00609,37.28589],[127.00064,37.28978],[127.01927,37.29619],[127.02478,37.29732],[127.02552,37.29783],[127.02659,37.29733],[127.02047,37.29072],[127.01789,37.28853],[127.01761,37.28783],[127.01481,37.28945]]]}},{"type":"Feature","properties":{"adm_cd2":"4111159100","adm_nm":"경기도 수원시장안구 송죽동","sggnm":"수원시장안구"},"geometry":{"type":"Polygon","coordinates":[[[127.01282,37.31395],[127.00995,37.31176],[127.00779,37.31087],[127.00449,37.30605],[127.00432,37.3046],[127.00938,37.30148],[127.00689,37.29867],[127.00935,37.29537],[127.00169,37.29618],[126.99897,37.29692],[126.9978,37.29798],[126.99813,37.30048],[126.99709,37.30314],[126.99954,37.30578],[127.00255,37.31036],[127.00212,37.31227],[127.00237,37.31263],[127.00799,37.31875],[127.01146,37.31858],[127.01278,37.31653],[127.01282,37.31395]]]}},{"type":"Feature","properties":{"adm_cd2":"4111159700","adm_nm":"경기도 수원시장안구 조원1동","sggnm":"수원시장안구"},"geometry":{"type":"Polygon","coordinates":[[[127.02478,37.29732],[127.01927,37.29619],[127.01096,37.29323],[127.00689,37.29867],[127.01394,37.3063],[127.01546,37.30626],[127.01824,37.30689],[127.02316,37.30679],[127.02403,37.30747],[127.02452,37.30701],[127.02464,37.30553],[127.02401,37.3034],[127.02446,37.30007],[127.02552,37.29783],[127.02478,37.29732]]]}},{"type":"Feature","properties":{"adm_cd2":"4111160000","adm_nm":"경기도 수원시장안구 연무동","sggnm":"수원시장안구"},"geometry":{"type":"Polygon","coordinates":[[[127.03207,37.34238],[127.03152,37.33922],[127.03153,37.337],[127.03486,37.33429],[127.03602,37.33239],[127.03595,37.331],[127.03686,37.32944],[127.03763,37.32865],[127.03827,37.3285],[127.03718,37.32728],[127.03726,37.32637],[127.03992,37.32134],[127.03889,37.32083],[127.03807,37.31616],[127.03423,37.31377],[127.03231,37.30964],[127.03323,37.30802],[127.03333,37.30704],[127.03258,37.29875],[127.03274,37.29796],[127.03387,37.29691],[127.0345,37.29542],[127.03456,37.29369],[127.03302,37.2926],[127.03069,37.29237],[127.02652,37.29129],[127.0251,37.28951],[127.02377,37.28926],[127.02252,37.28807],[127.02049,37.28728],[127.0187,37.28715],[127.01761,37.28783],[127.01777,37.2884],[127.02047,37.29072],[127.02659,37.29733],[127.02552,37.29783],[127.02446,37.30007],[127.02401,37.3034],[127.02464,37.30553],[127.02452,37.30701],[127.01707,37.31409],[127.01278,37.31653],[127.01146,37.31858],[127.00799,37.31875],[127.00599,37.32123],[127.00544,37.3238],[127.00408,37.32548],[127.00274,37.3263],[127.00235,37.32689],[127.00268,37.3282],[127.00332,37.3296],[127.00642,37.33236],[127.00706,37.33499],[127.0061,37.33811],[127.00653,37.33862],[127.0091,37.33879],[127.00913,37.33963],[127.0099,37.34028],[127.01094,37.34322],[127.01262,37.34513],[127.0127,37.34688],[127.01331,37.34783],[127.01461,37.34915],[127.01851,37.35044],[127.01881,37.35156],[127.02508,37.34854],[127.02631,37.34862],[127.02878,37.34758],[127.03344,37.34471],[127.03207,37.34238]]]}},{"type":"Feature","properties":{"adm_cd2":"4111157300","adm_nm":"경기도 수원시장안구 정자3동","sggnm":"수원시장안구"},"geometry":{"type":"Polygon","coordinates":[[[126.99392,37.2944],[126.98801,37.29215],[126.98721,37.29009],[126.98613,37.28941],[126.97743,37.29903],[126.9746,37.30004],[126.9727,37.30028],[126.97304,37.30304],[126.97274,37.30552],[126.97391,37.30511],[126.97634,37.30569],[126.98219,37.30619],[126.98266,37.30385],[126.98449,37.30148],[126.9875,37.302],[126.98954,37.30157],[126.99132,37.29846],[126.99584,37.30018],[126.9977,37.29785],[126.99392,37.2944]]]}},{"type":"Feature","properties":{"adm_cd2":"4111159800","adm_nm":"경기도 수원시장안구 조원2동","sggnm":"수원시장안구"},"geometry":{"type":"Polygon","coordinates":[[[127.02316,37.30679],[127.01824,37.30689],[127.01546,37.30626],[127.01394,37.3063],[127.00938,37.30148],[127.00432,37.3046],[127.00465,37.30646],[127.00779,37.31087],[127.00995,37.31176],[127.01282,37.31395],[127.01278,37.31653],[127.01707,37.31409],[127.02403,37.30747],[127.02316,37.30679]]]}},{"type":"Feature","properties":{"adm_cd2":"4111352000","adm_nm":"경기도 수원시권선구 세류1동","sggnm":"수원시권선구"},"geometry":{"type":"Polygon","coordinates":[[[127.00842,37.25951],[127.00762,37.25605],[127.00352,37.25431],[126.99814,37.25353],[126.99874,37.25561],[127.00364,37.25952],[127.00102,37.2634],[127.00191,37.26415],[127.00719,37.2636],[127.00981,37.26765],[127.01219,37.2663],[127.00842,37.25951]]]}},{"type":"Feature","properties":{"adm_cd2":"4111353000","adm_nm":"경기도 수원시권선구 세류2동","sggnm":"수원시권선구"},"geometry":{"type":"Polygon","coordinates":[[[127.01771,37.24795],[127.01767,37.24597],[127.01569,37.23937],[127.016,37.23783],[127.01561,37.23712],[127.01286,37.23612],[127.00965,37.23656],[127.00301,37.23284],[127.00294,37.23051],[127.00368,37.22929],[126.99758,37.23023],[126.99751,37.2375],[126.99813,37.2375],[127.00081,37.24357],[127.0005,37.24676],[126.99869,37.24918],[126.99844,37.25357],[127.00352,37.25431],[127.00715,37.2557],[127.00782,37.25637],[127.00842,37.25951],[127.01221,37.25872],[127.01127,37.25694],[127.01129,37.25608],[127.01527,37.25602],[127.01476,37.25507],[127.02026,37.25313],[127.01771,37.24795]]]}},{"type":"Feature","properties":{"adm_cd2":"4111354000","adm_nm":"경기도 수원시권선구 세류3동","sggnm":"수원시권선구"},"geometry":{"type":"Polygon","coordinates":[[[127.01704,37.25743],[127.0219,37.25625],[127.02026,37.25313],[127.01476,37.25507],[127.01527,37.25602],[127.01129,37.25608],[127.01127,37.25694],[127.01221,37.25872],[127.00842,37.25951],[127.01219,37.2663],[127.01358,37.2645],[127.01507,37.26426],[127.01674,37.26469],[127.02068,37.2645],[127.01704,37.25743]]]}},{"type":"Feature","properties":{"adm_cd2":"4111355000","adm_nm":"경기도 수원시권선구 평동","sggnm":"수원시권선구"},"geometry":{"type":"Polygon","coordinates":[[[127.00364,37.25952],[126.99874,37.25561],[126.99814,37.25353],[126.99844,37.25357],[126.99869,37.24918],[127.0005,37.24676],[127.00081,37.24357],[126.99813,37.2375],[126.99751,37.2375],[126.99758,37.23023],[126.99265,37.23085],[126.99039,37.23263],[126.98812,37.23359],[126.98572,37.23264],[126.98036,37.23224],[126.97991,37.23104],[126.97822,37.22957],[126.97282,37.22872],[126.97039,37.2292],[126.96925,37.23067],[126.9677,37.23484],[126.96695,37.23563],[126.96299,37.23752],[126.96095,37.23811],[126.95776,37.23976],[126.95735,37.2404],[126.95799,37.24127],[126.95796,37.2426],[126.95619,37.24677],[126.95337,37.24813],[126.95272,37.24909],[126.95224,37.25147],[126.95315,37.25293],[126.96074,37.25358],[126.96548,37.25735],[126.96733,37.25834],[126.96736,37.25643],[126.96866,37.25588],[126.97375,37.25662],[126.97338,37.25962],[126.97762,37.25855],[126.98363,37.25803],[126.99592,37.26176],[126.99904,37.26294],[127.00039,37.26418],[127.00364,37.25952]]]}},{"type":"Feature","properties":{"adm_cd2":"4111356000","adm_nm":"경기도 수원시권선구 서둔동","sggnm":"수원시권선구"},"geometry":{"type":"Polygon","coordinates":[[[126.99743,37.2699],[126.99867,37.26619],[127.00005,37.26414],[127.00039,37.26418],[126.99904,37.26294],[126.98363,37.25803],[126.97762,37.25855],[126.97338,37.25962],[126.97375,37.25662],[126.96866,37.25588],[126.96736,37.25643],[126.96751,37.25936],[126.96906,37.26067],[126.97047,37.26108],[126.97065,37.2628],[126.97008,37.26451],[126.96773,37.26794],[126.96385,37.27191],[126.96211,37.27316],[126.97964,37.27619],[126.97842,37.27737],[126.97851,37.28286],[126.98386,37.28425],[126.98612,37.28282],[126.98661,37.28211],[126.98664,37.27942],[126.98568,37.27747],[126.98587,37.27494],[126.98693,37.27476],[126.99314,37.27737],[126.99743,37.2699]]]}},{"type":"Feature","properties":{"adm_cd2":"4111365000","adm_nm":"경기도 수원시권선구 구운동","sggnm":"수원시권선구"},"geometry":{"type":"Polygon","coordinates":[[[126.96958,37.28662],[126.97428,37.28552],[126.97877,37.28657],[126.98134,37.28352],[126.97851,37.28286],[126.97842,37.27737],[126.97964,37.27619],[126.96211,37.27316],[126.95938,37.27979],[126.96091,37.28021],[126.96177,37.28187],[126.96506,37.28337],[126.96478,37.28448],[126.96368,37.28621],[126.96311,37.28878],[126.96406,37.28878],[126.96655,37.28767],[126.96973,37.28777],[126.96958,37.28662]]]}},{"type":"Feature","properties":{"adm_cd2":"4111366400","adm_nm":"경기도 수원시권선구 호매실동","sggnm":"수원시권선구"},"geometry":{"type":"Polygon","coordinates":[[[126.96385,37.27191],[126.96773,37.26794],[126.97008,37.26451],[126.97065,37.2628],[126.97047,37.26108],[126.96906,37.26067],[126.96751,37.25936],[126.96744,37.25836],[126.96548,37.25735],[126.96074,37.25358],[126.95315,37.25293],[126.95224,37.25147],[126.95071,37.25237],[126.94998,37.25382],[126.95005,37.25584],[126.94853,37.25683],[126.94653,37.2575],[126.94359,37.25684],[126.9395,37.25659],[126.93513,37.25692],[126.93478,37.25788],[126.932,37.26056],[126.93085,37.26104],[126.93706,37.26321],[126.93785,37.26487],[126.93876,37.26575],[126.93859,37.26638],[126.93993,37.2676],[126.94169,37.27046],[126.9429,37.2712],[126.94532,37.27134],[126.94623,37.27046],[126.9484,37.27065],[126.95188,37.26909],[126.95291,37.26912],[126.95293,37.26876],[126.95604,37.26879],[126.95903,37.27045],[126.96026,37.272],[126.96211,37.27316],[126.96385,37.27191]]]}},{"type":"Feature","properties":{"adm_cd2":"4111369000","adm_nm":"경기도 수원시권선구 곡선동","sggnm":"수원시권선구"},"geometry":{"type":"Polygon","coordinates":[[[127.04124,37.24981],[127.03956,37.247],[127.03961,37.24614],[127.04031,37.24465],[127.03714,37.2405],[127.0367,37.2384],[127.02964,37.23201],[127.0229,37.22951],[127.02396,37.22718],[127.02263,37.2249],[127.02199,37.22446],[127.02137,37.22424],[127.0136,37.22688],[127.00987,37.22731],[127.00368,37.22929],[127.00318,37.22986],[127.00301,37.23284],[127.00965,37.23656],[127.01286,37.23612],[127.01561,37.23712],[127.016,37.23783],[127.01934,37.23785],[127.02129,37.23387],[127.02345,37.235],[127.02567,37.23638],[127.02719,37.23794],[127.03245,37.24678],[127.03507,37.25287],[127.03695,37.25239],[127.03947,37.25417],[127.04039,37.25245],[127.04254,37.25116],[127.04124,37.24981]]]}},{"type":"Feature","properties":{"adm_cd2":"4111370000","adm_nm":"경기도 수원시권선구 입북동","sggnm":"수원시권선구"},"geometry":{"type":"Polygon","coordinates":[[[126.96424,37.30272],[126.96444,37.30167],[126.96372,37.30044],[126.96367,37.29874],[126.96495,37.29679],[126.9655,37.29667],[126.96807,37.29426],[126.9698,37.28869],[126.96973,37.28777],[126.96655,37.28767],[126.96406,37.28878],[126.96311,37.28878],[126.96368,37.28621],[126.96478,37.28448],[126.96506,37.28337],[126.96177,37.28187],[126.96091,37.28021],[126.96004,37.28009],[126.95281,37.28297],[126.94917,37.28264],[126.9468,37.28179],[126.94403,37.28143],[126.94131,37.28156],[126.94048,37.27967],[126.9423,37.27742],[126.9414,37.27712],[126.93409,37.27742],[126.93309,37.27806],[126.9274,37.27885],[126.92808,37.28234],[126.92929,37.28602],[126.93139,37.28842],[126.93298,37.29163],[126.93955,37.29532],[126.93934,37.29692],[126.93547,37.29803],[126.93259,37.30076],[126.93276,37.30297],[126.93475,37.30307],[126.94159,37.30102],[126.95174,37.30065],[126.95229,37.30065],[126.95291,37.30213],[126.9543,37.30314],[126.96108,37.30197],[126.96424,37.30272]]]}},{"type":"Feature","properties":{"adm_cd2":"4111366200","adm_nm":"경기도 수원시권선구 금곡동","sggnm":"수원시권선구"},"geometry":{"type":"Polygon","coordinates":[[[126.95938,37.27979],[126.96211,37.27316],[126.96026,37.272],[126.95903,37.27045],[126.95604,37.26879],[126.95293,37.26876],[126.95291,37.26912],[126.95188,37.26909],[126.9484,37.27065],[126.94623,37.27046],[126.94532,37.27134],[126.9429,37.2712],[126.94169,37.27046],[126.93993,37.2676],[126.93859,37.26638],[126.93876,37.26575],[126.93785,37.26487],[126.93706,37.26321],[126.93085,37.26104],[126.92901,37.26366],[126.92726,37.27143],[126.92753,37.27345],[126.92868,37.27672],[126.92802,37.27708],[126.9274,37.27885],[126.93309,37.27806],[126.93409,37.27742],[126.9414,37.27712],[126.9423,37.27742],[126.94048,37.27967],[126.94131,37.28156],[126.94403,37.28143],[126.9468,37.28179],[126.94917,37.28264],[126.95281,37.28297],[126.96004,37.28009],[126.95938,37.27979]]]}},{"type":"Feature","properties":{"adm_cd2":"4111368000","adm_nm":"경기도 수원시권선구 권선2동","sggnm":"수원시권선구"},"geometry":{"type":"Polygon","coordinates":[[[127.03157,37.24524],[127.02719,37.23794],[127.02567,37.23638],[127.02129,37.23387],[127.01934,37.23785],[127.016,37.23783],[127.01569,37.23937],[127.01767,37.24597],[127.01771,37.24795],[127.0219,37.25625],[127.03507,37.25287],[127.03157,37.24524]]]}},{"type":"Feature","properties":{"adm_cd2":"4111570000","adm_nm":"경기도 수원시팔달구 지동","sggnm":"수원시팔달구"},"geometry":{"type":"Polygon","coordinates":[[[127.02947,37.28213],[127.03115,37.27819],[127.02914,37.27816],[127.02666,37.27665],[127.02202,37.27533],[127.01974,37.27526],[127.01879,37.27815],[127.02325,37.28354],[127.02433,37.28536],[127.02526,37.28742],[127.02466,37.28952],[127.0251,37.28951],[127.02947,37.28213]]]}},{"type":"Feature","properties":{"adm_cd2":"4111571000","adm_nm":"경기도 수원시팔달구 우만1동","sggnm":"수원시팔달구"},"geometry":{"type":"Polygon","coordinates":[[[127.03841,37.28374],[127.0366,37.28388],[127.03362,37.28311],[127.03169,37.27814],[127.03115,37.27819],[127.02947,37.28213],[127.0251,37.28951],[127.02609,37.29097],[127.02718,37.29155],[127.03302,37.2926],[127.03393,37.2932],[127.03573,37.29337],[127.03826,37.29299],[127.04322,37.29037],[127.04295,37.28936],[127.03885,37.28565],[127.03841,37.28374]]]}},{"type":"Feature","properties":{"adm_cd2":"4111572000","adm_nm":"경기도 수원시팔달구 우만2동","sggnm":"수원시팔달구"},"geometry":{"type":"Polygon","coordinates":[[[127.04173,37.28406],[127.04376,37.27915],[127.04405,37.27471],[127.03581,37.27724],[127.03169,37.27814],[127.03362,37.28311],[127.0366,37.28388],[127.03841,37.28374],[127.03881,37.2848],[127.04062,37.28572],[127.04338,37.28587],[127.04407,37.28543],[127.04173,37.28406]]]}},{"type":"Feature","properties":{"adm_cd2":"4111573000","adm_nm":"경기도 수원시팔달구 인계동","sggnm":"수원시팔달구"},"geometry":{"type":"Polygon","coordinates":[[[127.03367,37.27783],[127.04036,37.27587],[127.04019,37.27544],[127.03699,37.27507],[127.03833,37.26946],[127.03479,37.26794],[127.03587,37.26639],[127.04041,37.26528],[127.03667,37.25652],[127.03046,37.2582],[127.03159,37.26106],[127.03135,37.26154],[127.02068,37.2645],[127.01915,37.26614],[127.01879,37.26813],[127.01887,37.27032],[127.01821,37.27225],[127.01974,37.27526],[127.02202,37.27533],[127.02666,37.27665],[127.02914,37.27816],[127.03367,37.27783]]]}},{"type":"Feature","properties":{"adm_cd2":"4111565000","adm_nm":"경기도 수원시팔달구 매교동","sggnm":"수원시팔달구"},"geometry":{"type":"Polygon","coordinates":[[[127.01887,37.27032],[127.01879,37.26813],[127.01915,37.26614],[127.02068,37.2645],[127.01674,37.26469],[127.01507,37.26426],[127.01358,37.2645],[127.01219,37.2663],[127.00981,37.26765],[127.0115,37.27113],[127.01178,37.27385],[127.01563,37.27462],[127.01607,37.27264],[127.01707,37.27147],[127.01753,37.27115],[127.01821,37.27225],[127.01887,37.27032]]]}},{"type":"Feature","properties":{"adm_cd2":"4111566000","adm_nm":"경기도 수원시팔달구 매산동","sggnm":"수원시팔달구"},"geometry":{"type":"Polygon","coordinates":[[[127.01125,37.2704],[127.0096,37.26699],[127.00719,37.2636],[127.00191,37.26415],[127.00102,37.2634],[127.00039,37.26418],[127.00005,37.26414],[126.99867,37.26619],[126.99743,37.2699],[126.99853,37.26967],[127.00039,37.27041],[127.00434,37.26966],[127.0045,37.26941],[127.00777,37.27072],[127.00875,37.27239],[127.00779,37.2734],[127.00824,37.27627],[127.0101,37.27623],[127.01077,37.27689],[127.01071,37.27759],[127.01198,37.27639],[127.01125,37.2704]]]}},{"type":"Feature","properties":{"adm_cd2":"4111567000","adm_nm":"경기도 수원시팔달구 고등동","sggnm":"수원시팔달구"},"geometry":{"type":"Polygon","coordinates":[[[127.01077,37.27689],[127.0101,37.27623],[127.00824,37.27627],[127.00779,37.2734],[127.00875,37.27239],[127.00777,37.27072],[127.0045,37.26941],[127.00434,37.26966],[127.00039,37.27041],[126.99853,37.26967],[126.99743,37.2699],[126.99539,37.27362],[126.99663,37.27606],[126.99797,37.27659],[127.00154,37.27723],[127.00327,37.27722],[127.00436,37.2788],[127.00806,37.27969],[127.00993,37.27935],[127.01077,37.27689]]]}},{"type":"Feature","properties":{"adm_cd2":"4111568000","adm_nm":"경기도 수원시팔달구 화서1동","sggnm":"수원시팔달구"},"geometry":{"type":"Polygon","coordinates":[[[127.00821,37.28432],[127.00816,37.28377],[127.00988,37.28111],[127.00993,37.27935],[127.00806,37.27969],[127.00436,37.2788],[127.00327,37.27722],[127.00154,37.27723],[126.9979,37.27656],[126.99663,37.27606],[126.99539,37.27362],[126.99314,37.27737],[126.99237,37.27943],[126.99268,37.28021],[126.99719,37.28291],[127.00031,37.28213],[127.0027,37.28301],[127.00502,37.28453],[127.00526,37.2866],[127.00609,37.28589],[127.00921,37.28552],[127.00821,37.28432]]]}},{"type":"Feature","properties":{"adm_cd2":"4111569000","adm_nm":"경기도 수원시팔달구 화서2동","sggnm":"수원시팔달구"},"geometry":{"type":"Polygon","coordinates":[[[126.98794,37.28982],[126.98842,37.28958],[126.99054,37.2862],[127.00064,37.28978],[127.00526,37.2866],[127.00517,37.285],[127.00485,37.2844],[127.00075,37.28214],[126.99719,37.28291],[126.99268,37.28021],[126.99237,37.27943],[126.99314,37.27737],[126.98693,37.27476],[126.98634,37.2748],[126.98587,37.27494],[126.98568,37.27747],[126.98664,37.27942],[126.98655,37.28229],[126.98386,37.28425],[126.98134,37.28352],[126.97759,37.28843],[126.98367,37.2908],[126.98437,37.29134],[126.98613,37.28941],[126.98794,37.28982]]]}},{"type":"Feature","properties":{"adm_cd2":"4111574000","adm_nm":"경기도 수원시팔달구 행궁동","sggnm":"수원시팔달구"},"geometry":{"type":"Polygon","coordinates":[[[127.01753,37.27115],[127.01607,37.27264],[127.01563,37.27462],[127.01178,37.27385],[127.01198,37.27639],[127.01071,37.27759],[127.00993,37.27935],[127.00988,37.28111],[127.00878,37.28247],[127.00816,37.28377],[127.00821,37.28432],[127.00921,37.28552],[127.01282,37.28753],[127.01381,37.28904],[127.01481,37.28945],[127.0187,37.28715],[127.02148,37.28758],[127.02252,37.28807],[127.02377,37.28926],[127.02466,37.28952],[127.02526,37.28742],[127.02433,37.28536],[127.02325,37.28354],[127.01879,37.27815],[127.01974,37.27526],[127.01753,37.27115]]]}},{"type":"Feature","properties":{"adm_cd2":"4111751000","adm_nm":"경기도 수원시영통구 매탄1동","sggnm":"수원시영통구"},"geometry":{"type":"Polygon","coordinates":[[[127.04799,37.27352],[127.04335,37.27149],[127.04041,37.26528],[127.03587,37.26639],[127.03479,37.26794],[127.03833,37.26946],[127.03699,37.27507],[127.04019,37.27544],[127.04036,37.27587],[127.04799,37.27352]]]}},{"type":"Feature","properties":{"adm_cd2":"4111752000","adm_nm":"경기도 수원시영통구 매탄2동","sggnm":"수원시영통구"},"geometry":{"type":"Polygon","coordinates":[[[127.04929,37.26866],[127.0428,37.27049],[127.04335,37.27149],[127.04799,37.27352],[127.05288,37.27319],[127.05836,37.27117],[127.05831,37.26864],[127.05542,37.26715],[127.04929,37.26866]]]}},{"type":"Feature","properties":{"adm_cd2":"4111753000","adm_nm":"경기도 수원시영통구 매탄3동","sggnm":"수원시영통구"},"geometry":{"type":"Polygon","coordinates":[[[127.06066,37.26245],[127.06009,37.25775],[127.06196,37.25715],[127.063,37.25727],[127.06475,37.25618],[127.06163,37.25296],[127.06,37.25226],[127.05974,37.25262],[127.05928,37.25202],[127.05805,37.25238],[127.05742,37.25221],[127.05825,37.25108],[127.05616,37.2503],[127.05638,37.24908],[127.05322,37.24859],[127.05042,37.24937],[127.04973,37.24827],[127.04796,37.24843],[127.04823,37.24971],[127.04748,37.25021],[127.04691,37.24922],[127.04652,37.24939],[127.04686,37.25039],[127.04585,37.25098],[127.04262,37.24675],[127.04109,37.24737],[127.04043,37.247],[127.041,37.24443],[127.04054,37.24342],[127.04,37.24327],[127.03968,37.2435],[127.04031,37.24503],[127.03961,37.24614],[127.03956,37.247],[127.04124,37.24981],[127.04254,37.25116],[127.04039,37.25245],[127.03947,37.25417],[127.03667,37.25652],[127.04041,37.26528],[127.04952,37.26308],[127.05141,37.26552],[127.05199,37.26569],[127.05967,37.26171],[127.06155,37.2645],[127.06066,37.26245]]]}},{"type":"Feature","properties":{"adm_cd2":"4111754000","adm_nm":"경기도 수원시영통구 매탄4동","sggnm":"수원시영통구"},"geometry":{"type":"Polygon","coordinates":[[[127.05905,37.26613],[127.06155,37.2645],[127.05967,37.26171],[127.05199,37.26569],[127.05141,37.26552],[127.04952,37.26308],[127.04041,37.26528],[127.0428,37.27049],[127.05905,37.26613]]]}},{"type":"Feature","properties":{"adm_cd2":"4111757000","adm_nm":"경기도 수원시영통구 영통1동","sggnm":"수원시영통구"},"geometry":{"type":"Polygon","coordinates":[[[127.08244,37.25445],[127.08077,37.25462],[127.08006,37.25319],[127.07271,37.25758],[127.07004,37.25715],[127.06579,37.25711],[127.06523,37.25831],[127.06767,37.25948],[127.07059,37.26298],[127.07086,37.26367],[127.07089,37.26655],[127.0736,37.26611],[127.07489,37.26451],[127.07521,37.26235],[127.0759,37.26151],[127.0769,37.26139],[127.07759,37.26244],[127.07763,37.26353],[127.07599,37.26573],[127.07761,37.2657],[127.07751,37.26698],[127.07905,37.26731],[127.08553,37.27051],[127.0862,37.26477],[127.08415,37.26245],[127.08284,37.26215],[127.08122,37.26059],[127.08105,37.25997],[127.08105,37.2585],[127.08378,37.25847],[127.0847,37.25661],[127.08336,37.25474],[127.08244,37.25445]]]}},{"type":"Feature","properties":{"adm_cd2":"4111758000","adm_nm":"경기도 수원시영통구 영통2동","sggnm":"수원시영통구"},"geometry":{"type":"Polygon","coordinates":[[[127.06517,37.24504],[127.06442,37.24375],[127.05807,37.24437],[127.05688,37.24566],[127.05011,37.24565],[127.04197,37.2451],[127.04262,37.24675],[127.04585,37.25098],[127.04686,37.25039],[127.04652,37.24939],[127.04691,37.24922],[127.04748,37.25021],[127.04823,37.24971],[127.04796,37.24843],[127.04973,37.24827],[127.05042,37.24937],[127.05322,37.24859],[127.05638,37.24908],[127.05616,37.2503],[127.05825,37.25108],[127.05742,37.25221],[127.05805,37.25238],[127.05928,37.25202],[127.05974,37.25262],[127.06,37.25226],[127.06163,37.25296],[127.06088,37.25218],[127.06804,37.24803],[127.06517,37.24504]]]}},{"type":"Feature","properties":{"adm_cd2":"4111759300","adm_nm":"경기도 수원시영통구 망포1동","sggnm":"수원시영통구"},"geometry":{"type":"Polygon","coordinates":[[[127.05194,37.23452],[127.05192,37.23911],[127.05601,37.23922],[127.05529,37.24264],[127.05552,37.24366],[127.05688,37.24566],[127.05807,37.24437],[127.06418,37.24375],[127.06621,37.24388],[127.06598,37.24105],[127.06688,37.24122],[127.06709,37.24037],[127.065,37.24004],[127.0644,37.23927],[127.06326,37.23917],[127.06005,37.23626],[127.05942,37.23516],[127.05827,37.23413],[127.05256,37.23106],[127.05257,37.23148],[127.05383,37.23232],[127.05362,37.23344],[127.05166,37.23431],[127.05194,37.23452]]]}},{"type":"Feature","properties":{"adm_cd2":"4111755000","adm_nm":"경기도 수원시영통구 원천동","sggnm":"수원시영통구"},"geometry":{"type":"Polygon","coordinates":[[[127.05464,37.2823],[127.05734,37.28431],[127.05911,37.28268],[127.06055,37.27545],[127.06637,37.27419],[127.06766,37.27443],[127.06806,37.27561],[127.06793,37.27447],[127.06693,37.27394],[127.06466,37.27111],[127.06478,37.27044],[127.06848,37.26868],[127.06995,37.26673],[127.07089,37.26655],[127.07086,37.26367],[127.07059,37.26298],[127.06767,37.25948],[127.06266,37.25717],[127.06009,37.25775],[127.06066,37.26245],[127.06155,37.2645],[127.05905,37.26613],[127.05542,37.26715],[127.05831,37.26864],[127.05836,37.27117],[127.05288,37.27319],[127.04799,37.27352],[127.04405,37.27471],[127.04376,37.27915],[127.04178,37.28413],[127.0448,37.28574],[127.04536,37.28716],[127.04649,37.28701],[127.04835,37.28562],[127.05006,37.28281],[127.05004,37.28126],[127.05069,37.28109],[127.05107,37.28042],[127.05233,37.28057],[127.05282,37.28203],[127.05351,37.28279],[127.05464,37.2823]]]}},{"type":"Feature","properties":{"adm_cd2":"4111760000","adm_nm":"경기도 수원시영통구 광교1동","sggnm":"수원시영통구"},"geometry":{"type":"Polygon","coordinates":[[[127.05819,37.30485],[127.06081,37.3041],[127.06104,37.30321],[127.06089,37.30139],[127.06009,37.29946],[127.06059,37.29658],[127.06186,37.29636],[127.06504,37.29181],[127.06276,37.29065],[127.05574,37.28479],[127.05351,37.28282],[127.05282,37.28203],[127.05233,37.28057],[127.05191,37.28042],[127.05107,37.28042],[127.05069,37.28109],[127.05004,37.28126],[127.05006,37.28281],[127.0494,37.28427],[127.04835,37.28562],[127.04649,37.28701],[127.04536,37.28716],[127.0448,37.28574],[127.04407,37.28543],[127.04338,37.28587],[127.04079,37.28575],[127.03881,37.2848],[127.03885,37.28565],[127.04295,37.28936],[127.04322,37.29037],[127.03826,37.29299],[127.03573,37.29337],[127.03393,37.2932],[127.03456,37.29369],[127.0345,37.29542],[127.03387,37.29691],[127.03274,37.29796],[127.03258,37.29875],[127.03333,37.30704],[127.03323,37.30802],[127.03231,37.30964],[127.03423,37.31377],[127.03807,37.31616],[127.03889,37.32083],[127.03992,37.32134],[127.04067,37.32003],[127.04903,37.31592],[127.05207,37.31578],[127.05395,37.31609],[127.0577,37.31555],[127.05765,37.31441],[127.05811,37.31337],[127.06062,37.31094],[127.05819,37.30485]]]}},{"type":"Feature","properties":{"adm_cd2":"4111761000","adm_nm":"경기도 수원시영통구 광교2동","sggnm":"수원시영통구"},"geometry":{"type":"Polygon","coordinates":[[[127.08789,37.29028],[127.08877,37.28811],[127.08883,37.28697],[127.08652,37.28608],[127.08413,37.28632],[127.08168,37.28463],[127.07541,37.28224],[127.07042,37.2793],[127.06954,37.27874],[127.06928,37.2773],[127.06806,37.27561],[127.06766,37.27443],[127.06603,37.27422],[127.06055,37.27545],[127.05911,37.28268],[127.05734,37.28431],[127.05464,37.2823],[127.05351,37.28279],[127.06276,37.29065],[127.06504,37.29181],[127.06186,37.29636],[127.07934,37.29327],[127.0798,37.29535],[127.08054,37.29546],[127.08251,37.29698],[127.08559,37.29813],[127.08927,37.29764],[127.08988,37.29841],[127.09058,37.29714],[127.08831,37.29317],[127.08789,37.29028]]]}},{"type":"Feature","properties":{"adm_cd2":"4113151000","adm_nm":"경기도 성남시수정구 신흥1동","sggnm":"성남시수정구"},"geometry":{"type":"Polygon","coordinates":[[[127.14079,37.43742],[127.13762,37.43926],[127.13613,37.4422],[127.14246,37.44413],[127.14417,37.43975],[127.14458,37.43955],[127.14079,37.43742]]]}},{"type":"Feature","properties":{"adm_cd2":"4113152000","adm_nm":"경기도 성남시수정구 신흥2동","sggnm":"성남시수정구"},"geometry":{"type":"Polygon","coordinates":[[[127.14987,37.45599],[127.14932,37.45231],[127.15329,37.44946],[127.15439,37.44755],[127.15663,37.44529],[127.15731,37.44569],[127.15688,37.44505],[127.15225,37.44259],[127.14542,37.44627],[127.14365,37.44802],[127.14063,37.45186],[127.14015,37.45308],[127.14288,37.45623],[127.15048,37.4568],[127.14987,37.45599]]]}},{"type":"Feature","properties":{"adm_cd2":"4113153000","adm_nm":"경기도 성남시수정구 신흥3동","sggnm":"성남시수정구"},"geometry":{"type":"Polygon","coordinates":[[[127.14458,37.43955],[127.14417,37.43975],[127.14246,37.44413],[127.14542,37.44627],[127.15225,37.44259],[127.14458,37.43955]]]}},{"type":"Feature","properties":{"adm_cd2":"4113154000","adm_nm":"경기도 성남시수정구 태평1동","sggnm":"성남시수정구"},"geometry":{"type":"Polygon","coordinates":[[[127.12259,37.45129],[127.12819,37.44906],[127.13176,37.4409],[127.12726,37.43958],[127.12289,37.43955],[127.11826,37.44064],[127.11646,37.44498],[127.11678,37.45108],[127.1173,37.45281],[127.12019,37.4531],[127.12259,37.45129]]]}},{"type":"Feature","properties":{"adm_cd2":"4113155000","adm_nm":"경기도 성남시수정구 태평2동","sggnm":"성남시수정구"},"geometry":{"type":"Polygon","coordinates":[[[127.13715,37.45133],[127.14076,37.44361],[127.13613,37.4422],[127.13243,37.45026],[127.13291,37.45113],[127.13545,37.45294],[127.13742,37.45307],[127.13715,37.45133]]]}},{"type":"Feature","properties":{"adm_cd2":"4113156000","adm_nm":"경기도 성남시수정구 태평3동","sggnm":"성남시수정구"},"geometry":{"type":"Polygon","coordinates":[[[127.13176,37.4409],[127.12819,37.44906],[127.13243,37.45026],[127.13613,37.4422],[127.13176,37.4409]]]}},{"type":"Feature","properties":{"adm_cd2":"4113156100","adm_nm":"경기도 성남시수정구 태평4동","sggnm":"성남시수정구"},"geometry":{"type":"Polygon","coordinates":[[[127.14063,37.45186],[127.14365,37.44802],[127.14542,37.44627],[127.14246,37.44413],[127.14076,37.44361],[127.13715,37.45133],[127.13742,37.45307],[127.14015,37.45308],[127.14063,37.45186]]]}},{"type":"Feature","properties":{"adm_cd2":"4113157000","adm_nm":"경기도 성남시수정구 수진1동","sggnm":"성남시수정구"},"geometry":{"type":"Polygon","coordinates":[[[127.13681,37.43509],[127.13467,37.43466],[127.13176,37.4409],[127.13613,37.4422],[127.13762,37.43926],[127.14079,37.43742],[127.13681,37.43509]]]}},{"type":"Feature","properties":{"adm_cd2":"4113158000","adm_nm":"경기도 성남시수정구 수진2동","sggnm":"성남시수정구"},"geometry":{"type":"Polygon","coordinates":[[[127.12588,37.43304],[127.11839,37.43233],[127.11831,37.43619],[127.11876,37.43863],[127.11826,37.44064],[127.12289,37.43955],[127.12726,37.43958],[127.13176,37.4409],[127.13467,37.43466],[127.12588,37.43304]]]}},{"type":"Feature","properties":{"adm_cd2":"4113159000","adm_nm":"경기도 성남시수정구 단대동","sggnm":"성남시수정구"},"geometry":{"type":"Polygon","coordinates":[[[127.15731,37.44569],[127.15663,37.44529],[127.15439,37.44755],[127.15349,37.44923],[127.15261,37.44997],[127.15468,37.45126],[127.15514,37.45952],[127.15604,37.46045],[127.15528,37.46268],[127.15487,37.46311],[127.15384,37.46341],[127.16084,37.46432],[127.16,37.46292],[127.15798,37.46119],[127.15795,37.46063],[127.15879,37.45758],[127.16023,37.45625],[127.16085,37.45418],[127.15731,37.44569]]]}},{"type":"Feature","properties":{"adm_cd2":"4113160000","adm_nm":"경기도 성남시수정구 산성동","sggnm":"성남시수정구"},"geometry":{"type":"Polygon","coordinates":[[[127.15487,37.46311],[127.15528,37.46268],[127.15604,37.46045],[127.15514,37.45952],[127.15468,37.45126],[127.15261,37.44997],[127.14932,37.45231],[127.14987,37.45599],[127.15048,37.4568],[127.15067,37.45811],[127.1504,37.4594],[127.15075,37.46155],[127.15281,37.46328],[127.15384,37.46341],[127.15487,37.46311]]]}},{"type":"Feature","properties":{"adm_cd2":"4113161000","adm_nm":"경기도 성남시수정구 양지동","sggnm":"성남시수정구"},"geometry":{"type":"Polygon","coordinates":[[[127.16023,37.45625],[127.15879,37.45758],[127.15795,37.46063],[127.15798,37.46119],[127.16,37.46292],[127.16084,37.46432],[127.15966,37.46549],[127.16462,37.4691],[127.17074,37.46995],[127.1733,37.47143],[127.17596,37.4722],[127.17688,37.47157],[127.17369,37.46578],[127.1663,37.46067],[127.16085,37.45418],[127.16023,37.45625]]]}},{"type":"Feature","properties":{"adm_cd2":"4113162000","adm_nm":"경기도 성남시수정구 복정동","sggnm":"성남시수정구"},"geometry":{"type":"Polygon","coordinates":[[[127.12873,37.46791],[127.12987,37.46791],[127.13825,37.46439],[127.14719,37.4595],[127.14815,37.45885],[127.14951,37.45682],[127.14288,37.45623],[127.14015,37.45308],[127.13545,37.45294],[127.13291,37.45113],[127.13243,37.45026],[127.12819,37.44906],[127.12259,37.45129],[127.11866,37.45421],[127.1168,37.45696],[127.11699,37.46126],[127.11746,37.46217],[127.12383,37.4663],[127.12507,37.4689],[127.12577,37.46921],[127.12873,37.46791]]]}},{"type":"Feature","properties":{"adm_cd2":"4113163000","adm_nm":"경기도 성남시수정구 신촌동","sggnm":"성남시수정구"},"geometry":{"type":"Polygon","coordinates":[[[127.1168,37.45696],[127.11816,37.45476],[127.12019,37.4531],[127.1173,37.45281],[127.11678,37.45108],[127.11646,37.44498],[127.11826,37.44064],[127.1106,37.44268],[127.10257,37.44163],[127.10171,37.44135],[127.10069,37.4403],[127.09985,37.43996],[127.09788,37.44006],[127.09175,37.44189],[127.09025,37.44481],[127.08926,37.44514],[127.08799,37.44506],[127.08832,37.44864],[127.09082,37.45283],[127.09214,37.45362],[127.09428,37.45652],[127.09512,37.4583],[127.09463,37.45878],[127.09632,37.46143],[127.09685,37.45961],[127.09821,37.45879],[127.10056,37.45905],[127.1035,37.45963],[127.10448,37.46102],[127.10473,37.46215],[127.10631,37.46254],[127.1134,37.46107],[127.11288,37.46048],[127.11364,37.45974],[127.1156,37.4586],[127.11675,37.45859],[127.1168,37.45696]]]}},{"type":"Feature","properties":{"adm_cd2":"4113164000","adm_nm":"경기도 성남시수정구 고등동","sggnm":"성남시수정구"},"geometry":{"type":"Polygon","coordinates":[[[127.11876,37.43863],[127.11831,37.43619],[127.11839,37.43233],[127.11779,37.4222],[127.1144,37.4241],[127.11434,37.426],[127.11482,37.42651],[127.11471,37.42726],[127.11039,37.42855],[127.10655,37.42745],[127.10312,37.42785],[127.10213,37.42725],[127.10262,37.42322],[127.09534,37.42201],[127.08972,37.42174],[127.08945,37.4201],[127.08737,37.41839],[127.08384,37.42118],[127.08366,37.42195],[127.08512,37.42264],[127.08362,37.42396],[127.07917,37.42366],[127.07519,37.42238],[127.07273,37.4231],[127.06927,37.42134],[127.06418,37.41589],[127.06151,37.41475],[127.05565,37.41312],[127.04675,37.4136],[127.04168,37.41563],[127.04203,37.42263],[127.04163,37.42387],[127.04183,37.42691],[127.04592,37.42909],[127.04747,37.43087],[127.04987,37.43031],[127.05089,37.42965],[127.05459,37.42941],[127.05797,37.43013],[127.06316,37.42971],[127.06567,37.42901],[127.06675,37.43013],[127.06816,37.43058],[127.07046,37.43006],[127.07143,37.4352],[127.07263,37.43639],[127.07338,37.43934],[127.07197,37.44001],[127.07165,37.4418],[127.07242,37.44235],[127.07633,37.44227],[127.07734,37.44181],[127.08158,37.441],[127.08257,37.44146],[127.08394,37.44382],[127.08543,37.44494],[127.08926,37.44514],[127.09025,37.44481],[127.09175,37.44189],[127.09788,37.44006],[127.09985,37.43996],[127.10069,37.4403],[127.10171,37.44135],[127.10257,37.44163],[127.1106,37.44268],[127.11826,37.44064],[127.11876,37.43863]]]}},{"type":"Feature","properties":{"adm_cd2":"4113165000","adm_nm":"경기도 성남시수정구 시흥동","sggnm":"성남시수정구"},"geometry":{"type":"Polygon","coordinates":[[[127.11938,37.42114],[127.11998,37.41927],[127.11933,37.41741],[127.11796,37.41521],[127.11834,37.41123],[127.11665,37.40962],[127.11474,37.4085],[127.11246,37.40783],[127.10657,37.40765],[127.10256,37.40971],[127.10027,37.40878],[127.09955,37.40723],[127.09291,37.40509],[127.08937,37.40326],[127.08889,37.4029],[127.08899,37.40097],[127.08606,37.39922],[127.08401,37.39697],[127.07851,37.39911],[127.07653,37.39883],[127.07451,37.39787],[127.06764,37.39795],[127.06305,37.39866],[127.0607,37.39981],[127.05877,37.40119],[127.05587,37.40243],[127.04975,37.40365],[127.04494,37.40375],[127.0437,37.40421],[127.04305,37.40494],[127.0424,37.40696],[127.04279,37.40824],[127.0468,37.41084],[127.04705,37.41306],[127.04675,37.4136],[127.05565,37.41312],[127.06151,37.41475],[127.06418,37.41589],[127.06927,37.42134],[127.07273,37.4231],[127.07519,37.42238],[127.07917,37.42366],[127.08372,37.42393],[127.08512,37.42264],[127.08366,37.42195],[127.08384,37.42118],[127.08737,37.41839],[127.08945,37.4201],[127.08972,37.42174],[127.09534,37.42201],[127.10262,37.42322],[127.10213,37.42725],[127.10312,37.42785],[127.10655,37.42745],[127.11039,37.42855],[127.11471,37.42726],[127.11482,37.42651],[127.11434,37.426],[127.1144,37.4241],[127.11938,37.42114]]]}},{"type":"Feature","properties":{"adm_cd2":"4113351000","adm_nm":"경기도 성남시중원구 성남동","sggnm":"성남시중원구"},"geometry":{"type":"Polygon","coordinates":[[[127.14789,37.43472],[127.14848,37.4343],[127.14847,37.43351],[127.14812,37.4331],[127.14253,37.43062],[127.14009,37.42899],[127.13263,37.4289],[127.12939,37.42983],[127.12882,37.42269],[127.12532,37.4238],[127.12229,37.42575],[127.11985,37.42789],[127.11858,37.42742],[127.11793,37.42651],[127.11839,37.43233],[127.12588,37.43304],[127.13681,37.43509],[127.14451,37.43952],[127.14789,37.43472]]]}},{"type":"Feature","properties":{"adm_cd2":"4113353000","adm_nm":"경기도 성남시중원구 금광1동","sggnm":"성남시중원구"},"geometry":{"type":"Polygon","coordinates":[[[127.17533,37.44534],[127.173,37.44394],[127.16878,37.44229],[127.16703,37.44291],[127.16396,37.44174],[127.16256,37.44044],[127.15998,37.44115],[127.15688,37.44505],[127.1602,37.44477],[127.16513,37.44626],[127.17303,37.44791],[127.17261,37.44637],[127.17279,37.4462],[127.17543,37.44576],[127.17533,37.44534]]]}},{"type":"Feature","properties":{"adm_cd2":"4113354000","adm_nm":"경기도 성남시중원구 금광2동","sggnm":"성남시중원구"},"geometry":{"type":"Polygon","coordinates":[[[127.17279,37.4462],[127.17261,37.44637],[127.17303,37.44791],[127.16513,37.44626],[127.1602,37.44477],[127.15695,37.44513],[127.15962,37.45079],[127.16085,37.45418],[127.16266,37.45319],[127.16142,37.45033],[127.16222,37.45013],[127.17124,37.45207],[127.17278,37.45342],[127.17232,37.45411],[127.17435,37.45376],[127.17854,37.45447],[127.17858,37.45227],[127.17723,37.44801],[127.17543,37.44576],[127.17279,37.4462]]]}},{"type":"Feature","properties":{"adm_cd2":"4113356000","adm_nm":"경기도 성남시중원구 은행2동","sggnm":"성남시중원구"},"geometry":{"type":"Polygon","coordinates":[[[127.18097,37.47179],[127.18144,37.47096],[127.18203,37.46789],[127.18153,37.46072],[127.18216,37.45973],[127.18445,37.45876],[127.18308,37.45716],[127.17854,37.45447],[127.17435,37.45376],[127.16954,37.45433],[127.16266,37.45319],[127.16085,37.45418],[127.1663,37.46067],[127.174,37.46611],[127.17691,37.47133],[127.17596,37.4722],[127.1763,37.47256],[127.17781,37.47342],[127.18004,37.47376],[127.18105,37.47329],[127.18097,37.47179]]]}},{"type":"Feature","properties":{"adm_cd2":"4113357000","adm_nm":"경기도 성남시중원구 상대원1동","sggnm":"성남시중원구"},"geometry":{"type":"Polygon","coordinates":[[[127.1959,37.44363],[127.19425,37.44085],[127.19366,37.43916],[127.1938,37.43354],[127.19439,37.43277],[127.19193,37.43232],[127.19097,37.43287],[127.18901,37.43225],[127.18279,37.4287],[127.18219,37.4275],[127.1812,37.4268],[127.17975,37.42633],[127.17509,37.42606],[127.17479,37.42649],[127.1704,37.42685],[127.16976,37.4262],[127.16897,37.42607],[127.16663,37.42712],[127.16589,37.42775],[127.1613,37.42771],[127.15884,37.42839],[127.15944,37.42849],[127.16112,37.43071],[127.15991,37.43352],[127.15887,37.43427],[127.16034,37.43476],[127.1609,37.43681],[127.16149,37.43737],[127.16432,37.43731],[127.16878,37.44229],[127.173,37.44394],[127.17533,37.44534],[127.17723,37.44801],[127.17858,37.45227],[127.17854,37.45447],[127.18245,37.45664],[127.18445,37.45876],[127.18961,37.45816],[127.19099,37.45735],[127.19237,37.45534],[127.19359,37.45258],[127.1959,37.44363]]]}},{"type":"Feature","properties":{"adm_cd2":"4113358000","adm_nm":"경기도 성남시중원구 상대원2동","sggnm":"성남시중원구"},"geometry":{"type":"Polygon","coordinates":[[[127.15813,37.43634],[127.15826,37.43493],[127.15991,37.43352],[127.16112,37.43071],[127.15944,37.42849],[127.15884,37.42839],[127.15804,37.43279],[127.15373,37.43625],[127.15292,37.43635],[127.15278,37.43797],[127.15318,37.43864],[127.15894,37.4399],[127.15987,37.4406],[127.15998,37.44115],[127.16256,37.44044],[127.15813,37.43634]]]}},{"type":"Feature","properties":{"adm_cd2":"4113359000","adm_nm":"경기도 성남시중원구 상대원3동","sggnm":"성남시중원구"},"geometry":{"type":"Polygon","coordinates":[[[127.16432,37.43731],[127.16149,37.43737],[127.1609,37.43681],[127.16034,37.43476],[127.15887,37.43427],[127.15842,37.43468],[127.15814,37.43525],[127.15823,37.43648],[127.16396,37.44174],[127.16703,37.44291],[127.16878,37.44229],[127.16432,37.43731]]]}},{"type":"Feature","properties":{"adm_cd2":"4113366000","adm_nm":"경기도 성남시중원구 하대원동","sggnm":"성남시중원구"},"geometry":{"type":"Polygon","coordinates":[[[127.15962,37.42798],[127.15845,37.4273],[127.15783,37.42613],[127.153,37.42372],[127.14857,37.42271],[127.14664,37.42079],[127.14252,37.42217],[127.13905,37.42397],[127.13721,37.42325],[127.13475,37.4233],[127.13294,37.42399],[127.13179,37.42508],[127.12957,37.42455],[127.12883,37.42391],[127.12939,37.42983],[127.13263,37.4289],[127.14009,37.42899],[127.14253,37.43062],[127.14812,37.4331],[127.14847,37.43351],[127.14848,37.4343],[127.14789,37.43472],[127.15292,37.43635],[127.15373,37.43625],[127.15804,37.43279],[127.15884,37.42839],[127.15962,37.42798]]]}},{"type":"Feature","properties":{"adm_cd2":"4113367000","adm_nm":"경기도 성남시중원구 도촌동","sggnm":"성남시중원구"},"geometry":{"type":"Polygon","coordinates":[[[127.19523,37.43103],[127.1944,37.42987],[127.19336,37.4261],[127.19464,37.42539],[127.19383,37.42408],[127.19137,37.42206],[127.18623,37.41918],[127.18547,37.41815],[127.18543,37.4163],[127.18489,37.41534],[127.1829,37.4149],[127.18026,37.4159],[127.179,37.41582],[127.17696,37.41465],[127.17778,37.41351],[127.17786,37.41265],[127.17715,37.40902],[127.17501,37.40585],[127.17426,37.40543],[127.17324,37.40583],[127.16772,37.40598],[127.16467,37.40669],[127.15528,37.41077],[127.15513,37.41047],[127.15166,37.41049],[127.14655,37.41098],[127.14635,37.41156],[127.14687,37.4125],[127.1436,37.41504],[127.14185,37.41558],[127.13836,37.41599],[127.13522,37.41689],[127.13119,37.41711],[127.12584,37.41681],[127.12212,37.41695],[127.11796,37.41521],[127.11933,37.41741],[127.11998,37.41927],[127.11938,37.42114],[127.11779,37.4222],[127.11793,37.42651],[127.11858,37.42742],[127.11971,37.42789],[127.12229,37.42575],[127.12532,37.4238],[127.12829,37.42267],[127.12882,37.42269],[127.12883,37.42391],[127.12957,37.42455],[127.13179,37.42508],[127.13294,37.42399],[127.13475,37.4233],[127.13721,37.42325],[127.13905,37.42397],[127.14252,37.42217],[127.14664,37.42079],[127.14857,37.42271],[127.153,37.42372],[127.15783,37.42613],[127.15845,37.4273],[127.15962,37.42798],[127.1613,37.42771],[127.16589,37.42775],[127.16663,37.42712],[127.16897,37.42607],[127.17081,37.42687],[127.17479,37.42649],[127.17509,37.42606],[127.17975,37.42633],[127.18183,37.42711],[127.18279,37.4287],[127.18901,37.43225],[127.19097,37.43287],[127.19193,37.43232],[127.19439,37.43277],[127.19523,37.43103]]]}},{"type":"Feature","properties":{"adm_cd2":"4113352500","adm_nm":"경기도 성남시중원구 중앙동","sggnm":"성남시중원구"},"geometry":{"type":"Polygon","coordinates":[[[127.15987,37.4406],[127.15894,37.4399],[127.15318,37.43864],[127.15278,37.43797],[127.15292,37.43635],[127.14789,37.43472],[127.14451,37.43952],[127.15225,37.44259],[127.15688,37.44505],[127.15998,37.44115],[127.15987,37.4406]]]}},{"type":"Feature","properties":{"adm_cd2":"4113551000","adm_nm":"경기도 성남시분당구 분당동","sggnm":"성남시분당구"},"geometry":{"type":"Polygon","coordinates":[[[127.16052,37.37279],[127.15807,37.37008],[127.15619,37.36861],[127.15379,37.36536],[127.15285,37.36354],[127.15019,37.36135],[127.14443,37.35939],[127.14192,37.35941],[127.13948,37.35996],[127.13835,37.36065],[127.13319,37.3654],[127.13177,37.36716],[127.13243,37.36811],[127.13212,37.36896],[127.13012,37.36946],[127.12884,37.36915],[127.12562,37.37196],[127.13039,37.37534],[127.13703,37.36953],[127.14168,37.37306],[127.14304,37.37536],[127.14335,37.37672],[127.14289,37.37713],[127.14281,37.37886],[127.1455,37.3789],[127.14591,37.37855],[127.14613,37.37744],[127.14744,37.37493],[127.1486,37.37388],[127.14933,37.3738],[127.15074,37.37429],[127.15679,37.37427],[127.15915,37.37377],[127.16077,37.37416],[127.16052,37.37279]]]}},{"type":"Feature","properties":{"adm_cd2":"4113554000","adm_nm":"경기도 성남시분당구 수내3동","sggnm":"성남시분당구"},"geometry":{"type":"Polygon","coordinates":[[[127.13394,37.35848],[127.13333,37.35927],[127.13102,37.35956],[127.12538,37.36295],[127.12416,37.36489],[127.12083,37.3685],[127.12562,37.37196],[127.12884,37.36915],[127.13012,37.36946],[127.13212,37.36896],[127.13243,37.36811],[127.13174,37.3672],[127.13319,37.3654],[127.13835,37.36065],[127.13948,37.35996],[127.13394,37.35848]]]}},{"type":"Feature","properties":{"adm_cd2":"4113552000","adm_nm":"경기도 성남시분당구 수내1동","sggnm":"성남시분당구"},"geometry":{"type":"Polygon","coordinates":[[[127.11866,37.37999],[127.12183,37.37538],[127.1166,37.37164],[127.10901,37.37851],[127.11655,37.38671],[127.12176,37.38224],[127.11866,37.37999]]]}},{"type":"Feature","properties":{"adm_cd2":"4113553000","adm_nm":"경기도 성남시분당구 수내2동","sggnm":"성남시분당구"},"geometry":{"type":"Polygon","coordinates":[[[127.12083,37.3685],[127.1166,37.37164],[127.12183,37.37538],[127.11866,37.37999],[127.12176,37.38224],[127.13039,37.37534],[127.12083,37.3685]]]}},{"type":"Feature","properties":{"adm_cd2":"4113556000","adm_nm":"경기도 성남시분당구 정자2동","sggnm":"성남시분당구"},"geometry":{"type":"Polygon","coordinates":[[[127.12416,37.36489],[127.12319,37.36349],[127.11479,37.36344],[127.11478,37.36971],[127.11532,37.37072],[127.1166,37.37164],[127.12083,37.3685],[127.12416,37.36489]]]}},{"type":"Feature","properties":{"adm_cd2":"4113557000","adm_nm":"경기도 성남시분당구 정자3동","sggnm":"성남시분당구"},"geometry":{"type":"Polygon","coordinates":[[[127.13174,37.3512],[127.12748,37.35329],[127.11968,37.35234],[127.11167,37.35732],[127.10929,37.35848],[127.10893,37.35995],[127.11489,37.35996],[127.11479,37.36344],[127.12319,37.36349],[127.12416,37.36489],[127.12538,37.36295],[127.12795,37.36126],[127.13102,37.35956],[127.13333,37.35927],[127.13394,37.35848],[127.13174,37.3512]]]}},{"type":"Feature","properties":{"adm_cd2":"4113558000","adm_nm":"경기도 성남시분당구 서현1동","sggnm":"성남시분당구"},"geometry":{"type":"Polygon","coordinates":[[[127.16836,37.39491],[127.16839,37.39249],[127.17681,37.38725],[127.17719,37.38655],[127.17665,37.38508],[127.17345,37.38267],[127.16794,37.38035],[127.16169,37.37971],[127.16098,37.37795],[127.16113,37.37576],[127.16077,37.37416],[127.15915,37.37377],[127.15679,37.37427],[127.15074,37.37429],[127.14933,37.3738],[127.1486,37.37388],[127.14744,37.37493],[127.14613,37.37744],[127.14591,37.37855],[127.1455,37.3789],[127.13957,37.37874],[127.13709,37.38023],[127.13039,37.37534],[127.12367,37.38059],[127.11655,37.38671],[127.12031,37.39113],[127.12309,37.38961],[127.12745,37.38571],[127.13631,37.38929],[127.14117,37.38913],[127.14339,37.39079],[127.14326,37.39312],[127.14432,37.39418],[127.14787,37.39595],[127.14972,37.39651],[127.15118,37.39631],[127.15134,37.39557],[127.15419,37.39564],[127.15525,37.39619],[127.15679,37.39644],[127.16866,37.39545],[127.16836,37.39491]]]}},{"type":"Feature","properties":{"adm_cd2":"4113559000","adm_nm":"경기도 성남시분당구 서현2동","sggnm":"성남시분당구"},"geometry":{"type":"Polygon","coordinates":[[[127.14289,37.37713],[127.14335,37.37672],[127.14304,37.37536],[127.14168,37.37306],[127.13703,37.36953],[127.13039,37.37534],[127.13709,37.38023],[127.13957,37.37874],[127.14281,37.37886],[127.14289,37.37713]]]}},{"type":"Feature","properties":{"adm_cd2":"4113560000","adm_nm":"경기도 성남시분당구 이매1동","sggnm":"성남시분당구"},"geometry":{"type":"Polygon","coordinates":[[[127.14432,37.39418],[127.14326,37.39312],[127.14339,37.39079],[127.14117,37.38913],[127.13631,37.38929],[127.12745,37.38571],[127.12309,37.38961],[127.12163,37.39049],[127.12415,37.39316],[127.1244,37.39438],[127.1245,37.40531],[127.12863,37.40533],[127.12823,37.40294],[127.12874,37.39898],[127.13162,37.40086],[127.13365,37.40144],[127.1369,37.40081],[127.14106,37.39953],[127.14527,37.39583],[127.14572,37.39468],[127.14432,37.39418]]]}},{"type":"Feature","properties":{"adm_cd2":"4113561000","adm_nm":"경기도 성남시분당구 이매2동","sggnm":"성남시분당구"},"geometry":{"type":"Polygon","coordinates":[[[127.1244,37.39438],[127.12415,37.39316],[127.12163,37.39049],[127.12031,37.39113],[127.12076,37.39469],[127.11914,37.40545],[127.1245,37.40531],[127.1244,37.39438]]]}},{"type":"Feature","properties":{"adm_cd2":"4113562000","adm_nm":"경기도 성남시분당구 야탑1동","sggnm":"성남시분당구"},"geometry":{"type":"Polygon","coordinates":[[[127.13388,37.40943],[127.12629,37.40986],[127.11873,37.40836],[127.11796,37.41521],[127.12212,37.41695],[127.13388,37.41696],[127.13388,37.40943]]]}},{"type":"Feature","properties":{"adm_cd2":"4113564000","adm_nm":"경기도 성남시분당구 야탑3동","sggnm":"성남시분당구"},"geometry":{"type":"Polygon","coordinates":[[[127.17162,37.40101],[127.17083,37.39791],[127.16866,37.39545],[127.15679,37.39644],[127.15525,37.39619],[127.15419,37.39564],[127.15134,37.39557],[127.15118,37.39631],[127.14972,37.39651],[127.14787,37.39595],[127.14572,37.39468],[127.14527,37.39583],[127.14106,37.39953],[127.1369,37.40081],[127.13365,37.40144],[127.13162,37.40086],[127.12874,37.39898],[127.12823,37.40294],[127.12863,37.40533],[127.12985,37.40546],[127.1341,37.40747],[127.13789,37.40777],[127.13798,37.40954],[127.13388,37.40943],[127.13388,37.41696],[127.1436,37.41504],[127.14687,37.4125],[127.14635,37.41156],[127.14655,37.41098],[127.15166,37.41049],[127.15513,37.41047],[127.15528,37.41077],[127.16467,37.40669],[127.16772,37.40598],[127.17324,37.40583],[127.17426,37.40543],[127.17162,37.40101]]]}},{"type":"Feature","properties":{"adm_cd2":"4113567000","adm_nm":"경기도 성남시분당구 구미동","sggnm":"성남시분당구"},"geometry":{"type":"Polygon","coordinates":[[[127.13286,37.35054],[127.13248,37.3491],[127.13303,37.3484],[127.13802,37.34408],[127.13787,37.34036],[127.13727,37.33973],[127.13047,37.33762],[127.12329,37.33701],[127.12072,37.33441],[127.11707,37.3334],[127.11467,37.33528],[127.1134,37.33566],[127.11275,37.33569],[127.11031,37.33464],[127.10896,37.33601],[127.10397,37.33861],[127.1027,37.33996],[127.10225,37.34241],[127.10892,37.34271],[127.10893,37.34583],[127.12073,37.34651],[127.12073,37.35039],[127.11968,37.35234],[127.12748,37.35329],[127.13286,37.35054]]]}},{"type":"Feature","properties":{"adm_cd2":"4113568000","adm_nm":"경기도 성남시분당구 운중동","sggnm":"성남시분당구"},"geometry":{"type":"Polygon","coordinates":[[[127.08933,37.39974],[127.08913,37.39868],[127.0864,37.39311],[127.08391,37.38633],[127.08385,37.38505],[127.08542,37.38288],[127.08042,37.37978],[127.07946,37.37873],[127.07803,37.37372],[127.07848,37.37276],[127.07707,37.37117],[127.07853,37.36552],[127.07685,37.36347],[127.07545,37.35973],[127.07564,37.35612],[127.07661,37.35406],[127.07454,37.35317],[127.07348,37.3554],[127.07088,37.35768],[127.06867,37.3587],[127.06307,37.36039],[127.0583,37.36081],[127.05547,37.35998],[127.05414,37.36015],[127.05295,37.36113],[127.05282,37.36202],[127.05317,37.3628],[127.05288,37.3636],[127.04714,37.36666],[127.04634,37.36823],[127.04581,37.36852],[127.03568,37.37058],[127.0306,37.37197],[127.02794,37.37214],[127.0271,37.37538],[127.02741,37.37678],[127.02889,37.37925],[127.02969,37.37934],[127.03146,37.38124],[127.0327,37.38409],[127.03536,37.38879],[127.03704,37.38938],[127.03839,37.39046],[127.03871,37.39107],[127.03824,37.39852],[127.03739,37.40093],[127.03846,37.40197],[127.04083,37.4023],[127.04347,37.40358],[127.0437,37.40421],[127.04494,37.40375],[127.04975,37.40365],[127.05625,37.4023],[127.05877,37.40119],[127.0607,37.39981],[127.06305,37.39866],[127.06764,37.39795],[127.07451,37.39787],[127.07653,37.39883],[127.07851,37.39911],[127.08401,37.39697],[127.08606,37.39922],[127.08899,37.40097],[127.08933,37.39974]]]}},{"type":"Feature","properties":{"adm_cd2":"4113566200","adm_nm":"경기도 성남시분당구 금곡동","sggnm":"성남시분당구"},"geometry":{"type":"Polygon","coordinates":[[[127.10379,37.3685],[127.10452,37.3656],[127.10421,37.36258],[127.10355,37.36184],[127.10364,37.35663],[127.10854,37.35664],[127.11167,37.35732],[127.11751,37.3537],[127.11471,37.3505],[127.11372,37.35007],[127.10337,37.35007],[127.10337,37.34743],[127.10178,37.34648],[127.09556,37.34814],[127.09511,37.34897],[127.0943,37.35323],[127.09241,37.35804],[127.08855,37.35977],[127.08484,37.3619],[127.08285,37.36343],[127.07853,37.36552],[127.07707,37.37117],[127.07848,37.37276],[127.07892,37.37182],[127.07971,37.37148],[127.08109,37.37171],[127.08297,37.3734],[127.09384,37.376],[127.09595,37.3759],[127.10182,37.37665],[127.10345,37.37611],[127.10379,37.3685]]]}},{"type":"Feature","properties":{"adm_cd2":"4113566500","adm_nm":"경기도 성남시분당구 구미1동","sggnm":"성남시분당구"},"geometry":{"type":"Polygon","coordinates":[[[127.11968,37.35234],[127.12073,37.35039],[127.12073,37.34651],[127.10893,37.34583],[127.10892,37.34271],[127.10225,37.34241],[127.10116,37.34311],[127.09814,37.34299],[127.09699,37.34322],[127.09246,37.34713],[127.08817,37.34882],[127.08731,37.34961],[127.08699,37.35096],[127.08464,37.35202],[127.08267,37.35174],[127.08004,37.34993],[127.07762,37.34908],[127.07521,37.35143],[127.07454,37.35317],[127.07661,37.35406],[127.07564,37.35612],[127.07545,37.35973],[127.07685,37.36347],[127.07853,37.36552],[127.08285,37.36343],[127.08484,37.3619],[127.08855,37.35977],[127.09211,37.35835],[127.0943,37.35323],[127.09511,37.34897],[127.09572,37.34799],[127.10178,37.34648],[127.10337,37.34743],[127.10337,37.35007],[127.11372,37.35007],[127.11471,37.3505],[127.11751,37.3537],[127.11968,37.35234]]]}},{"type":"Feature","properties":{"adm_cd2":"4113565500","adm_nm":"경기도 성남시분당구 삼평동","sggnm":"성남시분당구"},"geometry":{"type":"Polygon","coordinates":[[[127.12076,37.39469],[127.11277,37.39469],[127.11185,37.39453],[127.11185,37.39403],[127.11077,37.39403],[127.10977,37.39441],[127.10977,37.3947],[127.10627,37.39473],[127.10285,37.39224],[127.10189,37.39114],[127.09985,37.4006],[127.09474,37.40573],[127.09955,37.40723],[127.10027,37.40878],[127.10256,37.40971],[127.10657,37.40765],[127.11121,37.40769],[127.11474,37.4085],[127.11665,37.40962],[127.11834,37.41123],[127.12076,37.39469]]]}},{"type":"Feature","properties":{"adm_cd2":"4113565000","adm_nm":"경기도 성남시분당구 판교동","sggnm":"성남시분당구"},"geometry":{"type":"Polygon","coordinates":[[[127.10342,37.38241],[127.10345,37.37611],[127.10182,37.37665],[127.09595,37.3759],[127.09384,37.376],[127.08297,37.3734],[127.08109,37.37171],[127.07971,37.37148],[127.07892,37.37182],[127.07803,37.37372],[127.07946,37.37873],[127.08042,37.37978],[127.08542,37.38288],[127.08385,37.38505],[127.08391,37.38633],[127.0864,37.39311],[127.08913,37.39868],[127.08933,37.39974],[127.08889,37.4029],[127.09291,37.40509],[127.09474,37.40573],[127.09985,37.4006],[127.10342,37.38241]]]}},{"type":"Feature","properties":{"adm_cd2":"4113565700","adm_nm":"경기도 성남시분당구 백현동","sggnm":"성남시분당구"},"geometry":{"type":"Polygon","coordinates":[[[127.12031,37.39113],[127.10901,37.37851],[127.10343,37.38141],[127.10189,37.39114],[127.10285,37.39224],[127.10627,37.39473],[127.10977,37.3947],[127.10977,37.39441],[127.11077,37.39403],[127.11185,37.39403],[127.11185,37.39453],[127.11277,37.39469],[127.12076,37.39469],[127.12031,37.39113]]]}},{"type":"Feature","properties":{"adm_cd2":"4113555000","adm_nm":"경기도 성남시분당구 정자1동","sggnm":"성남시분당구"},"geometry":{"type":"Polygon","coordinates":[[[127.11234,37.37549],[127.10806,37.37244],[127.10826,37.35807],[127.10854,37.35664],[127.10364,37.35663],[127.10355,37.36184],[127.10421,37.36258],[127.10453,37.36413],[127.10452,37.36588],[127.10379,37.3685],[127.10357,37.37111],[127.10343,37.38141],[127.10901,37.37851],[127.11234,37.37549]]]}},{"type":"Feature","properties":{"adm_cd2":"4113554500","adm_nm":"경기도 성남시분당구 정자동","sggnm":"성남시분당구"},"geometry":{"type":"Polygon","coordinates":[[[127.11532,37.37072],[127.11478,37.36971],[127.11489,37.35996],[127.10893,37.35995],[127.10929,37.35848],[127.11167,37.35732],[127.10854,37.35664],[127.10826,37.35807],[127.10806,37.37244],[127.11234,37.37549],[127.1166,37.37164],[127.11532,37.37072]]]}},{"type":"Feature","properties":{"adm_cd2":"4115052000","adm_nm":"경기도 의정부시 의정부2동","sggnm":"의정부시"},"geometry":{"type":"Polygon","coordinates":[[[127.04613,37.73921],[127.04523,37.73912],[127.0455,37.73668],[127.04587,37.73602],[127.04633,37.73604],[127.04693,37.73151],[127.04348,37.73093],[127.04198,37.7321],[127.04057,37.73153],[127.04008,37.7308],[127.03341,37.72767],[127.03022,37.72686],[127.02676,37.72671],[127.02497,37.72776],[127.02488,37.72846],[127.02528,37.72957],[127.02868,37.73633],[127.02971,37.73982],[127.03151,37.74116],[127.03296,37.7418],[127.03426,37.74177],[127.03489,37.74115],[127.03969,37.73963],[127.04021,37.74027],[127.04065,37.74202],[127.03873,37.74277],[127.03602,37.74307],[127.0383,37.74381],[127.03827,37.74469],[127.03931,37.74523],[127.03932,37.74607],[127.04239,37.74617],[127.04238,37.74684],[127.0449,37.74691],[127.04553,37.74255],[127.04675,37.73872],[127.04613,37.73921]]]}},{"type":"Feature","properties":{"adm_cd2":"4115054500","adm_nm":"경기도 의정부시 호원1동","sggnm":"의정부시"},"geometry":{"type":"Polygon","coordinates":[[[127.04912,37.72176],[127.04891,37.71888],[127.05069,37.71581],[127.05092,37.71404],[127.05019,37.71169],[127.05132,37.70711],[127.05199,37.70665],[127.05234,37.70541],[127.05209,37.70432],[127.04914,37.70176],[127.04846,37.7006],[127.04861,37.6964],[127.0482,37.69391],[127.04509,37.69244],[127.04321,37.69467],[127.04312,37.69515],[127.04158,37.69536],[127.03843,37.69327],[127.03589,37.69224],[127.0325,37.69171],[127.03114,37.69294],[127.02973,37.69619],[127.0293,37.69882],[127.02803,37.70059],[127.02715,37.70072],[127.02678,37.70022],[127.0249,37.69944],[127.02209,37.6996],[127.01957,37.70108],[127.01585,37.70103],[127.01553,37.70337],[127.01939,37.70726],[127.02014,37.70757],[127.02351,37.71044],[127.02434,37.71192],[127.02447,37.71294],[127.02556,37.71443],[127.02886,37.71712],[127.03494,37.71892],[127.04108,37.71906],[127.04405,37.71863],[127.04649,37.71878],[127.04712,37.72442],[127.04824,37.72489],[127.05042,37.72367],[127.04912,37.72176]]]}},{"type":"Feature","properties":{"adm_cd2":"4115056100","adm_nm":"경기도 의정부시 장암동","sggnm":"의정부시"},"geometry":{"type":"Polygon","coordinates":[[[127.07379,37.71844],[127.07683,37.71541],[127.07833,37.71296],[127.08071,37.7113],[127.07923,37.70894],[127.07974,37.70561],[127.0817,37.70445],[127.08199,37.70336],[127.08384,37.70174],[127.08036,37.6996],[127.08111,37.69609],[127.07734,37.69638],[127.07446,37.69548],[127.07263,37.69435],[127.07043,37.69408],[127.06939,37.69437],[127.06881,37.69406],[127.06511,37.68985],[127.06038,37.68869],[127.05683,37.68957],[127.05482,37.68935],[127.05078,37.68702],[127.05005,37.68822],[127.0501,37.69035],[127.04937,37.69291],[127.04912,37.69352],[127.0482,37.69391],[127.04861,37.6964],[127.04846,37.7006],[127.04914,37.70176],[127.05209,37.70432],[127.05234,37.70541],[127.05199,37.70665],[127.05132,37.70711],[127.05019,37.71169],[127.05092,37.71404],[127.05069,37.71581],[127.04925,37.71789],[127.04882,37.72002],[127.04912,37.72176],[127.05202,37.72651],[127.06435,37.72658],[127.06396,37.72551],[127.06199,37.72311],[127.06116,37.72153],[127.06603,37.72211],[127.07112,37.72177],[127.07343,37.71992],[127.07379,37.71844]]]}},{"type":"Feature","properties":{"adm_cd2":"4115056700","adm_nm":"경기도 의정부시 신곡1동","sggnm":"의정부시"},"geometry":{"type":"Polygon","coordinates":[[[127.07112,37.72177],[127.06603,37.72211],[127.06116,37.72153],[127.06199,37.72311],[127.06396,37.72551],[127.06435,37.72658],[127.05202,37.72651],[127.05144,37.72732],[127.05166,37.72778],[127.05268,37.72911],[127.05434,37.73052],[127.05414,37.73489],[127.05314,37.73737],[127.05417,37.74052],[127.05615,37.74048],[127.05779,37.73705],[127.05853,37.73664],[127.06431,37.7379],[127.0666,37.7394],[127.07252,37.74028],[127.07416,37.74136],[127.07499,37.73969],[127.07466,37.73845],[127.07446,37.73795],[127.07305,37.73697],[127.07127,37.73355],[127.07102,37.73208],[127.07213,37.73042],[127.07439,37.729],[127.07461,37.72603],[127.07337,37.72194],[127.07405,37.72051],[127.07343,37.71992],[127.07112,37.72177]]]}},{"type":"Feature","properties":{"adm_cd2":"4115056800","adm_nm":"경기도 의정부시 신곡2동","sggnm":"의정부시"},"geometry":{"type":"Polygon","coordinates":[[[127.07994,37.74971],[127.0823,37.74673],[127.07841,37.74513],[127.07876,37.74669],[127.07635,37.74576],[127.07523,37.74476],[127.07464,37.74498],[127.07341,37.74425],[127.0731,37.74219],[127.07416,37.74136],[127.07252,37.74028],[127.0666,37.7394],[127.06431,37.7379],[127.05853,37.73664],[127.05779,37.73705],[127.05615,37.74048],[127.05417,37.74052],[127.05453,37.74377],[127.05971,37.74806],[127.06622,37.74993],[127.06767,37.74963],[127.07071,37.75036],[127.07191,37.75095],[127.07479,37.75352],[127.07727,37.75409],[127.07887,37.75422],[127.08268,37.75222],[127.07994,37.74971]]]}},{"type":"Feature","properties":{"adm_cd2":"4115057300","adm_nm":"경기도 의정부시 송산1동","sggnm":"의정부시"},"geometry":{"type":"Polygon","coordinates":[[[127.09046,37.7316],[127.09025,37.73097],[127.08818,37.7304],[127.08773,37.73002],[127.08774,37.72954],[127.09151,37.72744],[127.09013,37.72522],[127.08918,37.72466],[127.08881,37.72474],[127.08775,37.7221],[127.08649,37.72181],[127.08676,37.7211],[127.08623,37.72045],[127.08629,37.71932],[127.08564,37.71792],[127.08607,37.71681],[127.08529,37.7161],[127.08513,37.71545],[127.08545,37.71485],[127.08351,37.71413],[127.08071,37.7113],[127.07833,37.71296],[127.07683,37.71541],[127.07379,37.71844],[127.07343,37.71992],[127.07405,37.72072],[127.07337,37.72194],[127.07461,37.72603],[127.07439,37.729],[127.07213,37.73042],[127.07102,37.73208],[127.07127,37.73355],[127.07305,37.73697],[127.07446,37.73795],[127.07499,37.73969],[127.07416,37.74136],[127.0731,37.74219],[127.07341,37.74425],[127.07464,37.74498],[127.07523,37.74476],[127.07635,37.74576],[127.07876,37.74669],[127.07841,37.74513],[127.0823,37.74673],[127.07994,37.74971],[127.08268,37.75222],[127.08339,37.75073],[127.0831,37.75037],[127.08371,37.74757],[127.08603,37.74191],[127.08789,37.73989],[127.08856,37.73795],[127.08819,37.73599],[127.08977,37.73222],[127.09046,37.7316]]]}},{"type":"Feature","properties":{"adm_cd2":"4115058000","adm_nm":"경기도 의정부시 자금동","sggnm":"의정부시"},"geometry":{"type":"Polygon","coordinates":[[[127.12215,37.76541],[127.11848,37.76568],[127.11631,37.76518],[127.11506,37.76533],[127.11383,37.76839],[127.11264,37.76907],[127.11053,37.76802],[127.10848,37.76542],[127.10451,37.76235],[127.10443,37.76032],[127.105,37.75868],[127.1034,37.75723],[127.09794,37.75484],[127.09518,37.75394],[127.08988,37.75315],[127.08752,37.75423],[127.08529,37.75224],[127.08516,37.75111],[127.08422,37.75072],[127.08339,37.75073],[127.08268,37.75222],[127.07887,37.75422],[127.07604,37.75384],[127.07479,37.75352],[127.07191,37.75095],[127.07071,37.75036],[127.06767,37.74963],[127.06622,37.74993],[127.05971,37.74806],[127.05453,37.74377],[127.05462,37.74552],[127.05354,37.74771],[127.05142,37.74796],[127.05001,37.74966],[127.04743,37.75148],[127.04608,37.75377],[127.04723,37.753],[127.0486,37.75387],[127.04881,37.75498],[127.05225,37.76078],[127.05422,37.76232],[127.05647,37.76171],[127.06025,37.76212],[127.06217,37.76301],[127.0654,37.76366],[127.07045,37.76583],[127.07405,37.7685],[127.07805,37.76964],[127.07914,37.76953],[127.08154,37.77067],[127.083,37.77268],[127.08468,37.77361],[127.09471,37.77718],[127.10346,37.77868],[127.10434,37.77967],[127.11069,37.7794],[127.11175,37.77891],[127.11541,37.77643],[127.11577,37.77468],[127.11564,37.77376],[127.11892,37.7736],[127.12012,37.77399],[127.12807,37.77184],[127.12867,37.77063],[127.1291,37.76689],[127.12735,37.76543],[127.12651,37.76562],[127.12543,37.7633],[127.12215,37.76541]]]}},{"type":"Feature","properties":{"adm_cd2":"4115059500","adm_nm":"경기도 의정부시 가능동","sggnm":"의정부시"},"geometry":{"type":"Polygon","coordinates":[[[127.0426,37.75281],[127.0449,37.74691],[127.04238,37.74684],[127.04239,37.74617],[127.0386,37.74599],[127.03856,37.74674],[127.03082,37.74651],[127.03026,37.74789],[127.0281,37.74852],[127.02164,37.74829],[127.0182,37.74807],[127.0143,37.74711],[127.01233,37.74565],[127.00772,37.74371],[127.00525,37.74316],[127.0029,37.7439],[127.00249,37.74441],[127.00298,37.74984],[127.00277,37.75093],[127.0021,37.7514],[127.00334,37.75307],[127.00218,37.75577],[127.00128,37.759],[127.00137,37.76024],[127.00227,37.76276],[127.0047,37.76318],[127.00797,37.76249],[127.01556,37.75706],[127.01767,37.75591],[127.01904,37.75583],[127.02488,37.75669],[127.03043,37.75618],[127.03626,37.75481],[127.03787,37.7553],[127.03884,37.75619],[127.03962,37.75777],[127.03949,37.75904],[127.04101,37.75917],[127.04232,37.7579],[127.0426,37.75281]]]}},{"type":"Feature","properties":{"adm_cd2":"4115061500","adm_nm":"경기도 의정부시 흥선동","sggnm":"의정부시"},"geometry":{"type":"Polygon","coordinates":[[[127.03931,37.74523],[127.03827,37.74469],[127.0383,37.74381],[127.03602,37.74307],[127.03873,37.74277],[127.04065,37.74202],[127.04021,37.74027],[127.03969,37.73963],[127.03489,37.74115],[127.03426,37.74177],[127.03296,37.7418],[127.03151,37.74116],[127.02971,37.73982],[127.02868,37.73633],[127.02547,37.73003],[127.02488,37.72846],[127.02497,37.72776],[127.02314,37.72462],[127.02243,37.72414],[127.0217,37.72432],[127.02032,37.72308],[127.02011,37.72221],[127.01489,37.71992],[127.01414,37.71921],[127.0136,37.71933],[127.0115,37.72235],[127.01263,37.72372],[127.01263,37.72576],[127.01222,37.72613],[127.01089,37.72625],[127.00873,37.72807],[127.00968,37.72906],[127.0098,37.73012],[127.00311,37.73865],[127.0022,37.74057],[127.00316,37.74252],[127.00457,37.74318],[127.00772,37.74371],[127.01233,37.74565],[127.0143,37.74711],[127.0182,37.74807],[127.0281,37.74852],[127.03026,37.74789],[127.03082,37.74651],[127.03856,37.74674],[127.0386,37.74599],[127.03932,37.74607],[127.03931,37.74523]]]}},{"type":"Feature","properties":{"adm_cd2":"4115062000","adm_nm":"경기도 의정부시 녹양동","sggnm":"의정부시"},"geometry":{"type":"Polygon","coordinates":[[[127.04881,37.75498],[127.0486,37.75387],[127.04723,37.753],[127.04608,37.75377],[127.04101,37.75917],[127.03949,37.75904],[127.03962,37.75777],[127.03884,37.75619],[127.03787,37.7553],[127.03626,37.75481],[127.03043,37.75618],[127.02488,37.75669],[127.01904,37.75583],[127.01767,37.75591],[127.01556,37.75706],[127.00797,37.76249],[127.0047,37.76318],[127.0106,37.76617],[127.01728,37.76856],[127.01871,37.76859],[127.02264,37.76728],[127.02547,37.76695],[127.02842,37.76697],[127.02907,37.76732],[127.03508,37.76772],[127.04117,37.76674],[127.04648,37.7632],[127.05086,37.76094],[127.05276,37.76137],[127.04881,37.75498]]]}},{"type":"Feature","properties":{"adm_cd2":"4115055500","adm_nm":"경기도 의정부시 호원2동","sggnm":"의정부시"},"geometry":{"type":"Polygon","coordinates":[[[127.04516,37.73023],[127.0468,37.73008],[127.05018,37.72837],[127.05202,37.72651],[127.05042,37.72367],[127.04824,37.72489],[127.04712,37.72442],[127.04649,37.71878],[127.04405,37.71863],[127.04108,37.71906],[127.03494,37.71892],[127.02886,37.71712],[127.02556,37.71443],[127.02447,37.71294],[127.02434,37.71192],[127.02351,37.71044],[127.02014,37.70757],[127.01939,37.70726],[127.01944,37.70825],[127.01338,37.71416],[127.01276,37.71651],[127.01357,37.71736],[127.01414,37.71921],[127.01489,37.71992],[127.02011,37.72221],[127.02032,37.72308],[127.0217,37.72432],[127.02243,37.72414],[127.02292,37.72441],[127.02497,37.72776],[127.02676,37.72671],[127.03022,37.72686],[127.03341,37.72767],[127.04008,37.7308],[127.04057,37.73153],[127.04198,37.7321],[127.04348,37.73093],[127.04516,37.73023]]]}},{"type":"Feature","properties":{"adm_cd2":"4115057600","adm_nm":"경기도 의정부시 송산2동","sggnm":"의정부시"},"geometry":{"type":"Polygon","coordinates":[[[127.08632,37.7454],[127.09182,37.7461],[127.10043,37.74176],[127.10155,37.74306],[127.10534,37.7408],[127.10192,37.73778],[127.10091,37.73739],[127.09997,37.7356],[127.09873,37.73435],[127.09814,37.73435],[127.09603,37.73574],[127.09448,37.73534],[127.09366,37.73594],[127.08977,37.73222],[127.08819,37.73599],[127.08856,37.73795],[127.08789,37.73989],[127.08603,37.74191],[127.08456,37.74583],[127.08632,37.7454]]]}},{"type":"Feature","properties":{"adm_cd2":"4117151000","adm_nm":"경기도 안양시만안구 안양1동","sggnm":"안양시만안구"},"geometry":{"type":"Polygon","coordinates":[[[126.93146,37.39744],[126.92529,37.39423],[126.91988,37.40051],[126.92062,37.40131],[126.92095,37.40355],[126.92234,37.40454],[126.92784,37.40083],[126.93146,37.39744]]]}},{"type":"Feature","properties":{"adm_cd2":"4117152000","adm_nm":"경기도 안양시만안구 안양2동","sggnm":"안양시만안구"},"geometry":{"type":"Polygon","coordinates":[[[126.93655,37.41354],[126.93522,37.41332],[126.93306,37.41379],[126.9294,37.41339],[126.92752,37.40734],[126.92824,37.40494],[126.92784,37.40083],[126.92234,37.40454],[126.92095,37.40355],[126.92062,37.40131],[126.91988,37.40051],[126.91866,37.40196],[126.91336,37.40262],[126.91306,37.40483],[126.91085,37.40852],[126.91285,37.40903],[126.91361,37.41319],[126.91551,37.4143],[126.91605,37.41642],[126.91931,37.41843],[126.92052,37.41863],[126.92235,37.41743],[126.92299,37.41611],[126.92409,37.41581],[126.92457,37.41894],[126.92909,37.41961],[126.93106,37.4179],[126.93394,37.41766],[126.93469,37.41907],[126.94126,37.42083],[126.94283,37.42026],[126.94631,37.42171],[126.94742,37.42136],[126.94181,37.41908],[126.93655,37.41354]]]}},{"type":"Feature","properties":{"adm_cd2":"4117153000","adm_nm":"경기도 안양시만안구 안양3동","sggnm":"안양시만안구"},"geometry":{"type":"Polygon","coordinates":[[[126.91674,37.39874],[126.9147,37.3959],[126.9165,37.39327],[126.91584,37.39174],[126.91411,37.39232],[126.9131,37.39486],[126.90635,37.39481],[126.90575,37.39512],[126.90434,37.39708],[126.90506,37.39784],[126.90832,37.39779],[126.91026,37.39947],[126.91031,37.40126],[126.91284,37.40156],[126.91286,37.4026],[126.91866,37.40196],[126.91988,37.40051],[126.91674,37.39874]]]}},{"type":"Feature","properties":{"adm_cd2":"4117154000","adm_nm":"경기도 안양시만안구 안양4동","sggnm":"안양시만안구"},"geometry":{"type":"Polygon","coordinates":[[[126.91885,37.39447],[126.91818,37.39362],[126.91724,37.39311],[126.9165,37.39327],[126.9147,37.3959],[126.91674,37.39874],[126.91988,37.40051],[126.92332,37.39645],[126.91885,37.39447]]]}},{"type":"Feature","properties":{"adm_cd2":"4117155000","adm_nm":"경기도 안양시만안구 안양5동","sggnm":"안양시만안구"},"geometry":{"type":"Polygon","coordinates":[[[126.93014,37.3943],[126.92671,37.39245],[126.92743,37.39157],[126.91881,37.38727],[126.91732,37.39075],[126.91584,37.39174],[126.9165,37.39327],[126.91724,37.39311],[126.91818,37.39362],[126.91885,37.39447],[126.92332,37.39645],[126.92529,37.39423],[126.92827,37.39574],[126.93014,37.3943]]]}},{"type":"Feature","properties":{"adm_cd2":"4117156000","adm_nm":"경기도 안양시만안구 안양6동","sggnm":"안양시만안구"},"geometry":{"type":"Polygon","coordinates":[[[126.93382,37.3839],[126.93224,37.3858],[126.92579,37.38425],[126.92193,37.3809],[126.91935,37.37771],[126.91918,37.37693],[126.91753,37.37678],[126.91729,37.37894],[126.91449,37.38178],[126.91455,37.38282],[126.91505,37.38354],[126.91892,37.38583],[126.91881,37.38727],[126.92743,37.39157],[126.92671,37.39245],[126.93014,37.3943],[126.93336,37.39044],[126.93601,37.38326],[126.93382,37.3839]]]}},{"type":"Feature","properties":{"adm_cd2":"4117157000","adm_nm":"경기도 안양시만안구 안양7동","sggnm":"안양시만안구"},"geometry":{"type":"Polygon","coordinates":[[[126.93972,37.3935],[126.94134,37.39182],[126.94178,37.38987],[126.9413,37.38613],[126.93901,37.38111],[126.93945,37.38004],[126.94082,37.37913],[126.94119,37.37676],[126.93665,37.3818],[126.93336,37.39044],[126.93014,37.3943],[126.92827,37.39574],[126.93149,37.39742],[126.93972,37.3935]]]}},{"type":"Feature","properties":{"adm_cd2":"4117158200","adm_nm":"경기도 안양시만안구 명학동","sggnm":"안양시만안구"},"geometry":{"type":"Polygon","coordinates":[[[126.93714,37.38104],[126.94119,37.37676],[126.94008,37.37585],[126.93277,37.37747],[126.92695,37.37764],[126.92414,37.37731],[126.92142,37.37652],[126.9199,37.37656],[126.91918,37.37693],[126.91935,37.37771],[126.92193,37.3809],[126.92579,37.38425],[126.93224,37.3858],[126.93382,37.3839],[126.93601,37.38326],[126.93714,37.38104]]]}},{"type":"Feature","properties":{"adm_cd2":"4117158300","adm_nm":"경기도 안양시만안구 병목안동","sggnm":"안양시만안구"},"geometry":{"type":"Polygon","coordinates":[[[126.91732,37.39075],[126.91864,37.38785],[126.91892,37.38583],[126.91505,37.38354],[126.91455,37.38282],[126.91449,37.38178],[126.91729,37.37894],[126.91753,37.37678],[126.91668,37.37588],[126.91483,37.37541],[126.91171,37.36909],[126.91164,37.36784],[126.90831,37.36339],[126.90759,37.36033],[126.90554,37.35875],[126.90434,37.35709],[126.90119,37.35683],[126.89724,37.35807],[126.89561,37.36014],[126.8911,37.37527],[126.89345,37.37987],[126.8956,37.38243],[126.89412,37.3841],[126.8951,37.38653],[126.89596,37.38737],[126.89798,37.38724],[126.8995,37.39281],[126.90436,37.39481],[126.90575,37.39512],[126.90635,37.39481],[126.9127,37.39498],[126.9131,37.39486],[126.91411,37.39232],[126.91584,37.39174],[126.91732,37.39075]]]}},{"type":"Feature","properties":{"adm_cd2":"4117159000","adm_nm":"경기도 안양시만안구 석수1동","sggnm":"안양시만안구"},"geometry":{"type":"Polygon","coordinates":[[[126.93033,37.44739],[126.93051,37.44529],[126.93537,37.44285],[126.93785,37.44018],[126.93727,37.43845],[126.93864,37.43605],[126.94021,37.43572],[126.9414,37.43741],[126.94492,37.43704],[126.94822,37.43852],[126.94788,37.43554],[126.94886,37.43196],[126.9483,37.43096],[126.94893,37.42987],[126.94813,37.42783],[126.94802,37.42231],[126.94283,37.42026],[126.94126,37.42083],[126.93469,37.41907],[126.93394,37.41766],[126.93106,37.4179],[126.92909,37.41961],[126.92457,37.41894],[126.92409,37.41581],[126.92299,37.41611],[126.92235,37.41743],[126.92052,37.41863],[126.91931,37.41843],[126.91605,37.41642],[126.91551,37.4143],[126.91361,37.41319],[126.90741,37.42096],[126.90435,37.42642],[126.90373,37.42792],[126.90192,37.43637],[126.90447,37.43406],[126.90724,37.43359],[126.90873,37.43382],[126.91038,37.43541],[126.91135,37.43754],[126.91236,37.43859],[126.91433,37.44004],[126.91805,37.43989],[126.91943,37.44078],[126.92109,37.44413],[126.92212,37.44517],[126.92373,37.44665],[126.92535,37.44752],[126.92875,37.45019],[126.93103,37.44782],[126.93033,37.44739]]]}},{"type":"Feature","properties":{"adm_cd2":"4117160000","adm_nm":"경기도 안양시만안구 석수2동","sggnm":"안양시만안구"},"geometry":{"type":"Polygon","coordinates":[[[126.90192,37.43637],[126.90373,37.42792],[126.90435,37.42642],[126.90741,37.42096],[126.91361,37.41319],[126.91285,37.40903],[126.90745,37.40761],[126.90713,37.40825],[126.90244,37.40832],[126.90353,37.41042],[126.90235,37.41095],[126.90225,37.41155],[126.8968,37.41214],[126.89451,37.41281],[126.8943,37.41332],[126.89454,37.41373],[126.89293,37.41757],[126.88961,37.41776],[126.88902,37.41818],[126.88895,37.41887],[126.89035,37.4204],[126.89189,37.42053],[126.89396,37.42168],[126.89648,37.42562],[126.89683,37.42714],[126.89657,37.42776],[126.89534,37.42855],[126.89461,37.42846],[126.89407,37.42903],[126.89583,37.43063],[126.89781,37.43102],[126.89917,37.43392],[126.89965,37.43745],[126.90049,37.43736],[126.90192,37.43637]]]}},{"type":"Feature","properties":{"adm_cd2":"4117161100","adm_nm":"경기도 안양시만안구 충훈동","sggnm":"안양시만안구"},"geometry":{"type":"Polygon","coordinates":[[[126.90325,37.40487],[126.89685,37.40344],[126.8953,37.40432],[126.89279,37.40882],[126.89108,37.41021],[126.89076,37.41113],[126.89102,37.41224],[126.89184,37.41398],[126.89351,37.41611],[126.89454,37.41373],[126.8943,37.41332],[126.89451,37.41281],[126.8968,37.41214],[126.90225,37.41155],[126.90235,37.41095],[126.90353,37.41042],[126.90244,37.40832],[126.90713,37.40825],[126.90745,37.40761],[126.90325,37.40487]]]}},{"type":"Feature","properties":{"adm_cd2":"4117164000","adm_nm":"경기도 안양시만안구 박달동","sggnm":"안양시만안구"},"geometry":{"type":"Polygon","coordinates":[[[126.91286,37.4026],[126.91284,37.40156],[126.91031,37.40126],[126.91025,37.40018],[126.90832,37.40114],[126.90794,37.40256],[126.90586,37.40247],[126.90567,37.40421],[126.90325,37.40487],[126.90745,37.40761],[126.91085,37.40852],[126.91306,37.40483],[126.91336,37.40262],[126.91286,37.4026]]]}},{"type":"Feature","properties":{"adm_cd2":"4117165000","adm_nm":"경기도 안양시만안구 호현동","sggnm":"안양시만안구"},"geometry":{"type":"Polygon","coordinates":[[[126.89184,37.41398],[126.89102,37.41224],[126.89078,37.41081],[126.89108,37.41021],[126.89279,37.40882],[126.8953,37.40432],[126.89633,37.40362],[126.89748,37.4034],[126.90325,37.40487],[126.90456,37.40462],[126.90567,37.40421],[126.90586,37.40247],[126.90794,37.40256],[126.90832,37.40114],[126.91025,37.40018],[126.91026,37.39947],[126.90814,37.39771],[126.90506,37.39784],[126.90434,37.39708],[126.90575,37.39512],[126.90223,37.39413],[126.8995,37.39281],[126.89798,37.38724],[126.89596,37.38737],[126.8951,37.38653],[126.89412,37.3841],[126.8956,37.38243],[126.89345,37.37987],[126.8911,37.37527],[126.88649,37.37658],[126.88191,37.37622],[126.88014,37.38219],[126.87793,37.38729],[126.87609,37.39466],[126.87758,37.39713],[126.87771,37.39978],[126.87727,37.40014],[126.877,37.40205],[126.87741,37.40475],[126.87541,37.40679],[126.87122,37.40666],[126.87061,37.40691],[126.8703,37.40811],[126.87107,37.41214],[126.87124,37.41255],[126.87186,37.41246],[126.87512,37.41168],[126.87618,37.41096],[126.87994,37.41019],[126.88891,37.41256],[126.88961,37.41776],[126.89293,37.41757],[126.89351,37.41611],[126.89184,37.41398]]]}},{"type":"Feature","properties":{"adm_cd2":"4117351000","adm_nm":"경기도 안양시동안구 비산1동","sggnm":"안양시동안구"},"geometry":{"type":"Polygon","coordinates":[[[126.94017,37.41167],[126.94001,37.41056],[126.93904,37.40897],[126.93833,37.40689],[126.93997,37.40637],[126.9416,37.40509],[126.94175,37.40441],[126.94124,37.40244],[126.9429,37.40072],[126.94116,37.40051],[126.94145,37.39884],[126.9341,37.39865],[126.93149,37.39742],[126.92784,37.40083],[126.92824,37.40494],[126.92752,37.40734],[126.9294,37.41339],[126.93306,37.41379],[126.93522,37.41332],[126.93655,37.41354],[126.93708,37.41419],[126.94017,37.41167]]]}},{"type":"Feature","properties":{"adm_cd2":"4117352000","adm_nm":"경기도 안양시동안구 비산2동","sggnm":"안양시동안구"},"geometry":{"type":"Polygon","coordinates":[[[126.93994,37.39554],[126.94402,37.39242],[126.94134,37.39182],[126.93972,37.3935],[126.93149,37.39742],[126.9341,37.39865],[126.94145,37.39884],[126.94116,37.40051],[126.9429,37.40072],[126.94388,37.39903],[126.94543,37.3986],[126.93994,37.39554]]]}},{"type":"Feature","properties":{"adm_cd2":"4117353000","adm_nm":"경기도 안양시동안구 비산3동","sggnm":"안양시동안구"},"geometry":{"type":"Polygon","coordinates":[[[126.95962,37.42808],[126.9588,37.4267],[126.95864,37.42488],[126.95789,37.42425],[126.95969,37.41818],[126.95914,37.41632],[126.95794,37.41427],[126.95387,37.41129],[126.9528,37.40929],[126.95287,37.40587],[126.95401,37.40098],[126.95065,37.40072],[126.94543,37.3986],[126.94388,37.39903],[126.9429,37.40072],[126.94124,37.40244],[126.94175,37.40441],[126.9416,37.40509],[126.93997,37.40637],[126.93833,37.40689],[126.93904,37.40897],[126.94001,37.41056],[126.94017,37.41167],[126.93708,37.41419],[126.94181,37.41908],[126.94742,37.42136],[126.94631,37.42171],[126.94802,37.42231],[126.94813,37.42783],[126.94893,37.42987],[126.9483,37.43096],[126.94886,37.43196],[126.94788,37.43554],[126.94822,37.43852],[126.95102,37.43842],[126.95259,37.43921],[126.95525,37.43859],[126.95925,37.4392],[126.95998,37.44026],[126.96302,37.44031],[126.9638,37.44077],[126.96548,37.44031],[126.96503,37.43867],[126.96431,37.43764],[126.96424,37.43139],[126.96264,37.43107],[126.96227,37.42899],[126.96133,37.42924],[126.95962,37.42808]]]}},{"type":"Feature","properties":{"adm_cd2":"4117354000","adm_nm":"경기도 안양시동안구 부흥동","sggnm":"안양시동안구"},"geometry":{"type":"Polygon","coordinates":[[[126.94812,37.38907],[126.93994,37.39554],[126.94543,37.3986],[126.94875,37.39526],[126.95096,37.3911],[126.94812,37.38907]]]}},{"type":"Feature","properties":{"adm_cd2":"4117354600","adm_nm":"경기도 안양시동안구 달안동","sggnm":"안양시동안구"},"geometry":{"type":"Polygon","coordinates":[[[126.95096,37.3911],[126.94875,37.39526],[126.94543,37.3986],[126.95065,37.40072],[126.95517,37.39254],[126.95096,37.3911]]]}},{"type":"Feature","properties":{"adm_cd2":"4117355200","adm_nm":"경기도 안양시동안구 관양동","sggnm":"안양시동안구"},"geometry":{"type":"Polygon","coordinates":[[[126.97648,37.4023],[126.972,37.40479],[126.96555,37.40452],[126.96449,37.40439],[126.965,37.40219],[126.96442,37.402],[126.9614,37.40177],[126.95746,37.40214],[126.95401,37.40098],[126.95287,37.40587],[126.9528,37.40929],[126.95387,37.41129],[126.95794,37.41427],[126.95914,37.41632],[126.95969,37.41818],[126.95789,37.42425],[126.95864,37.42488],[126.9588,37.4267],[126.95962,37.42808],[126.96133,37.42924],[126.96227,37.42899],[126.96184,37.42687],[126.96091,37.42603],[126.96181,37.42456],[126.96263,37.42106],[126.96389,37.41923],[126.97376,37.41496],[126.97526,37.4126],[126.97575,37.41011],[126.97549,37.40919],[126.97577,37.40714],[126.97615,37.4061],[126.97854,37.40319],[126.97648,37.4023]]]}},{"type":"Feature","properties":{"adm_cd2":"4117355900","adm_nm":"경기도 안양시동안구 인덕원동","sggnm":"안양시동안구"},"geometry":{"type":"Polygon","coordinates":[[[126.98045,37.40303],[126.98193,37.40183],[126.98268,37.40035],[126.98219,37.39884],[126.98087,37.3977],[126.97951,37.39589],[126.97662,37.39664],[126.97386,37.39646],[126.9738,37.39515],[126.97448,37.39233],[126.97423,37.39167],[126.97109,37.3907],[126.96944,37.39084],[126.96881,37.39599],[126.96407,37.39555],[126.96,37.40193],[126.96157,37.40177],[126.965,37.40219],[126.96449,37.40439],[126.96627,37.40457],[126.972,37.40479],[126.97648,37.4023],[126.97854,37.40319],[126.98045,37.40303]]]}},{"type":"Feature","properties":{"adm_cd2":"4117356600","adm_nm":"경기도 안양시동안구 부림동","sggnm":"안양시동안구"},"geometry":{"type":"Polygon","coordinates":[[[126.96516,37.39362],[126.95624,37.39053],[126.95065,37.40072],[126.95401,37.40098],[126.95746,37.40214],[126.96,37.40193],[126.96516,37.39362]]]}},{"type":"Feature","properties":{"adm_cd2":"4117357000","adm_nm":"경기도 안양시동안구 평촌동","sggnm":"안양시동안구"},"geometry":{"type":"Polygon","coordinates":[[[126.98183,37.39438],[126.98118,37.39335],[126.97881,37.39231],[126.97842,37.39169],[126.97416,37.38847],[126.97293,37.38676],[126.9729,37.38721],[126.96972,37.38829],[126.96944,37.39084],[126.97109,37.3907],[126.97423,37.39167],[126.97448,37.39233],[126.9738,37.39515],[126.97386,37.39646],[126.97662,37.39664],[126.97951,37.39589],[126.98183,37.39438]]]}},{"type":"Feature","properties":{"adm_cd2":"4117357600","adm_nm":"경기도 안양시동안구 평안동","sggnm":"안양시동안구"},"geometry":{"type":"Polygon","coordinates":[[[126.96972,37.38829],[126.9592,37.38502],[126.95624,37.39053],[126.96516,37.39362],[126.96407,37.39555],[126.96881,37.39599],[126.96972,37.38829]]]}},{"type":"Feature","properties":{"adm_cd2":"4117357800","adm_nm":"경기도 안양시동안구 귀인동","sggnm":"안양시동안구"},"geometry":{"type":"Polygon","coordinates":[[[126.97223,37.38126],[126.97144,37.38027],[126.96611,37.38231],[126.96425,37.38202],[126.96148,37.38086],[126.9592,37.38502],[126.96972,37.38829],[126.9729,37.38721],[126.97223,37.38126]]]}},{"type":"Feature","properties":{"adm_cd2":"4117358000","adm_nm":"경기도 안양시동안구 호계1동","sggnm":"안양시동안구"},"geometry":{"type":"Polygon","coordinates":[[[126.96131,37.37118],[126.95363,37.36905],[126.95034,37.36737],[126.94707,37.36998],[126.94555,37.37303],[126.94559,37.37378],[126.94669,37.37566],[126.95134,37.37455],[126.95406,37.37494],[126.95642,37.37573],[126.9558,37.37694],[126.9592,37.37808],[126.96079,37.37509],[126.96319,37.3722],[126.96131,37.37118]]]}},{"type":"Feature","properties":{"adm_cd2":"4117359000","adm_nm":"경기도 안양시동안구 호계2동","sggnm":"안양시동안구"},"geometry":{"type":"Polygon","coordinates":[[[126.95052,37.38689],[126.95642,37.37573],[126.95406,37.37494],[126.95134,37.37455],[126.9478,37.37532],[126.94669,37.37566],[126.9438,37.37799],[126.94066,37.37921],[126.93916,37.3804],[126.93908,37.38146],[126.9413,37.38613],[126.94178,37.38987],[126.94134,37.39182],[126.94402,37.39242],[126.95052,37.38689]]]}},{"type":"Feature","properties":{"adm_cd2":"4117360000","adm_nm":"경기도 안양시동안구 호계3동","sggnm":"안양시동안구"},"geometry":{"type":"Polygon","coordinates":[[[126.96532,37.37172],[126.96535,37.36735],[126.96434,37.36515],[126.9645,37.36464],[126.96617,37.36325],[126.96613,37.36219],[126.96214,37.36156],[126.95702,37.36603],[126.95313,37.36629],[126.95034,37.36737],[126.95363,37.36905],[126.96131,37.37118],[126.96625,37.3733],[126.96532,37.37172]]]}},{"type":"Feature","properties":{"adm_cd2":"4117361000","adm_nm":"경기도 안양시동안구 범계동","sggnm":"안양시동안구"},"geometry":{"type":"Polygon","coordinates":[[[126.9592,37.38502],[126.95272,37.38284],[126.95018,37.38743],[126.94812,37.38907],[126.95096,37.3911],[126.95517,37.39254],[126.9592,37.38502]]]}},{"type":"Feature","properties":{"adm_cd2":"4117362000","adm_nm":"경기도 안양시동안구 신촌동","sggnm":"안양시동안구"},"geometry":{"type":"Polygon","coordinates":[[[126.9592,37.37808],[126.9558,37.37694],[126.95272,37.38284],[126.9592,37.38502],[126.96148,37.38086],[126.9592,37.37808]]]}},{"type":"Feature","properties":{"adm_cd2":"4117363000","adm_nm":"경기도 안양시동안구 갈산동","sggnm":"안양시동안구"},"geometry":{"type":"Polygon","coordinates":[[[126.96625,37.3733],[126.96319,37.3722],[126.96079,37.37509],[126.9592,37.37808],[126.96148,37.38086],[126.96425,37.38202],[126.96611,37.38231],[126.97144,37.38027],[126.96625,37.3733]]]}},{"type":"Feature","properties":{"adm_cd2":"4121051000","adm_nm":"경기도 광명시 광명1동","sggnm":"광명시"},"geometry":{"type":"Polygon","coordinates":[[[126.86247,37.48332],[126.86107,37.48301],[126.8594,37.4831],[126.85751,37.48546],[126.85651,37.48569],[126.8577,37.4859],[126.85818,37.4863],[126.86187,37.49039],[126.86704,37.49296],[126.86623,37.49025],[126.86418,37.48912],[126.86214,37.48733],[126.86268,37.48648],[126.86247,37.48332]]]}},{"type":"Feature","properties":{"adm_cd2":"4121054000","adm_nm":"경기도 광명시 광명3동","sggnm":"광명시"},"geometry":{"type":"Polygon","coordinates":[[[126.86222,37.47713],[126.84648,37.4817],[126.84827,37.48236],[126.84824,37.48211],[126.85001,37.48166],[126.85189,37.48163],[126.85348,37.48264],[126.85544,37.4817],[126.85994,37.48038],[126.86121,37.48088],[126.86154,37.48137],[126.86222,37.47713]]]}},{"type":"Feature","properties":{"adm_cd2":"4121055000","adm_nm":"경기도 광명시 광명4동","sggnm":"광명시"},"geometry":{"type":"Polygon","coordinates":[[[126.85981,37.47597],[126.85762,37.4764],[126.85332,37.47605],[126.85306,37.47658],[126.85042,37.4771],[126.84938,37.47999],[126.84961,37.4808],[126.86055,37.47765],[126.85981,37.47597]]]}},{"type":"Feature","properties":{"adm_cd2":"4121056000","adm_nm":"경기도 광명시 광명5동","sggnm":"광명시"},"geometry":{"type":"Polygon","coordinates":[[[126.84938,37.47999],[126.85042,37.4771],[126.85306,37.47658],[126.85183,37.4739],[126.84851,37.47388],[126.84833,37.47355],[126.84555,37.47453],[126.84648,37.4817],[126.84961,37.4808],[126.84938,37.47999]]]}},{"type":"Feature","properties":{"adm_cd2":"4121057000","adm_nm":"경기도 광명시 광명6동","sggnm":"광명시"},"geometry":{"type":"Polygon","coordinates":[[[126.84833,37.47355],[126.84851,37.47388],[126.85183,37.4739],[126.8542,37.47268],[126.85351,37.47082],[126.85198,37.46853],[126.84899,37.46768],[126.84791,37.46795],[126.845,37.47123],[126.84182,37.46657],[126.84265,37.46243],[126.84115,37.4586],[126.84052,37.45814],[126.83883,37.4557],[126.83701,37.45601],[126.83835,37.45733],[126.83761,37.4584],[126.83628,37.45812],[126.83314,37.46035],[126.83225,37.45903],[126.82928,37.45778],[126.82923,37.4587],[126.82854,37.45956],[126.82597,37.4594],[126.82676,37.46167],[126.82768,37.46322],[126.83008,37.46473],[126.83106,37.46482],[126.83146,37.46635],[126.83258,37.46581],[126.83317,37.46589],[126.83351,37.4687],[126.83203,37.47342],[126.83253,37.47425],[126.8323,37.4763],[126.83288,37.47666],[126.83275,37.47702],[126.83301,37.47725],[126.83579,37.47526],[126.83685,37.47505],[126.83884,37.47546],[126.84,37.47479],[126.84101,37.47462],[126.84278,37.47492],[126.84418,37.47402],[126.84533,37.4738],[126.84555,37.47453],[126.84833,37.47355]]]}},{"type":"Feature","properties":{"adm_cd2":"4121058000","adm_nm":"경기도 광명시 광명7동","sggnm":"광명시"},"geometry":{"type":"Polygon","coordinates":[[[126.86016,37.47604],[126.86117,37.47531],[126.86183,37.47208],[126.86001,37.46846],[126.85727,37.46548],[126.85607,37.45911],[126.85439,37.45807],[126.84786,37.45803],[126.84717,37.45696],[126.84364,37.4564],[126.84052,37.45814],[126.84115,37.4586],[126.84265,37.46243],[126.84182,37.46657],[126.845,37.47123],[126.84791,37.46795],[126.84899,37.46768],[126.85198,37.46853],[126.85351,37.47082],[126.8542,37.47268],[126.85183,37.4739],[126.85306,37.47658],[126.85332,37.47605],[126.85762,37.4764],[126.86016,37.47604]]]}},{"type":"Feature","properties":{"adm_cd2":"4121059000","adm_nm":"경기도 광명시 철산1동","sggnm":"광명시"},"geometry":{"type":"Polygon","coordinates":[[[126.87398,37.48505],[126.8708,37.48666],[126.87035,37.48845],[126.86735,37.4871],[126.86527,37.48674],[126.86268,37.48648],[126.86214,37.48733],[126.86418,37.48912],[126.86623,37.49025],[126.86704,37.49296],[126.86831,37.4951],[126.86891,37.4951],[126.86961,37.4934],[126.86965,37.49252],[126.87278,37.4888],[126.87529,37.48853],[126.87515,37.48648],[126.87474,37.48538],[126.87398,37.48505]]]}},{"type":"Feature","properties":{"adm_cd2":"4121060000","adm_nm":"경기도 광명시 철산2동","sggnm":"광명시"},"geometry":{"type":"Polygon","coordinates":[[[126.87391,37.48333],[126.87278,37.48281],[126.87211,37.48153],[126.86721,37.48045],[126.86498,37.48138],[126.86388,37.4797],[126.86387,37.47842],[126.86306,37.47702],[126.86292,37.47682],[126.86222,37.47713],[126.86154,37.48137],[126.86247,37.48332],[126.86268,37.48648],[126.86735,37.4871],[126.87035,37.48845],[126.8708,37.48666],[126.87398,37.48505],[126.87391,37.48333]]]}},{"type":"Feature","properties":{"adm_cd2":"4121061000","adm_nm":"경기도 광명시 철산3동","sggnm":"광명시"},"geometry":{"type":"Polygon","coordinates":[[[126.87423,37.46835],[126.87236,37.47127],[126.87208,37.47131],[126.87135,37.47036],[126.86861,37.47009],[126.86683,37.4712],[126.8657,37.47109],[126.86548,37.4723],[126.86397,37.47588],[126.86292,37.47682],[126.86387,37.47842],[126.86391,37.47977],[126.86498,37.48138],[126.86703,37.48048],[126.86791,37.48059],[126.87211,37.48153],[126.87278,37.48281],[126.87391,37.48333],[126.87666,37.47756],[126.88065,37.47185],[126.87423,37.46835]]]}},{"type":"Feature","properties":{"adm_cd2":"4121062000","adm_nm":"경기도 광명시 철산4동","sggnm":"광명시"},"geometry":{"type":"Polygon","coordinates":[[[126.86395,37.47592],[126.86548,37.4723],[126.8657,37.47109],[126.86683,37.4712],[126.86707,37.47075],[126.86703,37.4702],[126.86489,37.46787],[126.86077,37.46979],[126.86183,37.47208],[126.86117,37.47531],[126.86016,37.47604],[126.85981,37.47597],[126.86055,37.47765],[126.86222,37.47713],[126.86395,37.47592]]]}},{"type":"Feature","properties":{"adm_cd2":"4121063100","adm_nm":"경기도 광명시 하안1동","sggnm":"광명시"},"geometry":{"type":"Polygon","coordinates":[[[126.86871,37.4669],[126.86978,37.46488],[126.87612,37.4606],[126.88108,37.45482],[126.87888,37.45297],[126.87679,37.45312],[126.87544,37.45276],[126.8715,37.45013],[126.86876,37.44587],[126.86644,37.44361],[126.8596,37.44657],[126.85722,37.45031],[126.85685,37.45312],[126.85699,37.45812],[126.85607,37.45911],[126.85727,37.46548],[126.86001,37.46846],[126.86077,37.46979],[126.86489,37.46787],[126.86703,37.4702],[126.86683,37.4712],[126.86861,37.47009],[126.87135,37.47036],[126.87208,37.47131],[126.87236,37.47127],[126.87423,37.46835],[126.86871,37.4669]]]}},{"type":"Feature","properties":{"adm_cd2":"4121063200","adm_nm":"경기도 광명시 하안2동","sggnm":"광명시"},"geometry":{"type":"Polygon","coordinates":[[[126.87612,37.4606],[126.86978,37.46488],[126.8687,37.46697],[126.87472,37.46844],[126.87974,37.46257],[126.87612,37.4606]]]}},{"type":"Feature","properties":{"adm_cd2":"4121063300","adm_nm":"경기도 광명시 하안3동","sggnm":"광명시"},"geometry":{"type":"Polygon","coordinates":[[[126.88865,37.46247],[126.8891,37.4614],[126.88865,37.46083],[126.88762,37.46113],[126.88667,37.46098],[126.88527,37.46006],[126.88638,37.4562],[126.88123,37.45639],[126.87928,37.45698],[126.87612,37.4606],[126.88578,37.46582],[126.88865,37.46247]]]}},{"type":"Feature","properties":{"adm_cd2":"4121063400","adm_nm":"경기도 광명시 하안4동","sggnm":"광명시"},"geometry":{"type":"Polygon","coordinates":[[[126.87974,37.46257],[126.87472,37.46844],[126.88065,37.47185],[126.88578,37.46582],[126.87974,37.46257]]]}},{"type":"Feature","properties":{"adm_cd2":"4121064000","adm_nm":"경기도 광명시 소하1동","sggnm":"광명시"},"geometry":{"type":"Polygon","coordinates":[[[126.88717,37.45557],[126.88962,37.45235],[126.89263,37.45192],[126.89407,37.45264],[126.89483,37.45085],[126.89509,37.44843],[126.89612,37.44585],[126.89823,37.44465],[126.89912,37.44104],[126.8991,37.4396],[126.89878,37.43911],[126.89938,37.43814],[126.90049,37.43736],[126.89965,37.43745],[126.89917,37.43392],[126.89781,37.43102],[126.89583,37.43063],[126.8954,37.43126],[126.89425,37.43183],[126.89151,37.43235],[126.89039,37.43146],[126.8876,37.43313],[126.89152,37.43597],[126.88443,37.43633],[126.885,37.44261],[126.88546,37.44342],[126.88386,37.44558],[126.88265,37.44538],[126.88232,37.44494],[126.87802,37.44427],[126.87485,37.44445],[126.86845,37.44557],[126.8715,37.45013],[126.87544,37.45276],[126.87679,37.45312],[126.87888,37.45297],[126.88108,37.45482],[126.87928,37.45698],[126.88123,37.45639],[126.88638,37.4562],[126.88717,37.45557]]]}},{"type":"Feature","properties":{"adm_cd2":"4121065500","adm_nm":"경기도 광명시 일직동","sggnm":"광명시"},"geometry":{"type":"Polygon","coordinates":[[[126.87485,37.42498],[126.8772,37.42384],[126.88118,37.42625],[126.88304,37.42638],[126.88564,37.42801],[126.88859,37.42821],[126.89039,37.43146],[126.89151,37.43235],[126.89425,37.43183],[126.8954,37.43126],[126.89583,37.43063],[126.89407,37.42903],[126.89461,37.42846],[126.89534,37.42855],[126.89627,37.42815],[126.89683,37.42714],[126.89648,37.42562],[126.89396,37.42168],[126.89189,37.42053],[126.89035,37.4204],[126.88895,37.41887],[126.88902,37.41818],[126.88961,37.41776],[126.88891,37.41256],[126.87994,37.41019],[126.87618,37.41096],[126.87512,37.41168],[126.87124,37.41255],[126.86995,37.41552],[126.8696,37.4206],[126.87014,37.42205],[126.87144,37.42248],[126.87261,37.42385],[126.87485,37.42498]]]}},{"type":"Feature","properties":{"adm_cd2":"4121066000","adm_nm":"경기도 광명시 학온동","sggnm":"광명시"},"geometry":{"type":"Polygon","coordinates":[[[126.86621,37.44068],[126.86657,37.43879],[126.86516,37.43505],[126.86553,37.43328],[126.86794,37.42887],[126.86732,37.42794],[126.86742,37.42668],[126.87048,37.42416],[126.87261,37.42385],[126.87144,37.42248],[126.87014,37.42205],[126.8696,37.4206],[126.86995,37.41552],[126.87124,37.41255],[126.87033,37.40763],[126.87089,37.40669],[126.87541,37.40679],[126.87731,37.4049],[126.877,37.40205],[126.87499,37.40157],[126.87061,37.40216],[126.86197,37.40151],[126.85769,37.40224],[126.85374,37.40547],[126.85284,37.40829],[126.84683,37.41167],[126.84632,37.41247],[126.8446,37.42097],[126.84551,37.42291],[126.84489,37.42383],[126.84193,37.42638],[126.84191,37.42785],[126.84004,37.43171],[126.84062,37.4331],[126.84186,37.4338],[126.84174,37.43443],[126.83975,37.4366],[126.83781,37.43693],[126.83771,37.44243],[126.83836,37.44622],[126.83847,37.45073],[126.83811,37.45294],[126.83883,37.4557],[126.84052,37.45814],[126.84364,37.4564],[126.84717,37.45696],[126.84786,37.45803],[126.85439,37.45807],[126.85607,37.45911],[126.85699,37.45812],[126.85685,37.45312],[126.85722,37.45031],[126.85942,37.44673],[126.86644,37.44361],[126.86621,37.44068]]]}},{"type":"Feature","properties":{"adm_cd2":"4122025000","adm_nm":"경기도 평택시 팽성읍","sggnm":"평택시"},"geometry":{"type":"Polygon","coordinates":[[[127.09969,36.97106],[127.10014,36.96877],[127.10058,36.96803],[127.1019,36.96664],[127.10443,36.96611],[127.10335,36.96521],[127.10089,36.96162],[127.0987,36.95998],[127.09727,36.96015],[127.09633,36.95923],[127.09638,36.95571],[127.09866,36.95442],[127.10081,36.95507],[127.10182,36.95469],[127.10169,36.95363],[127.09936,36.95207],[127.0981,36.95085],[127.09752,36.94981],[127.09686,36.94653],[127.09696,36.9444],[127.09601,36.94224],[127.09471,36.94184],[127.09365,36.94231],[127.09145,36.9439],[127.0899,36.94587],[127.08612,36.94781],[127.0838,36.94566],[127.07831,36.94241],[127.07593,36.94056],[127.07393,36.93839],[127.07138,36.94004],[127.06064,36.93952],[127.05651,36.9371],[127.04805,36.9335],[127.04189,36.93255],[127.03815,36.93245],[127.03485,36.93052],[127.0345,36.92951],[127.03173,36.92834],[127.0301,36.92863],[127.01586,36.93446],[127.01369,36.93475],[126.99541,36.93552],[126.98912,36.93335],[126.98533,36.93247],[126.9853,36.93487],[126.98415,36.94441],[126.98303,36.95037],[126.98142,36.95295],[126.98042,36.95674],[126.98001,36.96429],[126.97913,36.96916],[126.97696,36.97379],[126.97456,36.97607],[126.97368,36.97744],[126.97351,36.97867],[126.97605,36.98452],[126.9783,36.98777],[126.98027,36.98943],[126.98551,36.99263],[126.9878,36.99344],[126.9895,36.99357],[126.99267,36.99265],[126.99659,36.99017],[126.99806,36.98884],[127.00417,36.98519],[127.01599,36.97995],[127.0241,36.97744],[127.03087,36.97633],[127.03195,36.97654],[127.03472,36.97775],[127.0358,36.97932],[127.03607,36.98106],[127.03553,36.98295],[127.03565,36.98454],[127.0368,36.98739],[127.03955,36.99107],[127.04272,36.99152],[127.04839,36.99094],[127.04927,36.99109],[127.04995,36.99134],[127.05037,36.99195],[127.05096,36.99405],[127.05159,36.99497],[127.05343,36.99555],[127.05489,36.99374],[127.05812,36.99249],[127.06103,36.99331],[127.06236,36.9932],[127.06345,36.99197],[127.06345,36.99071],[127.0642,36.98962],[127.07059,36.98897],[127.07297,36.98816],[127.074,36.98737],[127.07564,36.98515],[127.08062,36.98334],[127.08356,36.98135],[127.08594,36.98067],[127.09065,36.98096],[127.09258,36.98058],[127.09389,36.97965],[127.09378,36.97873],[127.09241,36.97723],[127.09244,36.97642],[127.09382,36.97425],[127.09481,36.974],[127.09706,36.97496],[127.09788,36.97494],[127.09925,36.97449],[127.09974,36.97373],[127.09969,36.97106]]]}},{"type":"Feature","properties":{"adm_cd2":"4122025300","adm_nm":"경기도 평택시 안중읍","sggnm":"평택시"},"geometry":{"type":"Polygon","coordinates":[[[126.95317,37.01815],[126.95492,37.01553],[126.95409,37.01482],[126.9536,37.01388],[126.95314,37.00718],[126.95439,37.00438],[126.95936,37.00535],[126.9609,37.00521],[126.9642,37.00378],[126.96521,37.00181],[126.96543,37.00006],[126.96453,36.99818],[126.96315,36.99664],[126.96097,36.99547],[126.95673,36.99214],[126.96247,36.97671],[126.96481,36.97542],[126.97086,36.9788],[126.97351,36.97867],[126.97368,36.97744],[126.97456,36.97607],[126.97696,36.97379],[126.97913,36.96916],[126.98001,36.96429],[126.98026,36.95802],[126.97568,36.95801],[126.97318,36.96016],[126.96875,36.96205],[126.96194,36.96284],[126.95653,36.96148],[126.95754,36.9588],[126.9561,36.95664],[126.95525,36.9563],[126.95144,36.95797],[126.95019,36.96218],[126.94738,36.96626],[126.94723,36.9684],[126.94747,36.96921],[126.94686,36.97107],[126.94309,36.97318],[126.94257,36.97313],[126.93638,36.96932],[126.93544,36.96895],[126.93407,36.96894],[126.93195,36.96981],[126.92978,36.9715],[126.92894,36.97627],[126.92485,36.9776],[126.92317,36.9755],[126.92237,36.97302],[126.92164,36.97237],[126.91869,36.9714],[126.91497,36.9713],[126.91255,36.97256],[126.91154,36.97382],[126.91027,36.98115],[126.90478,36.98296],[126.90099,36.98295],[126.89986,36.98482],[126.89991,36.98579],[126.89881,36.98714],[126.89708,36.98723],[126.90061,36.9932],[126.90219,36.99655],[126.90213,37.00018],[126.89985,37.00284],[126.90015,37.00369],[126.90043,37.00405],[126.90172,37.0043],[126.90339,37.00389],[126.90644,37.00503],[126.90213,37.01284],[126.90624,37.0146],[126.90738,37.01443],[126.90837,37.01365],[126.90954,37.01349],[126.91144,37.01377],[126.91261,37.01506],[126.9135,37.0148],[126.91398,37.01394],[126.91441,37.01381],[126.9168,37.01561],[126.91866,37.01571],[126.92106,37.01677],[126.92242,37.01662],[126.92996,37.01737],[126.92952,37.02018],[126.9313,37.02083],[126.94419,37.02105],[126.94582,37.02005],[126.9481,37.02048],[126.94948,37.0211],[126.95317,37.01815]]]}},{"type":"Feature","properties":{"adm_cd2":"4122025600","adm_nm":"경기도 평택시 포승읍","sggnm":"평택시"},"geometry":{"type":"Polygon","coordinates":[[[126.90644,37.00503],[126.90339,37.00389],[126.90172,37.0043],[126.90043,37.00405],[126.90015,37.00369],[126.89985,37.00284],[126.90213,37.00018],[126.90231,36.99833],[126.90219,36.99655],[126.90061,36.9932],[126.89708,36.98723],[126.89445,36.98752],[126.89251,36.98816],[126.88985,36.98237],[126.89066,36.97258],[126.89113,36.97036],[126.89224,36.96848],[126.89616,36.96583],[126.89779,36.96067],[126.89173,36.95913],[126.88785,36.95949],[126.88588,36.95579],[126.88814,36.95096],[126.88943,36.94935],[126.8909,36.9487],[126.89304,36.9484],[126.89566,36.94958],[126.89885,36.94953],[126.89917,36.94915],[126.89891,36.94842],[126.89711,36.9462],[126.89564,36.945],[126.89508,36.94285],[126.89613,36.93931],[126.89384,36.9356],[126.89133,36.93372],[126.88698,36.93609],[126.86422,36.93269],[126.86547,36.93901],[126.86241,36.94885],[126.85905,36.95049],[126.84988,36.94537],[126.84424,36.95381],[126.8466,36.95497],[126.84658,36.95597],[126.84504,36.95776],[126.84402,36.95817],[126.84232,36.95741],[126.83592,36.96658],[126.83885,36.96792],[126.82536,36.98713],[126.82442,36.99033],[126.82729,36.9929],[126.82562,36.9952],[126.82422,36.99596],[126.81976,36.99545],[126.81325,36.996],[126.81242,36.99538],[126.81083,36.99559],[126.80974,36.99799],[126.80808,36.9986],[126.80374,36.99931],[126.79966,36.9994],[126.79705,36.99711],[126.79361,36.99509],[126.79021,36.99412],[126.78711,36.99524],[126.78359,36.99809],[126.78429,36.9985],[126.78586,36.99731],[126.78668,36.99784],[126.78562,36.99942],[126.78287,37.00215],[126.78158,37.00167],[126.78115,37.00051],[126.7799,37.00007],[126.77751,37.00195],[126.78185,37.00371],[126.79311,37.00521],[126.79522,37.00593],[126.7976,37.00803],[126.79691,37.01206],[126.82101,37.01338],[126.83806,37.01365],[126.84323,37.01457],[126.84693,37.01585],[126.85311,37.02],[126.85659,37.02419],[126.86072,37.02989],[126.8703,37.0324],[126.87327,37.03212],[126.87735,37.03017],[126.88066,37.02933],[126.88363,37.0289],[126.8885,37.02877],[126.89148,37.02786],[126.8946,37.02549],[126.89729,37.02193],[126.90644,37.00503]]]}},{"type":"Feature","properties":{"adm_cd2":"4122031000","adm_nm":"경기도 평택시 진위면","sggnm":"평택시"},"geometry":{"type":"Polygon","coordinates":[[[127.12332,37.14356],[127.12111,37.14167],[127.12058,37.1395],[127.1215,37.13896],[127.12161,37.13538],[127.12062,37.12951],[127.12021,37.12899],[127.11781,37.12884],[127.11495,37.12974],[127.11261,37.12807],[127.11257,37.12624],[127.10905,37.126],[127.10867,37.12481],[127.10979,37.11741],[127.11261,37.11385],[127.12511,37.0866],[127.12644,37.08159],[127.12389,37.07724],[127.12145,37.07641],[127.11396,37.07594],[127.10988,37.07596],[127.10807,37.07654],[127.10447,37.07601],[127.10364,37.07575],[127.10375,37.07524],[127.10197,37.07714],[127.10024,37.07842],[127.09734,37.07892],[127.09439,37.07875],[127.09177,37.07932],[127.09128,37.08025],[127.09008,37.08129],[127.08732,37.08277],[127.08669,37.08284],[127.08444,37.08216],[127.08211,37.08317],[127.08026,37.08608],[127.07964,37.08775],[127.07973,37.08965],[127.07594,37.09345],[127.07429,37.09385],[127.07052,37.09364],[127.0686,37.09311],[127.06554,37.09168],[127.06319,37.09113],[127.05988,37.09123],[127.05636,37.09152],[127.05419,37.09241],[127.05288,37.09363],[127.0489,37.09443],[127.04615,37.09495],[127.04171,37.09453],[127.04074,37.09503],[127.04026,37.09994],[127.04099,37.1021],[127.04203,37.10319],[127.04645,37.10325],[127.0494,37.10415],[127.0494,37.10571],[127.04772,37.10728],[127.04689,37.10914],[127.04714,37.11006],[127.04827,37.11091],[127.04996,37.11154],[127.05026,37.11204],[127.05041,37.11534],[127.0527,37.11715],[127.05318,37.12485],[127.05249,37.12785],[127.05237,37.13072],[127.0533,37.13195],[127.0557,37.13352],[127.05669,37.13242],[127.05807,37.13196],[127.06082,37.1323],[127.06509,37.13194],[127.06498,37.13117],[127.06637,37.13122],[127.06592,37.12983],[127.06631,37.12865],[127.06614,37.12769],[127.06679,37.12673],[127.06896,37.12816],[127.07114,37.12561],[127.07271,37.12591],[127.07304,37.12537],[127.0741,37.12554],[127.07488,37.12639],[127.07821,37.12745],[127.07928,37.12816],[127.07927,37.12577],[127.08124,37.12631],[127.08255,37.12631],[127.08347,37.12734],[127.0862,37.12675],[127.08904,37.12794],[127.08902,37.12847],[127.09017,37.1296],[127.08998,37.12992],[127.09079,37.13004],[127.0929,37.12935],[127.09107,37.13099],[127.09153,37.13135],[127.08774,37.1348],[127.089,37.1353],[127.08916,37.13591],[127.09088,37.13655],[127.0916,37.13728],[127.09393,37.13641],[127.09786,37.13686],[127.09815,37.13772],[127.0977,37.13881],[127.10035,37.14229],[127.10249,37.1434],[127.10365,37.14357],[127.10372,37.14234],[127.10416,37.14192],[127.10923,37.14269],[127.11088,37.14381],[127.11413,37.14462],[127.11895,37.14378],[127.1227,37.14451],[127.12332,37.14356]]]}},{"type":"Feature","properties":{"adm_cd2":"4122032000","adm_nm":"경기도 평택시 서탄면","sggnm":"평택시"},"geometry":{"type":"Polygon","coordinates":[[[127.05318,37.12485],[127.0527,37.11715],[127.05041,37.11534],[127.05026,37.11204],[127.04996,37.11154],[127.04827,37.11091],[127.04714,37.11006],[127.04689,37.10914],[127.04772,37.10728],[127.0494,37.10571],[127.0494,37.10415],[127.04645,37.10325],[127.04203,37.10319],[127.04099,37.1021],[127.04026,37.09994],[127.04074,37.09503],[127.0418,37.09453],[127.04193,37.09337],[127.04305,37.09343],[127.04364,37.09307],[127.04448,37.09169],[127.04448,37.08397],[127.04416,37.08347],[127.04491,37.08141],[127.04571,37.08024],[127.04548,37.07539],[127.04436,37.07477],[127.04398,37.07487],[127.04362,37.0752],[127.0436,37.07628],[127.04282,37.07779],[127.04079,37.07804],[127.03792,37.07743],[127.0339,37.07602],[127.03278,37.07491],[127.02971,37.07301],[127.02834,37.07422],[127.02609,37.07405],[127.0198,37.07064],[127.0145,37.06912],[127.00785,37.06819],[127.00592,37.07017],[127.00561,37.07137],[127.00279,37.07332],[127.00117,37.07396],[127.00015,37.07326],[126.99713,37.07004],[126.99513,37.07005],[126.99173,37.08477],[126.99271,37.08859],[126.99359,37.08958],[126.99777,37.09126],[126.99893,37.09259],[126.99704,37.09713],[126.99703,37.09782],[126.99831,37.10057],[126.99785,37.10445],[126.99688,37.10662],[126.99629,37.10703],[126.99573,37.1082],[126.99666,37.11198],[126.99744,37.11264],[127.00069,37.11839],[127.00205,37.12177],[127.00239,37.12362],[127.00234,37.12388],[126.99951,37.12241],[126.9981,37.12309],[126.99914,37.12364],[126.99952,37.12351],[127.00243,37.12438],[127.00383,37.12695],[127.00537,37.1281],[127.01346,37.12898],[127.0175,37.12992],[127.02065,37.13173],[127.02422,37.13322],[127.02516,37.13279],[127.02887,37.13337],[127.03023,37.13398],[127.0304,37.13457],[127.03563,37.13602],[127.03852,37.13576],[127.03776,37.13458],[127.03768,37.13367],[127.03819,37.13178],[127.04117,37.12888],[127.04557,37.12635],[127.04525,37.12926],[127.0487,37.12994],[127.05233,37.12962],[127.05318,37.12485]]]}},{"type":"Feature","properties":{"adm_cd2":"4122033000","adm_nm":"경기도 평택시 고덕면","sggnm":"평택시"},"geometry":{"type":"Polygon","coordinates":[[[127.04135,37.06588],[127.03984,37.06509],[127.03917,37.06177],[127.03673,37.06232],[127.03515,37.06083],[127.03345,37.06045],[127.02787,37.06161],[127.02412,37.06134],[127.0225,37.06022],[127.02165,37.06037],[127.01996,37.05866],[127.01702,37.05828],[127.01463,37.05699],[127.01467,37.05647],[127.01321,37.0559],[127.01425,37.05563],[127.01403,37.05371],[127.01466,37.05303],[127.0145,37.05234],[127.01292,37.05169],[127.01235,37.04992],[127.01254,37.04564],[127.01363,37.04381],[127.01377,37.04093],[127.01551,37.04078],[127.01604,37.04153],[127.01705,37.04147],[127.01704,37.03735],[127.01767,37.03515],[127.02148,37.03175],[127.01986,37.0306],[127.01944,37.02995],[127.01955,37.02595],[127.02681,37.02663],[127.03343,37.02603],[127.03877,37.02494],[127.04504,37.02459],[127.05425,37.02475],[127.05384,37.02253],[127.05457,37.01959],[127.05876,37.01213],[127.05979,37.01129],[127.06035,37.00849],[127.05827,37.00716],[127.05735,37.00563],[127.05879,37.00312],[127.05845,37.00274],[127.0532,37.0019],[127.04768,36.99655],[127.04635,36.99417],[127.04717,36.99211],[127.04715,36.99112],[127.04272,36.99152],[127.03955,36.99107],[127.04004,36.99279],[127.03965,36.99434],[127.03711,36.99669],[127.035,36.99781],[127.02991,37.00175],[127.02987,37.00423],[127.02834,37.00893],[127.02741,37.00999],[127.02529,37.01009],[127.01974,37.00769],[127.01806,37.00748],[127.0163,37.00768],[127.01531,37.00832],[127.01635,37.01336],[127.01709,37.02155],[127.01706,37.02298],[127.01639,37.02377],[127.01499,37.02405],[127.01107,37.02369],[127.00943,37.02461],[127.00797,37.02713],[127.00764,37.02718],[127.00449,37.02636],[126.99865,37.02637],[126.99983,37.02772],[127.00356,37.0303],[127.00392,37.03114],[126.9999,37.0336],[126.9979,37.03379],[126.99685,37.03357],[126.99448,37.03425],[126.99352,37.03601],[126.99361,37.03723],[126.99501,37.04108],[126.99789,37.04659],[126.99825,37.0482],[126.99814,37.04919],[126.99664,37.05349],[126.99168,37.0557],[126.99081,37.05714],[126.99117,37.05915],[126.99205,37.06078],[126.99316,37.06246],[126.99622,37.06544],[126.99632,37.06661],[126.99566,37.06994],[126.99713,37.07004],[127.00015,37.07326],[127.00117,37.07396],[127.00279,37.07332],[127.00561,37.07137],[127.00592,37.07017],[127.00785,37.06819],[127.0145,37.06912],[127.0198,37.07064],[127.02609,37.07405],[127.02834,37.07422],[127.02971,37.07301],[127.03278,37.07491],[127.0339,37.07602],[127.03792,37.07743],[127.03822,37.0763],[127.04004,37.07456],[127.04203,37.0703],[127.04271,37.0673],[127.04135,37.06588]]]}},{"type":"Feature","properties":{"adm_cd2":"4122034000","adm_nm":"경기도 평택시 오성면","sggnm":"평택시"},"geometry":{"type":"Polygon","coordinates":[[[127.00449,37.02636],[127.00764,37.02718],[127.00797,37.02713],[127.00943,37.02461],[127.01107,37.02369],[127.01499,37.02405],[127.01639,37.02377],[127.01706,37.02298],[127.01709,37.02155],[127.01635,37.01336],[127.01531,37.00832],[127.0163,37.00768],[127.01806,37.00748],[127.01974,37.00769],[127.02529,37.01009],[127.02741,37.00999],[127.02834,37.00893],[127.02987,37.00423],[127.02991,37.00175],[127.035,36.99781],[127.03711,36.99669],[127.03965,36.99434],[127.04004,36.99279],[127.03961,36.99121],[127.0368,36.98739],[127.03565,36.98454],[127.03553,36.98295],[127.03607,36.98106],[127.03604,36.97998],[127.03472,36.97775],[127.03087,36.97633],[127.0241,36.97744],[127.01599,36.97995],[127.00417,36.98519],[126.99806,36.98884],[126.99659,36.99017],[126.99267,36.99265],[126.9895,36.99357],[126.9878,36.99344],[126.98551,36.99263],[126.98027,36.98943],[126.9783,36.98777],[126.97605,36.98452],[126.97351,36.97867],[126.97086,36.9788],[126.96481,36.97542],[126.96247,36.97671],[126.95673,36.99214],[126.96097,36.99547],[126.96315,36.99664],[126.96453,36.99818],[126.96543,37.00006],[126.96521,37.00181],[126.9642,37.00378],[126.9609,37.00521],[126.95936,37.00535],[126.95439,37.00438],[126.95314,37.00718],[126.9536,37.01388],[126.95409,37.01482],[126.95492,37.01553],[126.95317,37.01815],[126.94948,37.0211],[126.94791,37.02102],[126.94651,37.0231],[126.94604,37.02468],[126.94852,37.02766],[126.94867,37.02909],[126.94812,37.03072],[126.94837,37.0315],[126.95139,37.03226],[126.95265,37.03134],[126.95522,37.0305],[126.95785,37.03031],[126.9606,37.02913],[126.96221,37.02697],[126.96418,37.02656],[126.96502,37.02663],[126.96595,37.02743],[126.97153,37.02903],[126.97713,37.02916],[126.984,37.02832],[126.99318,37.02421],[126.99693,37.02433],[126.99865,37.02637],[127.00449,37.02636]]]}},{"type":"Feature","properties":{"adm_cd2":"4122025900","adm_nm":"경기도 평택시 청북읍","sggnm":"평택시"},"geometry":{"type":"Polygon","coordinates":[[[126.99566,37.06994],[126.9959,37.06903],[126.99632,37.06661],[126.99622,37.06544],[126.99316,37.06246],[126.99205,37.06078],[126.99117,37.05915],[126.99081,37.05714],[126.99168,37.0557],[126.99664,37.05349],[126.99768,37.05096],[126.99825,37.0482],[126.99789,37.04659],[126.99501,37.04108],[126.99361,37.03723],[126.99352,37.03601],[126.99448,37.03425],[126.99685,37.03357],[126.9979,37.03379],[126.9999,37.0336],[127.00211,37.03245],[127.00394,37.03104],[127.00356,37.0303],[126.99983,37.02772],[126.99723,37.02461],[126.99652,37.0242],[126.99281,37.02428],[126.984,37.02832],[126.97713,37.02916],[126.97153,37.02903],[126.96595,37.02743],[126.96502,37.02663],[126.96385,37.0266],[126.96221,37.02697],[126.9606,37.02913],[126.95785,37.03031],[126.95522,37.0305],[126.95265,37.03134],[126.9512,37.03226],[126.94837,37.0315],[126.94812,37.03072],[126.94867,37.02909],[126.94852,37.02766],[126.94604,37.02468],[126.94651,37.0231],[126.94791,37.02102],[126.94948,37.0211],[126.9481,37.02048],[126.94573,37.02006],[126.94419,37.02105],[126.9313,37.02083],[126.92952,37.02018],[126.92996,37.01737],[126.92242,37.01662],[126.92106,37.01677],[126.91866,37.01571],[126.9168,37.01561],[126.91441,37.01381],[126.91398,37.01394],[126.9135,37.0148],[126.91261,37.01506],[126.91144,37.01377],[126.90954,37.01349],[126.90837,37.01365],[126.90738,37.01443],[126.90624,37.0146],[126.90213,37.01284],[126.89729,37.02193],[126.8946,37.02549],[126.89148,37.02786],[126.8885,37.02877],[126.88363,37.0289],[126.88004,37.02948],[126.87569,37.03082],[126.87327,37.03212],[126.8719,37.03232],[126.86842,37.03211],[126.86072,37.02989],[126.87242,37.04662],[126.87583,37.05069],[126.88121,37.05829],[126.88253,37.06081],[126.88376,37.06648],[126.89138,37.06703],[126.89623,37.0685],[126.90108,37.0702],[126.90207,37.07204],[126.90491,37.07364],[126.90575,37.0733],[126.90597,37.0722],[126.9049,37.07152],[126.90577,37.06966],[126.9063,37.06929],[126.91039,37.06883],[126.91271,37.06739],[126.91284,37.06681],[126.91488,37.06577],[126.91942,37.06519],[126.92205,37.0653],[126.92318,37.0664],[126.92715,37.06788],[126.92865,37.06804],[126.93024,37.0671],[126.93183,37.06326],[126.93165,37.06269],[126.94038,37.06081],[126.94409,37.0633],[126.94549,37.06556],[126.95137,37.06856],[126.95264,37.06823],[126.95645,37.06827],[126.95892,37.06877],[126.96125,37.06982],[126.96283,37.06963],[126.96478,37.06886],[126.9664,37.06911],[126.96748,37.07207],[126.96806,37.07297],[126.96883,37.07343],[126.97314,37.07203],[126.97428,37.07101],[126.97554,37.0706],[126.98463,37.07165],[126.98604,37.07131],[126.9876,37.07045],[126.99566,37.06994]]]}},{"type":"Feature","properties":{"adm_cd2":"4122037000","adm_nm":"경기도 평택시 현덕면","sggnm":"평택시"},"geometry":{"type":"Polygon","coordinates":[[[126.89881,36.98714],[126.89991,36.98579],[126.89986,36.98482],[126.90099,36.98295],[126.90478,36.98296],[126.91027,36.98115],[126.91154,36.97382],[126.91255,36.97256],[126.91497,36.9713],[126.91869,36.9714],[126.92164,36.97237],[126.92237,36.97302],[126.92317,36.9755],[126.92485,36.9776],[126.92894,36.97627],[126.92978,36.9715],[126.93195,36.96981],[126.93407,36.96894],[126.93544,36.96895],[126.93638,36.96932],[126.94257,36.97313],[126.94309,36.97318],[126.94686,36.97107],[126.94747,36.96921],[126.94723,36.9684],[126.94738,36.96626],[126.95019,36.96218],[126.95144,36.95797],[126.95525,36.9563],[126.9561,36.95664],[126.95754,36.9588],[126.95653,36.96148],[126.96194,36.96284],[126.96875,36.96205],[126.97318,36.96016],[126.97568,36.95801],[126.98026,36.95802],[126.98142,36.95295],[126.98303,36.95037],[126.98415,36.94441],[126.9853,36.93487],[126.98533,36.93247],[126.97285,36.92622],[126.96422,36.9241],[126.94323,36.918],[126.91706,36.90536],[126.91204,36.90446],[126.90864,36.9051],[126.9059,36.91631],[126.90616,36.91953],[126.90549,36.92334],[126.9045,36.92598],[126.90062,36.93056],[126.89586,36.93371],[126.89266,36.93475],[126.89384,36.9356],[126.89613,36.93931],[126.89508,36.94285],[126.89564,36.945],[126.89711,36.9462],[126.89891,36.94842],[126.8991,36.94941],[126.89538,36.94953],[126.89304,36.9484],[126.8909,36.9487],[126.88943,36.94935],[126.88814,36.95096],[126.88588,36.95579],[126.88785,36.95949],[126.89173,36.95913],[126.89779,36.96067],[126.89616,36.96583],[126.89224,36.96848],[126.89113,36.97036],[126.89066,36.97258],[126.88985,36.98237],[126.89251,36.98816],[126.89445,36.98752],[126.89881,36.98714]]]}},{"type":"Feature","properties":{"adm_cd2":"4122052000","adm_nm":"경기도 평택시 서정동","sggnm":"평택시"},"geometry":{"type":"Polygon","coordinates":[[[127.04655,37.07425],[127.05194,37.07219],[127.05328,37.07263],[127.0546,37.07251],[127.05685,37.07339],[127.06088,37.0737],[127.06188,37.07375],[127.06381,37.07308],[127.06526,37.07183],[127.06805,37.07025],[127.06837,37.06949],[127.06742,37.06594],[127.06652,37.0652],[127.06144,37.06537],[127.05994,37.06321],[127.05823,37.06221],[127.05351,37.06238],[127.05368,37.06556],[127.04928,37.06585],[127.04271,37.0673],[127.04203,37.0703],[127.04004,37.07456],[127.03822,37.0763],[127.03792,37.07743],[127.04079,37.07804],[127.04258,37.07791],[127.04355,37.07643],[127.04384,37.07495],[127.04436,37.07477],[127.04548,37.07539],[127.04655,37.07425]]]}},{"type":"Feature","properties":{"adm_cd2":"4122053500","adm_nm":"경기도 평택시 송탄동","sggnm":"평택시"},"geometry":{"type":"Polygon","coordinates":[[[127.06939,37.02667],[127.06945,37.02794],[127.071,37.02852],[127.06982,37.038],[127.06791,37.04016],[127.06695,37.0407],[127.06945,37.04235],[127.07196,37.04044],[127.0727,37.04214],[127.07084,37.04484],[127.06934,37.04777],[127.07108,37.04968],[127.07314,37.05029],[127.0781,37.05103],[127.07859,37.05169],[127.07784,37.05256],[127.0772,37.05512],[127.07707,37.05806],[127.07556,37.0598],[127.07543,37.06058],[127.07522,37.06453],[127.07607,37.06565],[127.07631,37.06667],[127.07634,37.06757],[127.07585,37.069],[127.07974,37.06927],[127.08144,37.06881],[127.08377,37.06908],[127.08566,37.07004],[127.08811,37.06891],[127.09469,37.06788],[127.10217,37.06739],[127.10284,37.06779],[127.10404,37.06615],[127.10673,37.06486],[127.11398,37.06509],[127.11542,37.06473],[127.11847,37.06267],[127.12024,37.06271],[127.12553,37.06472],[127.1283,37.06329],[127.13063,37.05823],[127.12739,37.05252],[127.12661,37.05209],[127.12389,37.05156],[127.12218,37.05042],[127.12074,37.04835],[127.11967,37.04609],[127.11477,37.04216],[127.11343,37.04177],[127.11229,37.04197],[127.11005,37.0409],[127.10529,37.03575],[127.10533,37.03519],[127.10705,37.03292],[127.10849,37.03178],[127.11241,37.02908],[127.11564,37.02749],[127.11694,37.02721],[127.11606,37.02512],[127.11479,37.02546],[127.10993,37.02324],[127.1034,37.02269],[127.10054,37.02287],[127.09836,37.02162],[127.09587,37.02291],[127.08595,37.02378],[127.08336,37.02445],[127.06754,37.0244],[127.0679,37.02616],[127.06939,37.02667]]]}},{"type":"Feature","properties":{"adm_cd2":"4122055000","adm_nm":"경기도 평택시 지산동","sggnm":"평택시"},"geometry":{"type":"Polygon","coordinates":[[[127.06381,37.07308],[127.06188,37.07375],[127.05685,37.07339],[127.0546,37.07251],[127.05408,37.07557],[127.05408,37.07942],[127.05464,37.08128],[127.05582,37.08124],[127.05715,37.07962],[127.06112,37.07963],[127.06265,37.0801],[127.06577,37.07446],[127.06585,37.07299],[127.06526,37.07183],[127.06381,37.07308]]]}},{"type":"Feature","properties":{"adm_cd2":"4122056000","adm_nm":"경기도 평택시 송북동","sggnm":"평택시"},"geometry":{"type":"Polygon","coordinates":[[[127.10482,37.07442],[127.10272,37.073],[127.10231,37.06868],[127.10284,37.06779],[127.10244,37.06745],[127.09663,37.06768],[127.09069,37.06848],[127.08811,37.06891],[127.08566,37.07004],[127.08377,37.06908],[127.08144,37.06881],[127.07974,37.06927],[127.07585,37.069],[127.0744,37.06802],[127.06805,37.07025],[127.06526,37.07183],[127.06585,37.07299],[127.06577,37.07446],[127.06265,37.0801],[127.06112,37.07963],[127.05715,37.07962],[127.05582,37.08124],[127.05464,37.08128],[127.05902,37.09134],[127.06319,37.09113],[127.06554,37.09168],[127.06995,37.09354],[127.07429,37.09385],[127.07648,37.09315],[127.07973,37.08965],[127.07964,37.08775],[127.08026,37.08608],[127.08211,37.08317],[127.08444,37.08216],[127.08669,37.08284],[127.08732,37.08277],[127.09008,37.08129],[127.09128,37.08025],[127.09177,37.07932],[127.09439,37.07875],[127.09734,37.07892],[127.10024,37.07842],[127.10197,37.07714],[127.10482,37.07442]]]}},{"type":"Feature","properties":{"adm_cd2":"4122057000","adm_nm":"경기도 평택시 신장1동","sggnm":"평택시"},"geometry":{"type":"Polygon","coordinates":[[[127.05464,37.08128],[127.04964,37.08017],[127.04571,37.08024],[127.04491,37.08141],[127.04416,37.08347],[127.04448,37.08397],[127.04448,37.09169],[127.04364,37.09307],[127.04305,37.09343],[127.04193,37.09337],[127.0418,37.09453],[127.04615,37.09495],[127.05288,37.09363],[127.05419,37.09241],[127.05636,37.09152],[127.05902,37.09134],[127.05464,37.08128]]]}},{"type":"Feature","properties":{"adm_cd2":"4122058000","adm_nm":"경기도 평택시 신장2동","sggnm":"평택시"},"geometry":{"type":"Polygon","coordinates":[[[127.05328,37.07263],[127.05194,37.07219],[127.04874,37.0732],[127.04625,37.07442],[127.04548,37.07539],[127.04571,37.08024],[127.04964,37.08017],[127.05464,37.08128],[127.05408,37.07942],[127.05408,37.07557],[127.0546,37.07251],[127.05328,37.07263]]]}},{"type":"Feature","properties":{"adm_cd2":"4122059000","adm_nm":"경기도 평택시 신평동","sggnm":"평택시"},"geometry":{"type":"Polygon","coordinates":[[[127.11103,36.98988],[127.11764,36.991],[127.12319,36.99123],[127.1217,36.99044],[127.12199,36.98932],[127.12009,36.98841],[127.1186,36.98728],[127.11778,36.98654],[127.11762,36.98594],[127.11892,36.98564],[127.1211,36.98411],[127.12442,36.98443],[127.12451,36.97679],[127.12515,36.97524],[127.1195,36.96913],[127.11582,36.97114],[127.11106,36.97088],[127.11052,36.97],[127.10443,36.96611],[127.1019,36.96664],[127.10014,36.96877],[127.09969,36.97106],[127.09974,36.97373],[127.1009,36.97441],[127.08265,36.99357],[127.08478,36.9951],[127.11103,36.98988]]]}},{"type":"Feature","properties":{"adm_cd2":"4122065000","adm_nm":"경기도 평택시 동삭동","sggnm":"평택시"},"geometry":{"type":"Polygon","coordinates":[[[127.10993,37.02324],[127.11479,37.02546],[127.11606,37.02512],[127.11405,37.02251],[127.11416,37.02096],[127.11495,37.02025],[127.11416,37.01901],[127.11232,37.01791],[127.10957,37.01828],[127.10567,37.01721],[127.10374,37.01419],[127.10268,37.01],[127.10029,37.00903],[127.09867,37.00797],[127.09698,37.0062],[127.09609,37.00579],[127.09488,37.00687],[127.0904,37.00678],[127.092,37.00967],[127.09223,37.01228],[127.0888,37.01437],[127.0876,37.01253],[127.08594,37.01218],[127.08595,37.02378],[127.09587,37.02291],[127.09836,37.02162],[127.10054,37.02287],[127.10634,37.02283],[127.10993,37.02324]]]}},{"type":"Feature","properties":{"adm_cd2":"4122063000","adm_nm":"경기도 평택시 비전2동","sggnm":"평택시"},"geometry":{"type":"Polygon","coordinates":[[[127.13059,36.99327],[127.13462,36.9929],[127.13618,36.99337],[127.13456,36.98929],[127.13317,36.98785],[127.13061,36.98668],[127.13123,36.98564],[127.13428,36.98544],[127.13637,36.98472],[127.13643,36.98293],[127.14114,36.97971],[127.14112,36.97872],[127.13978,36.97862],[127.1377,36.98006],[127.13641,36.98007],[127.13719,36.97849],[127.13531,36.97795],[127.13532,36.97756],[127.13397,36.97751],[127.13398,36.9768],[127.12451,36.97679],[127.12442,36.98443],[127.1211,36.98411],[127.11892,36.98564],[127.11762,36.98594],[127.11778,36.98654],[127.1186,36.98728],[127.12009,36.98841],[127.12199,36.98932],[127.1217,36.99044],[127.12319,36.99123],[127.11764,36.991],[127.11103,36.98988],[127.09397,36.99351],[127.09508,36.99725],[127.0946,36.99778],[127.09541,36.99822],[127.09671,36.9981],[127.09955,36.99938],[127.10111,36.999],[127.10162,37.00054],[127.11077,36.99865],[127.11672,36.99854],[127.12276,36.99903],[127.12701,37.00132],[127.13059,36.99327]]]}},{"type":"Feature","properties":{"adm_cd2":"4125051000","adm_nm":"경기도 동두천시 생연1동","sggnm":"동두천시"},"geometry":{"type":"Polygon","coordinates":[[[127.07748,37.90798],[127.07606,37.90516],[127.07416,37.90389],[127.07171,37.9049],[127.06995,37.90499],[127.06831,37.90465],[127.06794,37.90414],[127.06643,37.90338],[127.06301,37.90202],[127.06092,37.90185],[127.05804,37.90319],[127.05835,37.90908],[127.05776,37.91306],[127.05873,37.91243],[127.06152,37.91306],[127.0645,37.91656],[127.07089,37.91603],[127.07319,37.91473],[127.0725,37.91232],[127.07526,37.91123],[127.07748,37.90798]]]}},{"type":"Feature","properties":{"adm_cd2":"4125052000","adm_nm":"경기도 동두천시 생연2동","sggnm":"동두천시"},"geometry":{"type":"Polygon","coordinates":[[[127.05597,37.89637],[127.05237,37.89585],[127.04959,37.89596],[127.04886,37.8973],[127.04735,37.89741],[127.04377,37.89669],[127.04355,37.89788],[127.04398,37.89985],[127.04777,37.90348],[127.04878,37.90331],[127.04954,37.90443],[127.04961,37.90509],[127.05304,37.9049],[127.05653,37.90344],[127.05597,37.89637]]]}},{"type":"Feature","properties":{"adm_cd2":"4125053500","adm_nm":"경기도 동두천시 중앙동","sggnm":"동두천시"},"geometry":{"type":"Polygon","coordinates":[[[127.05835,37.90908],[127.05801,37.90357],[127.05653,37.90344],[127.05304,37.9049],[127.04961,37.90509],[127.04985,37.90875],[127.05015,37.90945],[127.05343,37.91177],[127.05525,37.91449],[127.05776,37.91306],[127.05835,37.90908]]]}},{"type":"Feature","properties":{"adm_cd2":"4125055000","adm_nm":"경기도 동두천시 보산동","sggnm":"동두천시"},"geometry":{"type":"Polygon","coordinates":[[[127.11475,37.91613],[127.11327,37.91461],[127.10709,37.91433],[127.09807,37.91191],[127.08961,37.91243],[127.08336,37.91355],[127.0818,37.91448],[127.07752,37.91273],[127.07526,37.91123],[127.0725,37.91232],[127.07319,37.91473],[127.07089,37.91603],[127.0647,37.91664],[127.06152,37.91306],[127.05873,37.91243],[127.05525,37.91449],[127.0552,37.91644],[127.05157,37.92012],[127.05063,37.92244],[127.05409,37.92388],[127.05908,37.92432],[127.06223,37.92545],[127.0626,37.92631],[127.06156,37.92725],[127.06057,37.9295],[127.06168,37.93077],[127.06305,37.93149],[127.06571,37.93073],[127.07101,37.93448],[127.07446,37.93595],[127.07532,37.93792],[127.07753,37.93874],[127.08174,37.93781],[127.08589,37.93736],[127.08746,37.93752],[127.09221,37.94042],[127.09385,37.94242],[127.09605,37.94365],[127.10234,37.94078],[127.10801,37.93909],[127.10814,37.93815],[127.10948,37.93552],[127.11525,37.9283],[127.1182,37.92261],[127.12023,37.91779],[127.1209,37.91703],[127.11475,37.91613]]]}},{"type":"Feature","properties":{"adm_cd2":"4125056500","adm_nm":"경기도 동두천시 불현동","sggnm":"동두천시"},"geometry":{"type":"Polygon","coordinates":[[[127.15311,37.8899],[127.14946,37.88439],[127.14696,37.87603],[127.14209,37.87568],[127.13984,37.87621],[127.13674,37.87506],[127.13478,37.87373],[127.1317,37.87311],[127.12856,37.87391],[127.12356,37.86983],[127.12316,37.86716],[127.12035,37.86605],[127.11755,37.86623],[127.11368,37.86548],[127.11193,37.86435],[127.11125,37.86214],[127.10919,37.85985],[127.10705,37.86238],[127.10339,37.8654],[127.10188,37.86595],[127.09886,37.86628],[127.09598,37.8674],[127.09147,37.87121],[127.08788,37.87208],[127.08753,37.87586],[127.08635,37.87934],[127.08327,37.88016],[127.06996,37.88567],[127.06345,37.88561],[127.06174,37.88472],[127.06042,37.8845],[127.05875,37.88516],[127.05664,37.88678],[127.05693,37.89122],[127.05785,37.89619],[127.05597,37.89637],[127.05653,37.90344],[127.05801,37.90357],[127.05804,37.90319],[127.06069,37.90184],[127.06301,37.90202],[127.06643,37.90338],[127.06794,37.90414],[127.06831,37.90465],[127.06995,37.90499],[127.07171,37.9049],[127.07416,37.90389],[127.07606,37.90516],[127.07748,37.90798],[127.07526,37.91123],[127.07752,37.91273],[127.0818,37.91448],[127.08336,37.91355],[127.08961,37.91243],[127.09807,37.91191],[127.10709,37.91433],[127.11327,37.91461],[127.11475,37.91613],[127.1209,37.91703],[127.12197,37.91648],[127.12712,37.91566],[127.12738,37.91597],[127.12913,37.91634],[127.13284,37.91592],[127.13348,37.91552],[127.13512,37.91332],[127.13624,37.9131],[127.13876,37.91403],[127.14399,37.91267],[127.14596,37.91187],[127.14663,37.91081],[127.14786,37.90663],[127.14675,37.90442],[127.14673,37.9028],[127.14775,37.90271],[127.14971,37.90138],[127.15027,37.90058],[127.14966,37.89792],[127.15346,37.89602],[127.15565,37.89568],[127.15311,37.8899]]]}},{"type":"Feature","properties":{"adm_cd2":"4125058000","adm_nm":"경기도 동두천시 소요동","sggnm":"동두천시"},"geometry":{"type":"Polygon","coordinates":[[[127.09254,37.97086],[127.09414,37.96801],[127.09269,37.96384],[127.09224,37.96005],[127.09257,37.95923],[127.09449,37.95719],[127.09558,37.95647],[127.09883,37.95533],[127.09924,37.95458],[127.09912,37.95246],[127.09803,37.95107],[127.09631,37.95018],[127.09558,37.94902],[127.09629,37.94682],[127.09641,37.94525],[127.09605,37.94365],[127.09385,37.94242],[127.09221,37.94042],[127.08721,37.93748],[127.08589,37.93736],[127.08174,37.93781],[127.07753,37.93874],[127.07532,37.93792],[127.07446,37.93595],[127.07101,37.93448],[127.06571,37.93073],[127.06305,37.93149],[127.06168,37.93077],[127.06057,37.9295],[127.06156,37.92725],[127.0626,37.92631],[127.06223,37.92545],[127.05908,37.92432],[127.05409,37.92388],[127.05063,37.92244],[127.05157,37.92012],[127.04825,37.91941],[127.04661,37.91826],[127.04581,37.91698],[127.04104,37.91691],[127.03942,37.91746],[127.03636,37.91969],[127.03002,37.92174],[127.02664,37.9198],[127.01817,37.91776],[127.01596,37.91746],[127.01234,37.91843],[127.01279,37.91856],[127.01291,37.91975],[127.01261,37.92065],[127.01103,37.92121],[127.00904,37.92505],[127.01005,37.92757],[127.01129,37.92735],[127.0126,37.9282],[127.01399,37.92996],[127.01676,37.93662],[127.02055,37.94005],[127.0221,37.94063],[127.02495,37.94042],[127.02757,37.94315],[127.02872,37.95209],[127.02801,37.9529],[127.02794,37.95347],[127.02873,37.95516],[127.0293,37.95573],[127.03542,37.95672],[127.03921,37.95783],[127.0418,37.96001],[127.04168,37.96085],[127.04493,37.97],[127.04443,37.97226],[127.04579,37.97415],[127.04892,37.97576],[127.04882,37.97885],[127.05279,37.98073],[127.05326,37.98134],[127.05705,37.98034],[127.06439,37.9796],[127.06416,37.9771],[127.06343,37.97602],[127.0661,37.97528],[127.06779,37.97526],[127.069,37.97591],[127.07378,37.97647],[127.08018,37.97668],[127.08457,37.97562],[127.08633,37.97399],[127.09254,37.97086]]]}},{"type":"Feature","properties":{"adm_cd2":"4125060000","adm_nm":"경기도 동두천시 상패동","sggnm":"동두천시"},"geometry":{"type":"Polygon","coordinates":[[[127.0552,37.91644],[127.05535,37.91487],[127.05343,37.91177],[127.05015,37.90945],[127.04985,37.90875],[127.04954,37.90443],[127.04912,37.9037],[127.04878,37.90331],[127.04777,37.90348],[127.04398,37.89985],[127.04355,37.89788],[127.04377,37.89669],[127.04626,37.89385],[127.03623,37.89593],[127.03534,37.89651],[127.02877,37.89893],[127.02443,37.89789],[127.02259,37.89883],[127.0209,37.9006],[127.01482,37.90297],[127.01248,37.90319],[127.01071,37.90447],[127.01034,37.90607],[127.01056,37.91034],[127.0079,37.91615],[127.01234,37.91843],[127.01596,37.91746],[127.02287,37.9187],[127.02664,37.9198],[127.03002,37.92174],[127.03636,37.91969],[127.03942,37.91746],[127.04104,37.91691],[127.04581,37.91698],[127.04661,37.91826],[127.04825,37.91941],[127.05157,37.92012],[127.0552,37.91644]]]}},{"type":"Feature","properties":{"adm_cd2":"4125056600","adm_nm":"경기도 동두천시 송내동","sggnm":"동두천시"},"geometry":{"type":"Polygon","coordinates":[[[127.05785,37.89619],[127.05693,37.89122],[127.05664,37.88678],[127.05875,37.88516],[127.06042,37.8845],[127.06174,37.88472],[127.06345,37.88561],[127.06996,37.88567],[127.08327,37.88016],[127.08635,37.87934],[127.08753,37.87586],[127.08788,37.87208],[127.08348,37.87163],[127.0812,37.87104],[127.0775,37.87102],[127.07373,37.87279],[127.07269,37.87181],[127.06842,37.87064],[127.06606,37.87165],[127.0646,37.87112],[127.06255,37.86921],[127.06039,37.86935],[127.05946,37.87023],[127.05768,37.87319],[127.05351,37.87659],[127.05207,37.87911],[127.05015,37.88147],[127.04825,37.88288],[127.0469,37.88773],[127.04626,37.89385],[127.04377,37.89669],[127.04735,37.89741],[127.04886,37.8973],[127.04959,37.89596],[127.05237,37.89585],[127.05597,37.89637],[127.05785,37.89619]]]}},{"type":"Feature","properties":{"adm_cd2":"4127151000","adm_nm":"경기도 안산시상록구 일동","sggnm":"안산시상록구"},"geometry":{"type":"Polygon","coordinates":[[[126.87694,37.31695],[126.87713,37.31325],[126.8791,37.31135],[126.88034,37.311],[126.88126,37.31017],[126.88181,37.30902],[126.88003,37.30778],[126.8794,37.30775],[126.879,37.30545],[126.87913,37.30243],[126.87449,37.30285],[126.87287,37.30392],[126.86914,37.30648],[126.86393,37.31165],[126.86249,37.31249],[126.8581,37.31409],[126.85704,37.31508],[126.85578,37.31796],[126.8578,37.31864],[126.86117,37.32074],[126.86429,37.32065],[126.86991,37.31841],[126.87421,37.32086],[126.87812,37.31946],[126.87694,37.31695]]]}},{"type":"Feature","properties":{"adm_cd2":"4127152500","adm_nm":"경기도 안산시상록구 사동","sggnm":"안산시상록구"},"geometry":{"type":"Polygon","coordinates":[[[126.85914,37.30222],[126.85884,37.29737],[126.85775,37.29305],[126.85516,37.29308],[126.85267,37.2912],[126.85061,37.29315],[126.84955,37.29294],[126.84804,37.29093],[126.84416,37.29036],[126.84326,37.29132],[126.84203,37.29458],[126.84222,37.29536],[126.84435,37.29825],[126.8444,37.29877],[126.84327,37.30098],[126.84375,37.30704],[126.84756,37.30677],[126.84744,37.30567],[126.84914,37.3056],[126.85293,37.30787],[126.85471,37.30836],[126.85857,37.3044],[126.85914,37.30222]]]}},{"type":"Feature","properties":{"adm_cd2":"4127153200","adm_nm":"경기도 안산시상록구 사이동","sggnm":"안산시상록구"},"geometry":{"type":"Polygon","coordinates":[[[126.85576,37.28586],[126.8553,37.27974],[126.85455,37.2793],[126.84885,37.27703],[126.83968,37.27513],[126.83781,37.27541],[126.83372,37.27774],[126.82931,37.27861],[126.828,37.2798],[126.82627,37.28522],[126.82574,37.28881],[126.83008,37.28902],[126.83198,37.2902],[126.83881,37.29028],[126.8404,37.28811],[126.84398,37.29034],[126.84804,37.29093],[126.84975,37.2931],[126.85061,37.29315],[126.85267,37.2912],[126.85516,37.29308],[126.85775,37.29305],[126.85576,37.28586]]]}},{"type":"Feature","properties":{"adm_cd2":"4127154000","adm_nm":"경기도 안산시상록구 본오1동","sggnm":"안산시상록구"},"geometry":{"type":"Polygon","coordinates":[[[126.89955,37.2902],[126.8977,37.28906],[126.89641,37.28899],[126.89323,37.28677],[126.89109,37.28385],[126.89139,37.28248],[126.88914,37.28126],[126.88618,37.28053],[126.8833,37.28218],[126.87969,37.28567],[126.87901,37.28504],[126.87853,37.28395],[126.87815,37.27923],[126.87667,37.27772],[126.87132,37.27471],[126.85822,37.27418],[126.85272,37.27204],[126.84934,37.26868],[126.8479,37.26596],[126.84717,37.26575],[126.84128,37.26865],[126.83884,37.27143],[126.83781,37.27541],[126.83968,37.27513],[126.84885,37.27703],[126.8553,37.27974],[126.85576,37.28586],[126.85794,37.29374],[126.87255,37.29323],[126.87239,37.28999],[126.87308,37.29004],[126.87843,37.29173],[126.87841,37.29415],[126.87661,37.29637],[126.87547,37.2964],[126.87455,37.2969],[126.8752,37.29899],[126.8834,37.2993],[126.88629,37.298],[126.88883,37.29797],[126.89134,37.29576],[126.89458,37.29447],[126.89841,37.294],[126.89955,37.2902]]]}},{"type":"Feature","properties":{"adm_cd2":"4127155000","adm_nm":"경기도 안산시상록구 본오2동","sggnm":"안산시상록구"},"geometry":{"type":"Polygon","coordinates":[[[126.87455,37.2969],[126.87547,37.2964],[126.87661,37.29637],[126.87841,37.29415],[126.87843,37.29173],[126.87308,37.29004],[126.87239,37.28999],[126.87255,37.29323],[126.85794,37.29374],[126.85877,37.29697],[126.87269,37.2965],[126.87288,37.29929],[126.87453,37.29948],[126.8752,37.29899],[126.87455,37.2969]]]}},{"type":"Feature","properties":{"adm_cd2":"4127156000","adm_nm":"경기도 안산시상록구 본오3동","sggnm":"안산시상록구"},"geometry":{"type":"Polygon","coordinates":[[[126.87834,37.30238],[126.87851,37.29911],[126.8752,37.29899],[126.87453,37.29948],[126.87288,37.29929],[126.87269,37.2965],[126.85877,37.29697],[126.85914,37.30222],[126.85857,37.3044],[126.86324,37.30314],[126.87381,37.30225],[126.87449,37.30285],[126.87834,37.30238]]]}},{"type":"Feature","properties":{"adm_cd2":"4127157000","adm_nm":"경기도 안산시상록구 부곡동","sggnm":"안산시상록구"},"geometry":{"type":"Polygon","coordinates":[[[126.88767,37.34359],[126.88678,37.34019],[126.88536,37.3382],[126.88071,37.33347],[126.87923,37.33276],[126.87672,37.33265],[126.87359,37.32928],[126.87275,37.32621],[126.87336,37.32307],[126.87465,37.32209],[126.87421,37.32086],[126.86991,37.31841],[126.86429,37.32065],[126.86117,37.32074],[126.8578,37.31864],[126.85578,37.31796],[126.85548,37.31958],[126.85776,37.33046],[126.86063,37.33314],[126.86278,37.33679],[126.86038,37.33758],[126.85657,37.33781],[126.85429,37.33849],[126.85516,37.33947],[126.85634,37.34252],[126.85689,37.34271],[126.86187,37.34725],[126.86224,37.34651],[126.86342,37.3458],[126.8645,37.34612],[126.86658,37.34743],[126.86773,37.34773],[126.87101,37.34701],[126.87144,37.34676],[126.87136,37.34576],[126.87301,37.34518],[126.87575,37.34508],[126.88731,37.34675],[126.88767,37.34359]]]}},{"type":"Feature","properties":{"adm_cd2":"4127158000","adm_nm":"경기도 안산시상록구 월피동","sggnm":"안산시상록구"},"geometry":{"type":"Polygon","coordinates":[[[126.85689,37.35669],[126.85595,37.35428],[126.85498,37.35412],[126.85352,37.35271],[126.85341,37.34802],[126.85419,37.34717],[126.85659,37.34594],[126.85688,37.34432],[126.85516,37.33947],[126.85429,37.33849],[126.85657,37.33781],[126.86038,37.33758],[126.86278,37.33679],[126.86063,37.33314],[126.85776,37.33046],[126.85667,37.32604],[126.85495,37.32605],[126.85159,37.32757],[126.84182,37.32807],[126.84146,37.33422],[126.84028,37.33502],[126.8371,37.33903],[126.83806,37.33999],[126.84058,37.34154],[126.84183,37.3428],[126.84113,37.34345],[126.83941,37.34385],[126.83634,37.34536],[126.83456,37.35032],[126.83712,37.35256],[126.83696,37.35577],[126.839,37.35858],[126.84056,37.35894],[126.84101,37.36188],[126.84075,37.36369],[126.84166,37.36321],[126.84335,37.36329],[126.84622,37.36402],[126.84825,37.36505],[126.84977,37.36359],[126.85028,37.36203],[126.85343,37.36044],[126.85449,37.36029],[126.85689,37.35669]]]}},{"type":"Feature","properties":{"adm_cd2":"4127159000","adm_nm":"경기도 안산시상록구 성포동","sggnm":"안산시상록구"},"geometry":{"type":"Polygon","coordinates":[[[126.85159,37.32757],[126.85495,37.32605],[126.85667,37.32604],[126.85548,37.31958],[126.85578,37.31796],[126.85703,37.31511],[126.85274,37.31455],[126.84927,37.31595],[126.84311,37.31629],[126.84315,37.31792],[126.84102,37.3203],[126.8416,37.3281],[126.85159,37.32757]]]}},{"type":"Feature","properties":{"adm_cd2":"4127160000","adm_nm":"경기도 안산시상록구 반월동","sggnm":"안산시상록구"},"geometry":{"type":"Polygon","coordinates":[[[126.93052,37.30521],[126.93135,37.30396],[126.93295,37.30305],[126.93259,37.30076],[126.93547,37.29803],[126.93934,37.29692],[126.93955,37.29532],[126.93298,37.29163],[126.93139,37.28842],[126.92929,37.28602],[126.92808,37.28234],[126.92737,37.2788],[126.92622,37.27913],[126.92371,37.28136],[126.91756,37.28539],[126.91613,37.28867],[126.91385,37.29147],[126.91309,37.29153],[126.91198,37.29015],[126.90555,37.28989],[126.9015,37.29098],[126.89841,37.294],[126.89458,37.29447],[126.89134,37.29576],[126.88883,37.29797],[126.88629,37.298],[126.8834,37.2993],[126.87851,37.29911],[126.87834,37.30238],[126.87913,37.30243],[126.87911,37.30693],[126.8794,37.30775],[126.88003,37.30778],[126.88181,37.30902],[126.88126,37.31017],[126.88034,37.311],[126.8791,37.31135],[126.87713,37.31325],[126.87694,37.31695],[126.87812,37.31946],[126.88163,37.32084],[126.88328,37.32081],[126.88774,37.31791],[126.89153,37.31978],[126.89389,37.3198],[126.89503,37.31917],[126.90556,37.32165],[126.9077,37.32188],[126.91093,37.31777],[126.91028,37.31735],[126.91044,37.31677],[126.91246,37.31558],[126.91441,37.31591],[126.91551,37.31514],[126.91433,37.31131],[126.91538,37.3055],[126.91646,37.30515],[126.92064,37.30554],[126.92258,37.30644],[126.92477,37.30679],[126.93043,37.30706],[126.93052,37.30521]]]}},{"type":"Feature","properties":{"adm_cd2":"4127161000","adm_nm":"경기도 안산시상록구 안산동","sggnm":"안산시상록구"},"geometry":{"type":"Polygon","coordinates":[[[126.89561,37.36014],[126.89724,37.35807],[126.894,37.35562],[126.89375,37.35365],[126.89192,37.3514],[126.88867,37.34944],[126.88731,37.34675],[126.87575,37.34508],[126.87301,37.34518],[126.87136,37.34576],[126.87144,37.34676],[126.87101,37.34701],[126.86773,37.34773],[126.86658,37.34743],[126.8645,37.34612],[126.86342,37.3458],[126.86224,37.34651],[126.86187,37.34725],[126.85689,37.34271],[126.85634,37.34252],[126.85688,37.34432],[126.85659,37.34594],[126.85419,37.34717],[126.85335,37.34845],[126.85352,37.35271],[126.85498,37.35412],[126.85595,37.35428],[126.85689,37.35669],[126.85449,37.36029],[126.85662,37.3611],[126.85996,37.36148],[126.86483,37.36152],[126.87155,37.36591],[126.87315,37.36851],[126.87933,37.37352],[126.88191,37.37622],[126.88649,37.37658],[126.8911,37.37527],[126.89561,37.36014]]]}},{"type":"Feature","properties":{"adm_cd2":"4127151500","adm_nm":"경기도 안산시상록구 이동","sggnm":"안산시상록구"},"geometry":{"type":"Polygon","coordinates":[[[126.85902,37.31362],[126.86249,37.31249],[126.86393,37.31165],[126.86914,37.30648],[126.87449,37.30285],[126.87381,37.30225],[126.86324,37.30314],[126.85857,37.3044],[126.85471,37.30836],[126.85293,37.30787],[126.84914,37.3056],[126.84744,37.30567],[126.84756,37.30677],[126.84211,37.30716],[126.84253,37.31494],[126.84262,37.31581],[126.84311,37.31629],[126.84927,37.31595],[126.85274,37.31455],[126.85703,37.31511],[126.85902,37.31362]]]}},{"type":"Feature","properties":{"adm_cd2":"4127153700","adm_nm":"경기도 안산시상록구 해양동","sggnm":"안산시상록구"},"geometry":{"type":"Polygon","coordinates":[[[126.84327,37.30098],[126.8444,37.29877],[126.84435,37.29825],[126.84222,37.29536],[126.84203,37.29458],[126.84326,37.29132],[126.84416,37.29036],[126.8404,37.28811],[126.83881,37.29028],[126.83198,37.2902],[126.83008,37.28902],[126.82848,37.2889],[126.82775,37.29159],[126.82165,37.2908],[126.81392,37.29505],[126.81871,37.30132],[126.82099,37.30363],[126.82371,37.30441],[126.82867,37.30408],[126.82969,37.30355],[126.83574,37.30352],[126.84149,37.30567],[126.84191,37.30615],[126.84211,37.30716],[126.84375,37.30704],[126.84327,37.30098]]]}},{"type":"Feature","properties":{"adm_cd2":"4127351000","adm_nm":"경기도 안산시단원구 와동","sggnm":"안산시단원구"},"geometry":{"type":"Polygon","coordinates":[[[126.83592,37.33683],[126.83392,37.33421],[126.83127,37.33325],[126.83087,37.33378],[126.82998,37.33324],[126.82874,37.33176],[126.82298,37.32945],[126.82074,37.32963],[126.81913,37.33026],[126.81756,37.33026],[126.8166,37.334],[126.81691,37.33826],[126.81737,37.33886],[126.81861,37.34803],[126.81952,37.34879],[126.82482,37.34843],[126.82734,37.34731],[126.82899,37.34597],[126.82963,37.3459],[126.8308,37.34593],[126.83301,37.34675],[126.83397,37.3474],[126.83519,37.3489],[126.83634,37.34536],[126.83941,37.34385],[126.84113,37.34345],[126.84183,37.3428],[126.84058,37.34154],[126.83806,37.33999],[126.8371,37.33903],[126.83592,37.33683]]]}},{"type":"Feature","properties":{"adm_cd2":"4127352500","adm_nm":"경기도 안산시단원구 고잔동","sggnm":"안산시단원구"},"geometry":{"type":"Polygon","coordinates":[[[126.83246,37.33281],[126.83274,37.3294],[126.8303,37.32952],[126.82847,37.32694],[126.8282,37.32511],[126.82812,37.32341],[126.82968,37.3212],[126.83076,37.32115],[126.83037,37.31683],[126.82128,37.3173],[126.82152,37.31872],[126.82102,37.32005],[126.82018,37.32083],[126.81958,37.32218],[126.81955,37.32327],[126.81756,37.33026],[126.81913,37.33026],[126.82074,37.32963],[126.82298,37.32945],[126.82874,37.33176],[126.82998,37.33324],[126.83087,37.33378],[126.83127,37.33325],[126.83246,37.33281]]]}},{"type":"Feature","properties":{"adm_cd2":"4127353200","adm_nm":"경기도 안산시단원구 중앙동","sggnm":"안산시단원구"},"geometry":{"type":"Polygon","coordinates":[[[126.8416,37.3281],[126.84102,37.3203],[126.84315,37.31792],[126.84311,37.31629],[126.83037,37.31683],[126.83076,37.32115],[126.82968,37.3212],[126.82812,37.32341],[126.82847,37.32694],[126.8303,37.32952],[126.83274,37.3294],[126.83246,37.33281],[126.83127,37.33325],[126.83392,37.33421],[126.83592,37.33683],[126.8371,37.33903],[126.84028,37.33502],[126.84146,37.33422],[126.84182,37.32807],[126.8416,37.3281]]]}},{"type":"Feature","properties":{"adm_cd2":"4127356500","adm_nm":"경기도 안산시단원구 신길동","sggnm":"안산시단원구"},"geometry":{"type":"Polygon","coordinates":[[[126.79077,37.33925],[126.79035,37.33814],[126.79068,37.33647],[126.79049,37.33433],[126.78716,37.32943],[126.78675,37.32956],[126.786,37.32865],[126.78635,37.32855],[126.78657,37.32788],[126.78595,37.32697],[126.78596,37.32628],[126.78734,37.32253],[126.78436,37.32201],[126.78297,37.32133],[126.7816,37.3211],[126.77215,37.32162],[126.76718,37.32341],[126.76438,37.32697],[126.76026,37.32531],[126.75715,37.3184],[126.74877,37.32086],[126.74767,37.3256],[126.74947,37.3332],[126.75023,37.33396],[126.75777,37.33813],[126.7602,37.34105],[126.7615,37.34147],[126.76394,37.34162],[126.76822,37.33942],[126.77059,37.34042],[126.77391,37.34075],[126.77638,37.34201],[126.7792,37.34066],[126.7828,37.34006],[126.78405,37.33855],[126.78405,37.33747],[126.78739,37.33857],[126.78923,37.34024],[126.79077,37.33925]]]}},{"type":"Feature","properties":{"adm_cd2":"4127355500","adm_nm":"경기도 안산시단원구 백운동","sggnm":"안산시단원구"},"geometry":{"type":"Polygon","coordinates":[[[126.79938,37.33027],[126.80007,37.33329],[126.80139,37.3327],[126.80294,37.33302],[126.80289,37.33163],[126.80222,37.33119],[126.80573,37.32935],[126.80256,37.32562],[126.80542,37.3241],[126.80498,37.31944],[126.80417,37.31673],[126.8005,37.3156],[126.79513,37.32],[126.79156,37.32205],[126.79109,37.32283],[126.79289,37.32397],[126.7948,37.32407],[126.79529,37.32505],[126.7926,37.32629],[126.79573,37.3306],[126.79614,37.33082],[126.79653,37.32936],[126.79761,37.32827],[126.79938,37.33027]]]}},{"type":"Feature","properties":{"adm_cd2":"4127354500","adm_nm":"경기도 안산시단원구 원곡동","sggnm":"안산시단원구"},"geometry":{"type":"Polygon","coordinates":[[[126.79294,37.33938],[126.79822,37.33805],[126.79888,37.33752],[126.79956,37.33421],[126.80007,37.33329],[126.79992,37.33249],[126.79938,37.33027],[126.79761,37.32827],[126.79653,37.32936],[126.79614,37.33082],[126.79542,37.33024],[126.7926,37.32629],[126.79529,37.32505],[126.7948,37.32407],[126.79289,37.32397],[126.79109,37.32283],[126.79004,37.32299],[126.78734,37.32253],[126.78596,37.32628],[126.78595,37.32697],[126.78657,37.32788],[126.78635,37.32855],[126.786,37.32865],[126.78675,37.32956],[126.78716,37.32943],[126.79034,37.33389],[126.79068,37.33647],[126.79035,37.33814],[126.79084,37.33921],[126.79294,37.33938]]]}},{"type":"Feature","properties":{"adm_cd2":"4127357000","adm_nm":"경기도 안산시단원구 초지동","sggnm":"안산시단원구"},"geometry":{"type":"Polygon","coordinates":[[[126.81906,37.32512],[126.81958,37.32218],[126.82018,37.32083],[126.82102,37.32005],[126.82152,37.31872],[126.82084,37.31379],[126.82099,37.30363],[126.81871,37.30132],[126.81632,37.29801],[126.80715,37.29929],[126.80725,37.29874],[126.8067,37.29778],[126.80418,37.29625],[126.79454,37.29426],[126.78299,37.29235],[126.77258,37.28941],[126.72558,37.30232],[126.71716,37.30752],[126.73852,37.32968],[126.74656,37.32473],[126.74765,37.32478],[126.74767,37.3256],[126.74877,37.32086],[126.75715,37.3184],[126.76026,37.32531],[126.76438,37.32697],[126.76718,37.32341],[126.77215,37.32162],[126.7816,37.3211],[126.78297,37.32133],[126.78436,37.32201],[126.79004,37.32299],[126.79109,37.32283],[126.79156,37.32205],[126.79513,37.32],[126.8005,37.3156],[126.80444,37.31696],[126.80498,37.31944],[126.80542,37.3241],[126.80256,37.32562],[126.80573,37.32935],[126.80902,37.32761],[126.80964,37.32757],[126.81468,37.32953],[126.81493,37.33166],[126.81709,37.33161],[126.81906,37.32512]]]}},{"type":"Feature","properties":{"adm_cd2":"4127358000","adm_nm":"경기도 안산시단원구 선부1동","sggnm":"안산시단원구"},"geometry":{"type":"Polygon","coordinates":[[[126.8166,37.334],[126.81709,37.33161],[126.81493,37.33166],[126.81468,37.32953],[126.80984,37.32763],[126.80902,37.32761],[126.80222,37.33119],[126.80289,37.33163],[126.80294,37.33302],[126.80139,37.3327],[126.80007,37.33329],[126.79956,37.33421],[126.79888,37.33752],[126.80232,37.33629],[126.80346,37.3347],[126.8166,37.334]]]}},{"type":"Feature","properties":{"adm_cd2":"4127359000","adm_nm":"경기도 안산시단원구 선부2동","sggnm":"안산시단원구"},"geometry":{"type":"Polygon","coordinates":[[[126.80346,37.3347],[126.80232,37.33629],[126.79888,37.33752],[126.79822,37.33805],[126.79294,37.33938],[126.79084,37.33921],[126.78923,37.34024],[126.79061,37.34201],[126.79209,37.34314],[126.79051,37.34798],[126.7908,37.35037],[126.79174,37.35263],[126.79341,37.35346],[126.79528,37.35514],[126.80269,37.35309],[126.80578,37.35349],[126.81022,37.35562],[126.81063,37.35503],[126.80998,37.35345],[126.80603,37.35004],[126.80681,37.34801],[126.80877,37.34651],[126.81099,37.34232],[126.81247,37.34188],[126.81024,37.33883],[126.80946,37.33579],[126.80808,37.33446],[126.80346,37.3347]]]}},{"type":"Feature","properties":{"adm_cd2":"4127360000","adm_nm":"경기도 안산시단원구 선부3동","sggnm":"안산시단원구"},"geometry":{"type":"Polygon","coordinates":[[[126.84101,37.36188],[126.84056,37.35894],[126.839,37.35858],[126.83696,37.35577],[126.83712,37.35256],[126.83456,37.35032],[126.83519,37.3489],[126.83397,37.3474],[126.8308,37.34593],[126.82963,37.3459],[126.82899,37.34597],[126.82734,37.34731],[126.82482,37.34843],[126.81952,37.34879],[126.81861,37.34803],[126.81737,37.33886],[126.81691,37.33826],[126.8166,37.334],[126.80808,37.33446],[126.80946,37.33579],[126.81024,37.33883],[126.81247,37.34188],[126.81099,37.34232],[126.80877,37.34651],[126.80681,37.34801],[126.80603,37.35004],[126.80998,37.35345],[126.81063,37.35503],[126.81022,37.35562],[126.81665,37.35765],[126.81856,37.35971],[126.82372,37.36314],[126.82562,37.36323],[126.82644,37.36413],[126.82763,37.3642],[126.83163,37.36165],[126.83959,37.36289],[126.84075,37.36369],[126.84101,37.36188]]]}},{"type":"Feature","properties":{"adm_cd2":"4127361000","adm_nm":"경기도 안산시단원구 대부동","sggnm":"안산시단원구"},"geometry":{"type":"MultiPolygon","coordinates":[[[[126.46845,37.08243],[126.46678,37.08347],[126.46686,37.08422],[126.46761,37.08456],[126.46872,37.08437],[126.46917,37.08387],[126.46928,37.08245],[126.46845,37.08243]]],[[[126.46446,37.0887],[126.46146,37.08878],[126.45964,37.08988],[126.45849,37.09093],[126.4583,37.09159],[126.45878,37.09229],[126.46174,37.09379],[126.46287,37.09369],[126.4652,37.09031],[126.46506,37.08914],[126.46446,37.0887]]],[[[126.45164,37.09495],[126.45069,37.09589],[126.44883,37.098],[126.44855,37.09923],[126.45122,37.10319],[126.45211,37.10312],[126.45293,37.10252],[126.45408,37.10103],[126.45408,37.09979],[126.45769,37.097],[126.45774,37.09627],[126.4563,37.09508],[126.45294,37.09476],[126.45164,37.09495]]],[[[126.39772,37.10248],[126.39773,37.10163],[126.39489,37.09916],[126.39365,37.099],[126.39196,37.09964],[126.39061,37.10091],[126.38909,37.10179],[126.38589,37.10243],[126.38202,37.10216],[126.3814,37.10259],[126.37989,37.10448],[126.37971,37.10791],[126.38201,37.11423],[126.38367,37.11504],[126.38964,37.11525],[126.39323,37.11368],[126.39486,37.11262],[126.39656,37.10908],[126.39708,37.10331],[126.39772,37.10248]]],[[[126.62994,37.1856],[126.63002,37.18634],[126.63095,37.18757],[126.63261,37.18876],[126.63917,37.18917],[126.64013,37.18873],[126.63864,37.18806],[126.63379,37.18741],[126.63079,37.18557],[126.62994,37.1856]]],[[[126.61468,37.22353],[126.61402,37.22484],[126.61398,37.22544],[126.61628,37.2287],[126.6171,37.22852],[126.61752,37.22796],[126.61776,37.22604],[126.61836,37.22447],[126.61779,37.22367],[126.61468,37.22353]]],[[[126.61285,37.22778],[126.61236,37.22863],[126.613,37.2297],[126.61429,37.23011],[126.61519,37.2294],[126.61394,37.22775],[126.61285,37.22778]]],[[[126.628,37.24738],[126.62683,37.24927],[126.62703,37.24976],[126.62838,37.25059],[126.63058,37.25095],[126.6312,37.2499],[126.63108,37.24942],[126.62875,37.2475],[126.628,37.24738]]],[[[126.58369,37.295],[126.57923,37.29324],[126.57976,37.29186],[126.5814,37.29168],[126.58406,37.29431],[126.58615,37.293],[126.58219,37.28855],[126.57972,37.2881],[126.57796,37.2883],[126.57626,37.28722],[126.57516,37.28434],[126.5721,37.2824],[126.57022,37.27985],[126.56925,37.27205],[126.57002,37.272],[126.57075,37.27271],[126.57256,37.27615],[126.57406,37.27614],[126.5772,37.27518],[126.58131,37.27307],[126.58306,37.27393],[126.58707,37.27219],[126.58718,37.2709],[126.58552,37.26864],[126.58626,37.26734],[126.59068,37.26412],[126.59686,37.26243],[126.59949,37.2624],[126.60426,37.26318],[126.60768,37.26339],[126.60879,37.26304],[126.60836,37.26161],[126.60912,37.26058],[126.61482,37.25959],[126.61634,37.25898],[126.61822,37.2574],[126.61771,37.25613],[126.61569,37.25409],[126.61456,37.25046],[126.61782,37.24901],[126.62049,37.24877],[126.62117,37.24829],[126.61928,37.24616],[126.62339,37.24325],[126.62585,37.24418],[126.62642,37.24408],[126.62351,37.23952],[126.62259,37.23664],[126.62688,37.23507],[126.62994,37.2344],[126.63373,37.2322],[126.6423,37.22947],[126.64377,37.22881],[126.64779,37.22607],[126.65054,37.22529],[126.65164,37.22042],[126.64974,37.21825],[126.64926,37.2152],[126.64749,37.21064],[126.64762,37.20885],[126.64945,37.20899],[126.65089,37.20978],[126.6508,37.21273],[126.65168,37.21368],[126.65322,37.21348],[126.65435,37.21185],[126.65434,37.21071],[126.65204,37.20732],[126.65025,37.20677],[126.64722,37.20646],[126.64666,37.20571],[126.6463,37.20428],[126.65131,37.19974],[126.65067,37.19793],[126.64755,37.19289],[126.64562,37.19166],[126.64387,37.19425],[126.6418,37.19557],[126.64103,37.19657],[126.64059,37.19793],[126.64179,37.19962],[126.64232,37.20137],[126.64131,37.20413],[126.64178,37.20592],[126.64251,37.20659],[126.64583,37.20696],[126.64689,37.20863],[126.64683,37.21077],[126.63941,37.21555],[126.63737,37.21631],[126.62921,37.218],[126.62791,37.22215],[126.62679,37.22216],[126.62526,37.22313],[126.6234,37.22699],[126.62345,37.23423],[126.62403,37.23458],[126.62424,37.23535],[126.6218,37.23612],[126.6195,37.23313],[126.62003,37.23046],[126.61928,37.22932],[126.61498,37.23064],[126.61324,37.233],[126.61121,37.23376],[126.60995,37.23263],[126.61043,37.23033],[126.61004,37.22957],[126.60847,37.22924],[126.6028,37.23018],[126.59951,37.2269],[126.60255,37.2242],[126.60423,37.22424],[126.60733,37.22265],[126.61162,37.21902],[126.6126,37.21629],[126.61256,37.21444],[126.61583,37.20923],[126.61432,37.20729],[126.60808,37.20928],[126.60771,37.21118],[126.6054,37.21199],[126.60294,37.20762],[126.59814,37.21111],[126.60126,37.21396],[126.60317,37.21628],[126.60147,37.22087],[126.60095,37.22056],[126.60165,37.21819],[126.59644,37.2161],[126.59526,37.21407],[126.59071,37.21328],[126.58844,37.21362],[126.58735,37.21794],[126.58515,37.22059],[126.5795,37.22083],[126.57657,37.22056],[126.57681,37.21981],[126.57658,37.21732],[126.57298,37.20934],[126.56985,37.20653],[126.56857,37.20449],[126.56827,37.20283],[126.56896,37.20088],[126.56543,37.19769],[126.56315,37.19416],[126.56178,37.1933],[126.56005,37.1971],[126.56028,37.19795],[126.55915,37.19921],[126.55602,37.20181],[126.55301,37.20363],[126.54939,37.20488],[126.54517,37.20559],[126.54252,37.2057],[126.54234,37.20275],[126.53833,37.19842],[126.53688,37.1977],[126.53537,37.19787],[126.53482,37.19836],[126.5351,37.19898],[126.5364,37.19899],[126.53758,37.19984],[126.53912,37.2039],[126.54063,37.20673],[126.54144,37.20697],[126.54298,37.20625],[126.54441,37.20634],[126.54472,37.20662],[126.54497,37.20761],[126.54458,37.21019],[126.54323,37.21384],[126.5471,37.21567],[126.54711,37.22072],[126.54621,37.22278],[126.54472,37.224],[126.54357,37.22444],[126.543,37.22395],[126.54256,37.22278],[126.54196,37.22274],[126.54106,37.22326],[126.54075,37.22383],[126.54038,37.22893],[126.54124,37.22904],[126.54267,37.22814],[126.54399,37.22909],[126.54439,37.23017],[126.54429,37.23088],[126.54353,37.23224],[126.54444,37.23358],[126.55097,37.23391],[126.55437,37.23361],[126.55671,37.23457],[126.55826,37.2371],[126.56581,37.23619],[126.56676,37.23717],[126.56428,37.23966],[126.56212,37.24089],[126.56036,37.24253],[126.55979,37.2486],[126.56224,37.25175],[126.56302,37.2562],[126.56164,37.25678],[126.5595,37.2571],[126.55806,37.25957],[126.55878,37.26163],[126.55757,37.26673],[126.55501,37.26851],[126.5548,37.27108],[126.55083,37.27293],[126.54886,37.27654],[126.5491,37.27898],[126.54861,37.27995],[126.54632,37.28064],[126.54197,37.28133],[126.53947,37.28265],[126.539,37.28361],[126.53895,37.28546],[126.53728,37.28657],[126.53676,37.2865],[126.53377,37.28758],[126.53266,37.28878],[126.53294,37.28915],[126.53515,37.28916],[126.54043,37.28678],[126.54164,37.28563],[126.54565,37.28442],[126.54764,37.28451],[126.54937,37.28371],[126.55185,37.28188],[126.55378,37.28263],[126.5555,37.28409],[126.55637,37.28374],[126.55708,37.28306],[126.55776,37.28167],[126.55758,37.28078],[126.55714,37.28055],[126.55646,37.2793],[126.55685,37.27784],[126.5604,37.27754],[126.56218,37.27821],[126.56774,37.28135],[126.56767,37.28256],[126.56546,37.28282],[126.56529,37.28375],[126.56802,37.28573],[126.5695,37.28536],[126.57433,37.28833],[126.5771,37.29094],[126.57371,37.29609],[126.57306,37.29648],[126.5712,37.29628],[126.57081,37.29819],[126.57208,37.29872],[126.5736,37.29777],[126.579,37.29596],[126.6122,37.31513],[126.64525,37.32447],[126.64666,37.32176],[126.61478,37.31257],[126.58369,37.295]]]]}},{"type":"Feature","properties":{"adm_cd2":"4127353500","adm_nm":"경기도 안산시단원구 호수동","sggnm":"안산시단원구"},"geometry":{"type":"Polygon","coordinates":[[[126.84311,37.31629],[126.84262,37.31581],[126.84212,37.30695],[126.84177,37.30593],[126.83869,37.30444],[126.83574,37.30352],[126.82969,37.30355],[126.82867,37.30408],[126.82371,37.30441],[126.82099,37.30363],[126.82084,37.31379],[126.82128,37.3173],[126.84311,37.31629]]]}},{"type":"Feature","properties":{"adm_cd2":"4128151000","adm_nm":"경기도 고양시덕양구 주교동","sggnm":"고양시덕양구"},"geometry":{"type":"Polygon","coordinates":[[[126.84325,37.66452],[126.84068,37.66317],[126.83737,37.66072],[126.83254,37.65653],[126.83256,37.65345],[126.83152,37.64981],[126.83059,37.64862],[126.82749,37.64914],[126.82564,37.64448],[126.82353,37.64474],[126.82172,37.64578],[126.8217,37.64616],[126.81608,37.64635],[126.81816,37.64917],[126.8166,37.65126],[126.81609,37.65288],[126.81605,37.65549],[126.81359,37.6565],[126.81114,37.6583],[126.81086,37.65906],[126.81109,37.65951],[126.81432,37.66036],[126.81489,37.66262],[126.81561,37.66312],[126.8194,37.66422],[126.82075,37.66758],[126.82088,37.67123],[126.82163,37.67205],[126.83238,37.67784],[126.83218,37.67938],[126.83497,37.67698],[126.83507,37.67474],[126.8366,37.67305],[126.83976,37.67126],[126.8421,37.67202],[126.84255,37.6718],[126.84574,37.66707],[126.84325,37.66452]]]}},{"type":"Feature","properties":{"adm_cd2":"4128152000","adm_nm":"경기도 고양시덕양구 원신동","sggnm":"고양시덕양구"},"geometry":{"type":"Polygon","coordinates":[[[126.85324,37.68792],[126.85653,37.68585],[126.86188,37.68447],[126.86654,37.68471],[126.86788,37.68582],[126.87165,37.68707],[126.88447,37.68421],[126.8856,37.68225],[126.88207,37.675],[126.88246,37.67297],[126.88402,37.67113],[126.88631,37.66989],[126.88882,37.66991],[126.89198,37.67055],[126.89207,37.66873],[126.89361,37.66488],[126.89381,37.659],[126.88924,37.65661],[126.88634,37.65673],[126.88582,37.65787],[126.88542,37.6581],[126.88365,37.65796],[126.88056,37.65984],[126.87841,37.65965],[126.87555,37.6572],[126.86947,37.65712],[126.86805,37.65768],[126.86609,37.65731],[126.86492,37.65678],[126.86477,37.65565],[126.86343,37.65427],[126.86032,37.65231],[126.85604,37.65315],[126.85259,37.65301],[126.85251,37.65513],[126.85306,37.6568],[126.85256,37.65751],[126.85237,37.65924],[126.85336,37.66263],[126.85429,37.66399],[126.85384,37.66534],[126.84912,37.66964],[126.84574,37.66707],[126.84255,37.6718],[126.8421,37.67202],[126.83976,37.67126],[126.83702,37.67271],[126.83507,37.67474],[126.83497,37.67698],[126.83218,37.67938],[126.83352,37.68309],[126.83542,37.68303],[126.83993,37.68431],[126.84146,37.68539],[126.84808,37.68633],[126.84896,37.69023],[126.85255,37.6888],[126.85324,37.68792]]]}},{"type":"Feature","properties":{"adm_cd2":"4128153000","adm_nm":"경기도 고양시덕양구 흥도동","sggnm":"고양시덕양구"},"geometry":{"type":"Polygon","coordinates":[[[126.86354,37.65211],[126.86406,37.6492],[126.86485,37.64862],[126.86748,37.6486],[126.87213,37.648],[126.87374,37.64768],[126.87535,37.64694],[126.87574,37.64667],[126.87429,37.64451],[126.87435,37.64265],[126.87494,37.64233],[126.87766,37.64252],[126.87626,37.64015],[126.87476,37.63315],[126.87586,37.631],[126.87528,37.62617],[126.87257,37.61804],[126.86462,37.6136],[126.85826,37.60886],[126.85462,37.61068],[126.85348,37.61221],[126.85451,37.6142],[126.85484,37.6192],[126.85453,37.62212],[126.85245,37.62271],[126.85129,37.6217],[126.84836,37.6214],[126.84793,37.62456],[126.84834,37.62561],[126.84871,37.63141],[126.8477,37.63725],[126.84556,37.63942],[126.84457,37.6394],[126.84154,37.64048],[126.8407,37.64172],[126.84245,37.64512],[126.84311,37.6455],[126.84481,37.64548],[126.84841,37.64715],[126.84983,37.65028],[126.85198,37.6513],[126.85259,37.65301],[126.85604,37.65315],[126.8602,37.65229],[126.86222,37.65349],[126.86354,37.65211]]]}},{"type":"Feature","properties":{"adm_cd2":"4128154000","adm_nm":"경기도 고양시덕양구 성사1동","sggnm":"고양시덕양구"},"geometry":{"type":"Polygon","coordinates":[[[126.85198,37.6513],[126.84983,37.65028],[126.84927,37.64922],[126.8458,37.65213],[126.83249,37.65572],[126.83254,37.65653],[126.83737,37.66072],[126.84068,37.66317],[126.84325,37.66452],[126.84574,37.66707],[126.84912,37.66964],[126.85384,37.66534],[126.85429,37.66399],[126.85336,37.66263],[126.85237,37.65924],[126.85256,37.65751],[126.85306,37.6568],[126.85251,37.65513],[126.85259,37.65301],[126.85198,37.6513]]]}},{"type":"Feature","properties":{"adm_cd2":"4128155000","adm_nm":"경기도 고양시덕양구 성사2동","sggnm":"고양시덕양구"},"geometry":{"type":"Polygon","coordinates":[[[126.84841,37.64715],[126.84481,37.64548],[126.84311,37.6455],[126.84193,37.64928],[126.83882,37.65049],[126.83802,37.64962],[126.83666,37.64891],[126.83456,37.64829],[126.83059,37.64862],[126.83199,37.65094],[126.83256,37.65345],[126.83249,37.65572],[126.84471,37.6526],[126.84659,37.65163],[126.84927,37.64922],[126.84841,37.64715]]]}},{"type":"Feature","properties":{"adm_cd2":"4128156000","adm_nm":"경기도 고양시덕양구 효자동","sggnm":"고양시덕양구"},"geometry":{"type":"Polygon","coordinates":[[[126.99257,37.67878],[126.99296,37.67761],[126.99416,37.66628],[126.99284,37.66502],[126.98802,37.66334],[126.985,37.6593],[126.98129,37.65742],[126.97995,37.65658],[126.97945,37.65583],[126.97964,37.65488],[126.98099,37.6529],[126.98363,37.64991],[126.98462,37.64755],[126.98494,37.64582],[126.9842,37.64447],[126.98324,37.6437],[126.98388,37.64217],[126.98589,37.64057],[126.98637,37.64065],[126.98463,37.63656],[126.98359,37.63645],[126.97854,37.63385],[126.97507,37.63139],[126.97179,37.63229],[126.97087,37.63299],[126.96876,37.63698],[126.96882,37.63868],[126.96501,37.64276],[126.96173,37.64516],[126.95975,37.64846],[126.95634,37.65307],[126.95462,37.65475],[126.95355,37.65502],[126.95258,37.65472],[126.95125,37.65495],[126.94879,37.65696],[126.94731,37.65893],[126.94362,37.65815],[126.94103,37.65706],[126.93938,37.6555],[126.93704,37.65193],[126.93473,37.65064],[126.92974,37.6504],[126.92542,37.64744],[126.92127,37.64556],[126.91389,37.64471],[126.91118,37.6458],[126.90527,37.64891],[126.90022,37.6506],[126.90335,37.65347],[126.9092,37.6569],[126.91231,37.65784],[126.91477,37.66057],[126.9164,37.66163],[126.92394,37.66365],[126.92301,37.66563],[126.92437,37.66695],[126.92678,37.66696],[126.92836,37.66739],[126.92933,37.66804],[126.92803,37.6707],[126.93006,37.67229],[126.93195,37.67236],[126.93816,37.67143],[126.93982,37.67076],[126.94163,37.67195],[126.94293,37.67309],[126.94471,37.67693],[126.94308,37.67943],[126.94479,37.68513],[126.9479,37.6869],[126.95101,37.68772],[126.95255,37.68921],[126.95275,37.69007],[126.95444,37.69265],[126.95585,37.69256],[126.95996,37.69149],[126.96577,37.69236],[126.97299,37.68668],[126.97535,37.68617],[126.97766,37.68631],[126.98086,37.68594],[126.98758,37.68262],[126.98928,37.68155],[126.99116,37.67941],[126.99174,37.67947],[126.99257,37.67878]]]}},{"type":"Feature","properties":{"adm_cd2":"4128158000","adm_nm":"경기도 고양시덕양구 창릉동","sggnm":"고양시덕양구"},"geometry":{"type":"Polygon","coordinates":[[[126.90527,37.64891],[126.90758,37.64649],[126.91223,37.64438],[126.91247,37.6418],[126.91082,37.64016],[126.91023,37.63867],[126.90982,37.63511],[126.90653,37.63252],[126.90717,37.63058],[126.90881,37.62905],[126.90794,37.62539],[126.90644,37.62403],[126.90524,37.6195],[126.90339,37.6188],[126.90189,37.61559],[126.90103,37.61246],[126.89392,37.61249],[126.89265,37.61209],[126.89233,37.6115],[126.89057,37.61047],[126.8868,37.61126],[126.88613,37.61457],[126.8855,37.61512],[126.88129,37.61628],[126.87553,37.61601],[126.87516,37.61665],[126.87448,37.61689],[126.87346,37.61646],[126.87257,37.61804],[126.87528,37.62617],[126.87586,37.631],[126.87476,37.63315],[126.87626,37.64015],[126.87766,37.64252],[126.88459,37.64724],[126.8962,37.65141],[126.89807,37.65146],[126.90527,37.64891]]]}},{"type":"Feature","properties":{"adm_cd2":"4128159000","adm_nm":"경기도 고양시덕양구 고양동","sggnm":"고양시덕양구"},"geometry":{"type":"Polygon","coordinates":[[[126.92974,37.74812],[126.93299,37.74538],[126.93229,37.7445],[126.93006,37.74284],[126.93031,37.74011],[126.93101,37.73781],[126.93038,37.73614],[126.93006,37.7359],[126.92857,37.73603],[126.92643,37.73513],[126.92261,37.73194],[126.92189,37.73018],[126.92204,37.7292],[126.92341,37.72857],[126.9236,37.72765],[126.92307,37.72501],[126.92426,37.72131],[126.92508,37.72048],[126.92504,37.71991],[126.92308,37.71624],[126.92047,37.71368],[126.92454,37.71173],[126.92467,37.70787],[126.92339,37.70598],[126.92241,37.70307],[126.92275,37.70259],[126.92174,37.69903],[126.91874,37.69418],[126.91579,37.6911],[126.91415,37.68791],[126.91402,37.6822],[126.91476,37.67994],[126.9145,37.679],[126.91241,37.67562],[126.91138,37.67439],[126.9103,37.6738],[126.90949,37.67372],[126.90729,37.67428],[126.90688,37.67542],[126.90506,37.67779],[126.90383,37.67832],[126.90207,37.67849],[126.90101,37.67787],[126.89882,37.67405],[126.89628,37.67131],[126.8946,37.6707],[126.89198,37.67055],[126.88882,37.66991],[126.88699,37.66976],[126.88558,37.67018],[126.88319,37.67187],[126.88223,37.67359],[126.88207,37.675],[126.8856,37.68225],[126.88447,37.68421],[126.8847,37.68461],[126.88465,37.68864],[126.88757,37.68941],[126.88796,37.69113],[126.889,37.69339],[126.88895,37.69446],[126.88997,37.69667],[126.89066,37.69679],[126.8914,37.70028],[126.88969,37.70348],[126.88546,37.70323],[126.88298,37.70348],[126.87861,37.70507],[126.87713,37.70489],[126.87651,37.7037],[126.874,37.70399],[126.87258,37.70556],[126.87273,37.7081],[126.87575,37.71323],[126.88193,37.71806],[126.8827,37.71931],[126.8836,37.71939],[126.88466,37.7182],[126.88614,37.71845],[126.88692,37.71888],[126.88819,37.72082],[126.88873,37.7228],[126.88923,37.72345],[126.89172,37.7253],[126.89469,37.72677],[126.89927,37.72676],[126.9017,37.72793],[126.90216,37.72843],[126.90217,37.73153],[126.90189,37.73429],[126.90118,37.73527],[126.90088,37.73713],[126.90358,37.7416],[126.90569,37.74256],[126.9089,37.74485],[126.90818,37.74542],[126.90879,37.74696],[126.91558,37.74812],[126.91962,37.7472],[126.92183,37.74703],[126.92555,37.74807],[126.92636,37.74879],[126.92781,37.74928],[126.92893,37.74918],[126.92971,37.74853],[126.92974,37.74812]]]}},{"type":"Feature","properties":{"adm_cd2":"4128160000","adm_nm":"경기도 고양시덕양구 관산동","sggnm":"고양시덕양구"},"geometry":{"type":"Polygon","coordinates":[[[126.88193,37.71806],[126.87575,37.71323],[126.87273,37.7081],[126.87258,37.70556],[126.874,37.70399],[126.87453,37.70382],[126.87651,37.7037],[126.87713,37.70489],[126.87861,37.70507],[126.88298,37.70348],[126.88546,37.70323],[126.88901,37.70354],[126.88978,37.70335],[126.8914,37.70028],[126.89066,37.69679],[126.88997,37.69667],[126.88895,37.69446],[126.889,37.69339],[126.88796,37.69113],[126.88757,37.68941],[126.88465,37.68864],[126.8847,37.68461],[126.88447,37.68421],[126.87165,37.68707],[126.86788,37.68582],[126.86654,37.68471],[126.86188,37.68447],[126.85653,37.68585],[126.85324,37.68792],[126.85263,37.68861],[126.85494,37.69213],[126.85497,37.69353],[126.85383,37.69526],[126.84976,37.69804],[126.84833,37.70289],[126.84656,37.70716],[126.84178,37.71641],[126.84077,37.72134],[126.83992,37.72322],[126.83628,37.72699],[126.83563,37.72807],[126.83623,37.72748],[126.83708,37.72757],[126.83939,37.72863],[126.84125,37.7315],[126.84804,37.73369],[126.85109,37.73417],[126.8544,37.73366],[126.85647,37.73457],[126.85656,37.73572],[126.85891,37.73407],[126.85893,37.7334],[126.86094,37.73268],[126.86495,37.73254],[126.86765,37.72959],[126.87149,37.7293],[126.87343,37.72614],[126.87602,37.7255],[126.87713,37.72622],[126.88099,37.72616],[126.88327,37.71981],[126.88193,37.71806]]]}},{"type":"Feature","properties":{"adm_cd2":"4128161000","adm_nm":"경기도 고양시덕양구 능곡동","sggnm":"고양시덕양구"},"geometry":{"type":"Polygon","coordinates":[[[126.8217,37.64616],[126.82172,37.64578],[126.82346,37.64477],[126.82517,37.64439],[126.82202,37.63613],[126.82572,37.63524],[126.82291,37.62814],[126.8219,37.62606],[126.82091,37.62479],[126.82238,37.62257],[126.82023,37.62127],[126.81758,37.61642],[126.81344,37.61778],[126.81028,37.61736],[126.80357,37.61513],[126.79795,37.61086],[126.78875,37.61375],[126.78251,37.61659],[126.774,37.62219],[126.77269,37.62974],[126.77427,37.63191],[126.78405,37.63151],[126.78523,37.63088],[126.78639,37.62909],[126.78848,37.62773],[126.79308,37.62774],[126.79446,37.62885],[126.79413,37.6319],[126.79502,37.64008],[126.79527,37.64054],[126.79669,37.64117],[126.79729,37.64241],[126.80209,37.645],[126.80298,37.64352],[126.8039,37.64333],[126.80588,37.64382],[126.80747,37.64533],[126.81203,37.64813],[126.81297,37.64812],[126.81347,37.64754],[126.81325,37.6454],[126.81234,37.64359],[126.81437,37.64389],[126.81581,37.64559],[126.81608,37.64635],[126.8217,37.64616]]]}},{"type":"Feature","properties":{"adm_cd2":"4128162100","adm_nm":"경기도 고양시덕양구 화정1동","sggnm":"고양시덕양구"},"geometry":{"type":"Polygon","coordinates":[[[126.84231,37.64492],[126.8407,37.64172],[126.84154,37.64048],[126.84235,37.64014],[126.84155,37.63928],[126.83959,37.63907],[126.83861,37.63861],[126.83817,37.6341],[126.82572,37.63524],[126.82202,37.63613],[126.82517,37.64439],[126.82564,37.64448],[126.82615,37.64529],[126.82749,37.64914],[126.83456,37.64829],[126.83666,37.64891],[126.83802,37.64962],[126.83882,37.65049],[126.84193,37.64928],[126.84311,37.6455],[126.84231,37.64492]]]}},{"type":"Feature","properties":{"adm_cd2":"4128162200","adm_nm":"경기도 고양시덕양구 화정2동","sggnm":"고양시덕양구"},"geometry":{"type":"Polygon","coordinates":[[[126.84569,37.62911],[126.84022,37.62958],[126.83949,37.62936],[126.83753,37.63055],[126.83676,37.63018],[126.83579,37.62572],[126.83427,37.62428],[126.83086,37.62649],[126.8231,37.62907],[126.82572,37.63524],[126.83817,37.6341],[126.83861,37.63861],[126.83959,37.63907],[126.84155,37.63928],[126.84235,37.64014],[126.84457,37.6394],[126.84556,37.63942],[126.8477,37.63725],[126.84871,37.63141],[126.84841,37.62951],[126.84569,37.62911]]]}},{"type":"Feature","properties":{"adm_cd2":"4128163000","adm_nm":"경기도 고양시덕양구 행주동","sggnm":"고양시덕양구"},"geometry":{"type":"Polygon","coordinates":[[[126.83052,37.62571],[126.82815,37.62491],[126.82732,37.62413],[126.82847,37.62245],[126.82869,37.6204],[126.82787,37.61783],[126.82824,37.6172],[126.82748,37.61632],[126.82603,37.61647],[126.8249,37.61598],[126.82884,37.61302],[126.82913,37.61024],[126.83029,37.60818],[126.83189,37.60725],[126.83206,37.60141],[126.83116,37.60115],[126.83076,37.60026],[126.83159,37.59735],[126.83281,37.59575],[126.83207,37.59535],[126.82682,37.58799],[126.81858,37.59359],[126.81759,37.59529],[126.81641,37.59564],[126.81408,37.59759],[126.81128,37.59868],[126.80494,37.60402],[126.80069,37.60857],[126.79795,37.61086],[126.80357,37.61513],[126.81028,37.61736],[126.81344,37.61778],[126.81758,37.61642],[126.82023,37.62127],[126.82238,37.62257],[126.82091,37.62479],[126.8219,37.62606],[126.8231,37.62907],[126.83086,37.62649],[126.83052,37.62571]]]}},{"type":"Feature","properties":{"adm_cd2":"4128164000","adm_nm":"경기도 고양시덕양구 행신1동","sggnm":"고양시덕양구"},"geometry":{"type":"Polygon","coordinates":[[[126.84146,37.61967],[126.8445,37.61842],[126.84195,37.61793],[126.83797,37.61807],[126.83487,37.61912],[126.83023,37.61919],[126.82787,37.61783],[126.82869,37.6204],[126.82846,37.6225],[126.82733,37.62402],[126.8274,37.62438],[126.83052,37.62571],[126.83086,37.62649],[126.84146,37.61967]]]}},{"type":"Feature","properties":{"adm_cd2":"4128165000","adm_nm":"경기도 고양시덕양구 행신2동","sggnm":"고양시덕양구"},"geometry":{"type":"Polygon","coordinates":[[[126.84529,37.61822],[126.84656,37.61711],[126.84656,37.61654],[126.8459,37.61528],[126.84395,37.6141],[126.84611,37.6128],[126.84825,37.61273],[126.85171,37.61198],[126.85826,37.60886],[126.85358,37.60401],[126.85208,37.60316],[126.84817,37.59992],[126.84674,37.59802],[126.84416,37.59719],[126.83474,37.59746],[126.83429,37.59734],[126.83281,37.59575],[126.83159,37.59735],[126.83076,37.60026],[126.83116,37.60115],[126.83206,37.60141],[126.83189,37.60725],[126.83029,37.60818],[126.82913,37.61024],[126.82884,37.61302],[126.8249,37.61598],[126.82603,37.61647],[126.82748,37.61632],[126.82826,37.61723],[126.82787,37.61783],[126.83023,37.61919],[126.83487,37.61912],[126.83797,37.61807],[126.84195,37.61793],[126.8445,37.61842],[126.84529,37.61822]]]}},{"type":"Feature","properties":{"adm_cd2":"4128166000","adm_nm":"경기도 고양시덕양구 화전동","sggnm":"고양시덕양구"},"geometry":{"type":"Polygon","coordinates":[[[126.90187,37.61],[126.90221,37.60709],[126.90171,37.60573],[126.90208,37.60382],[126.90026,37.60315],[126.90023,37.60203],[126.90149,37.59937],[126.90136,37.59618],[126.90056,37.5943],[126.89899,37.59266],[126.89984,37.58987],[126.89696,37.58862],[126.88726,37.58859],[126.88581,37.59008],[126.88544,37.59109],[126.88622,37.59233],[126.88658,37.59384],[126.88482,37.59339],[126.88393,37.59218],[126.88224,37.59094],[126.86459,37.60592],[126.85826,37.60886],[126.86462,37.6136],[126.87257,37.61804],[126.87346,37.61646],[126.87448,37.61689],[126.87516,37.61665],[126.87553,37.61601],[126.88129,37.61628],[126.8855,37.61512],[126.88613,37.61457],[126.8868,37.61126],[126.89057,37.61047],[126.89233,37.6115],[126.89265,37.61209],[126.89392,37.61249],[126.90103,37.61246],[126.90187,37.61]]]}},{"type":"Feature","properties":{"adm_cd2":"4128167000","adm_nm":"경기도 고양시덕양구 대덕동","sggnm":"고양시덕양구"},"geometry":{"type":"Polygon","coordinates":[[[126.88029,37.58964],[126.87763,37.5862],[126.87667,37.58412],[126.87663,37.58156],[126.87763,37.57975],[126.87708,37.5789],[126.87335,37.57885],[126.86799,37.57739],[126.86664,37.57645],[126.86495,37.57584],[126.86172,37.57586],[126.85912,37.57486],[126.85412,37.57386],[126.85356,37.57181],[126.83209,37.58577],[126.82682,37.58799],[126.83207,37.59535],[126.83429,37.59734],[126.83616,37.59755],[126.84416,37.59719],[126.84674,37.59802],[126.84817,37.59992],[126.85208,37.60316],[126.85358,37.60401],[126.85826,37.60886],[126.86459,37.60592],[126.88224,37.59094],[126.88029,37.58964]]]}},{"type":"Feature","properties":{"adm_cd2":"4128165500","adm_nm":"경기도 고양시덕양구 행신3동","sggnm":"고양시덕양구"},"geometry":{"type":"Polygon","coordinates":[[[126.84251,37.62798],[126.84387,37.6274],[126.84355,37.62585],[126.8438,37.62582],[126.84374,37.62523],[126.84334,37.62462],[126.84258,37.6243],[126.84276,37.62292],[126.84218,37.62082],[126.84274,37.62056],[126.84227,37.61924],[126.83427,37.62428],[126.83579,37.62572],[126.83676,37.63018],[126.83789,37.63057],[126.83949,37.62936],[126.84113,37.62954],[126.84251,37.62798]]]}},{"type":"Feature","properties":{"adm_cd2":"4128551000","adm_nm":"경기도 고양시일산동구 식사동","sggnm":"고양시일산동구"},"geometry":{"type":"Polygon","coordinates":[[[126.83218,37.67938],[126.83238,37.67784],[126.82128,37.67179],[126.82083,37.67098],[126.82075,37.66758],[126.8194,37.66422],[126.81824,37.66408],[126.81521,37.66287],[126.81464,37.66201],[126.81432,37.66036],[126.81271,37.65976],[126.81109,37.65951],[126.81095,37.65995],[126.8113,37.66246],[126.81202,37.66469],[126.80744,37.66688],[126.80279,37.66698],[126.80213,37.66801],[126.80315,37.66935],[126.80422,37.67201],[126.80433,37.67435],[126.80359,37.67479],[126.7992,37.67481],[126.79868,37.67512],[126.79844,37.67611],[126.7993,37.67948],[126.79915,37.6834],[126.80134,37.68316],[126.80134,37.68417],[126.80284,37.68502],[126.80699,37.68517],[126.80909,37.68577],[126.8109,37.68702],[126.81239,37.6888],[126.812,37.69036],[126.81307,37.69196],[126.81578,37.69335],[126.81834,37.69424],[126.81933,37.69428],[126.82344,37.69289],[126.82474,37.69155],[126.82732,37.69078],[126.82845,37.69062],[126.82961,37.6913],[126.83116,37.69077],[126.83179,37.68986],[126.83167,37.68922],[126.83062,37.68867],[126.83003,37.68795],[126.83014,37.68628],[126.83075,37.68548],[126.83204,37.68487],[126.83352,37.68309],[126.83218,37.67938]]]}},{"type":"Feature","properties":{"adm_cd2":"4128552600","adm_nm":"경기도 고양시일산동구 중산2동","sggnm":"고양시일산동구"},"geometry":{"type":"Polygon","coordinates":[[[126.78171,37.68212],[126.78136,37.68405],[126.78252,37.6839],[126.7823,37.68514],[126.78308,37.68573],[126.78468,37.68577],[126.78727,37.68661],[126.78923,37.6877],[126.79027,37.68881],[126.79371,37.68604],[126.79469,37.68473],[126.79364,37.67929],[126.79298,37.67863],[126.79158,37.67927],[126.79052,37.67706],[126.78725,37.67532],[126.788,37.67366],[126.78558,37.67272],[126.78368,37.67587],[126.77729,37.67887],[126.77788,37.68277],[126.78171,37.68212]]]}},{"type":"Feature","properties":{"adm_cd2":"4128553000","adm_nm":"경기도 고양시일산동구 정발산동","sggnm":"고양시일산동구"},"geometry":{"type":"Polygon","coordinates":[[[126.7883,37.66803],[126.78321,37.66615],[126.78159,37.6689],[126.77863,37.66773],[126.77095,37.66262],[126.76742,37.66623],[126.76967,37.66783],[126.77756,37.67876],[126.78368,37.67587],[126.7883,37.66803]]]}},{"type":"Feature","properties":{"adm_cd2":"4128554000","adm_nm":"경기도 고양시일산동구 풍산동","sggnm":"고양시일산동구"},"geometry":{"type":"Polygon","coordinates":[[[126.7993,37.67948],[126.79844,37.67611],[126.79868,37.67512],[126.79931,37.67478],[126.80359,37.67479],[126.80451,37.6739],[126.80422,37.67201],[126.80315,37.66935],[126.80213,37.66801],[126.80266,37.66711],[126.80744,37.66688],[126.81202,37.66469],[126.8113,37.66246],[126.81082,37.65873],[126.81359,37.6565],[126.81605,37.65549],[126.81609,37.65288],[126.8166,37.65126],[126.81816,37.64917],[126.81581,37.64559],[126.81422,37.6438],[126.81234,37.64359],[126.81325,37.6454],[126.81347,37.64754],[126.81297,37.64812],[126.81248,37.64819],[126.80747,37.64533],[126.80588,37.64382],[126.8039,37.64333],[126.80298,37.64352],[126.80209,37.645],[126.80265,37.64556],[126.80272,37.64625],[126.8015,37.64597],[126.798,37.65173],[126.79455,37.65636],[126.78558,37.67272],[126.788,37.67366],[126.78725,37.67532],[126.79052,37.67706],[126.79158,37.67927],[126.79298,37.67863],[126.79364,37.67929],[126.79469,37.68473],[126.79721,37.68475],[126.79915,37.6834],[126.7993,37.67948]]]}},{"type":"Feature","properties":{"adm_cd2":"4128555100","adm_nm":"경기도 고양시일산동구 백석1동","sggnm":"고양시일산동구"},"geometry":{"type":"Polygon","coordinates":[[[126.79729,37.64241],[126.79669,37.64117],[126.79238,37.63975],[126.78107,37.64835],[126.78409,37.65072],[126.79557,37.65501],[126.798,37.65173],[126.8015,37.64597],[126.80272,37.64625],[126.80265,37.64556],[126.80209,37.645],[126.79729,37.64241]]]}},{"type":"Feature","properties":{"adm_cd2":"4128556000","adm_nm":"경기도 고양시일산동구 마두1동","sggnm":"고양시일산동구"},"geometry":{"type":"Polygon","coordinates":[[[126.79282,37.65938],[126.79557,37.65501],[126.78809,37.65226],[126.78464,37.65817],[126.776,37.65497],[126.77292,37.66025],[126.77095,37.66262],[126.77863,37.66773],[126.78159,37.6689],[126.78321,37.66615],[126.7883,37.66803],[126.79282,37.65938]]]}},{"type":"Feature","properties":{"adm_cd2":"4128557000","adm_nm":"경기도 고양시일산동구 마두2동","sggnm":"고양시일산동구"},"geometry":{"type":"Polygon","coordinates":[[[126.78409,37.65072],[126.78103,37.64831],[126.77875,37.65038],[126.776,37.65497],[126.78464,37.65817],[126.78809,37.65226],[126.78409,37.65072]]]}},{"type":"Feature","properties":{"adm_cd2":"4128558000","adm_nm":"경기도 고양시일산동구 장항1동","sggnm":"고양시일산동구"},"geometry":{"type":"Polygon","coordinates":[[[126.75974,37.65973],[126.76329,37.65176],[126.77878,37.64271],[126.78771,37.636],[126.79238,37.63975],[126.79527,37.64054],[126.79479,37.63856],[126.79413,37.6319],[126.79434,37.62867],[126.79308,37.62774],[126.78848,37.62773],[126.78639,37.62909],[126.78523,37.63088],[126.78405,37.63151],[126.77427,37.63191],[126.77269,37.62974],[126.774,37.62219],[126.76824,37.62369],[126.76415,37.62579],[126.76143,37.62758],[126.76091,37.62823],[126.74883,37.63445],[126.74092,37.63893],[126.74086,37.6539],[126.74178,37.65455],[126.74405,37.65413],[126.74509,37.6595],[126.75022,37.65872],[126.75097,37.66411],[126.75519,37.66222],[126.75633,37.66356],[126.75974,37.65973]]]}},{"type":"Feature","properties":{"adm_cd2":"4128559000","adm_nm":"경기도 고양시일산동구 장항2동","sggnm":"고양시일산동구"},"geometry":{"type":"Polygon","coordinates":[[[126.77292,37.66025],[126.77875,37.65038],[126.78103,37.64831],[126.77613,37.64422],[126.76329,37.65176],[126.75974,37.65973],[126.75633,37.66356],[126.75804,37.6661],[126.76045,37.66501],[126.76268,37.66329],[126.76742,37.66623],[126.77292,37.66025]]]}},{"type":"Feature","properties":{"adm_cd2":"4128560000","adm_nm":"경기도 고양시일산동구 고봉동","sggnm":"고양시일산동구"},"geometry":{"type":"Polygon","coordinates":[[[126.83628,37.72699],[126.83992,37.72322],[126.84077,37.72134],[126.84178,37.71641],[126.84656,37.70716],[126.84833,37.70289],[126.84976,37.69804],[126.85383,37.69526],[126.85497,37.69353],[126.85494,37.69213],[126.85255,37.6888],[126.84896,37.69023],[126.84808,37.68633],[126.84146,37.68539],[126.83993,37.68431],[126.83542,37.68303],[126.83352,37.68309],[126.83204,37.68487],[126.83075,37.68548],[126.83014,37.68628],[126.83003,37.68795],[126.83062,37.68867],[126.83167,37.68922],[126.83179,37.68986],[126.83116,37.69077],[126.82961,37.6913],[126.82845,37.69062],[126.82732,37.69078],[126.82474,37.69155],[126.82344,37.69289],[126.81933,37.69428],[126.81834,37.69424],[126.81578,37.69335],[126.81307,37.69196],[126.812,37.69036],[126.81239,37.6888],[126.8109,37.68702],[126.80909,37.68577],[126.80699,37.68517],[126.80284,37.68502],[126.80134,37.68417],[126.80134,37.68316],[126.79915,37.6834],[126.79721,37.68475],[126.79469,37.68473],[126.79371,37.68604],[126.79027,37.68881],[126.78982,37.68979],[126.78967,37.69131],[126.7901,37.69289],[126.78924,37.69396],[126.78568,37.69527],[126.78512,37.69639],[126.78508,37.69826],[126.78299,37.69824],[126.77979,37.69996],[126.77709,37.70061],[126.77522,37.70215],[126.77373,37.70262],[126.77335,37.70425],[126.77386,37.70677],[126.77328,37.70923],[126.77483,37.71022],[126.77785,37.7141],[126.78256,37.71761],[126.78452,37.71969],[126.78503,37.72089],[126.79015,37.72376],[126.79195,37.7242],[126.79365,37.72595],[126.79608,37.72961],[126.79558,37.73356],[126.79357,37.73497],[126.79474,37.73587],[126.79726,37.73701],[126.79817,37.73716],[126.80076,37.73528],[126.80102,37.73455],[126.80099,37.73075],[126.80134,37.7303],[126.80283,37.73038],[126.8069,37.72697],[126.81399,37.72348],[126.81485,37.72364],[126.81632,37.72492],[126.82303,37.72881],[126.82386,37.72883],[126.82541,37.72715],[126.82608,37.727],[126.82831,37.72746],[126.83175,37.72881],[126.83282,37.72762],[126.83413,37.7269],[126.83563,37.72807],[126.83628,37.72699]]]}},{"type":"Feature","properties":{"adm_cd2":"4128555200","adm_nm":"경기도 고양시일산동구 백석2동","sggnm":"고양시일산동구"},"geometry":{"type":"Polygon","coordinates":[[[126.78784,37.63596],[126.779,37.64256],[126.77613,37.64422],[126.78107,37.64835],[126.79238,37.63975],[126.78784,37.63596]]]}},{"type":"Feature","properties":{"adm_cd2":"4128751000","adm_nm":"경기도 고양시일산서구 일산1동","sggnm":"고양시일산서구"},"geometry":{"type":"Polygon","coordinates":[[[126.77395,37.68936],[126.76825,37.68279],[126.76251,37.68582],[126.76141,37.68748],[126.76105,37.68931],[126.76181,37.68919],[126.76723,37.69014],[126.7733,37.69254],[126.77512,37.69208],[126.77395,37.68936]]]}},{"type":"Feature","properties":{"adm_cd2":"4128752000","adm_nm":"경기도 고양시일산서구 일산2동","sggnm":"고양시일산서구"},"geometry":{"type":"Polygon","coordinates":[[[126.76825,37.68279],[126.77395,37.68936],[126.77625,37.69403],[126.77814,37.69579],[126.77691,37.69068],[126.77795,37.68322],[126.77729,37.67887],[126.76825,37.68279]]]}},{"type":"Feature","properties":{"adm_cd2":"4128753000","adm_nm":"경기도 고양시일산서구 일산3동","sggnm":"고양시일산서구"},"geometry":{"type":"Polygon","coordinates":[[[126.77756,37.67876],[126.77325,37.67298],[126.75814,37.67952],[126.76251,37.68582],[126.76825,37.68279],[126.77756,37.67876]]]}},{"type":"Feature","properties":{"adm_cd2":"4128754500","adm_nm":"경기도 고양시일산서구 탄현1동","sggnm":"고양시일산서구"},"geometry":{"type":"Polygon","coordinates":[[[126.76451,37.69911],[126.76825,37.69969],[126.7689,37.69799],[126.77001,37.69653],[126.77187,37.69507],[126.77275,37.69357],[126.77625,37.69403],[126.77512,37.69208],[126.7733,37.69254],[126.76723,37.69014],[126.76181,37.68919],[126.76105,37.68931],[126.76106,37.69907],[126.76451,37.69911]]]}},{"type":"Feature","properties":{"adm_cd2":"4128755000","adm_nm":"경기도 고양시일산서구 주엽1동","sggnm":"고양시일산서구"},"geometry":{"type":"Polygon","coordinates":[[[126.76948,37.66763],[126.76268,37.66329],[126.76117,37.66458],[126.75833,37.66598],[126.76547,37.67634],[126.77325,37.67298],[126.76948,37.66763]]]}},{"type":"Feature","properties":{"adm_cd2":"4128756000","adm_nm":"경기도 고양시일산서구 주엽2동","sggnm":"고양시일산서구"},"geometry":{"type":"Polygon","coordinates":[[[126.75833,37.66598],[126.75101,37.66919],[126.75814,37.67952],[126.76547,37.67634],[126.75833,37.66598]]]}},{"type":"Feature","properties":{"adm_cd2":"4128757000","adm_nm":"경기도 고양시일산서구 대화동","sggnm":"고양시일산서구"},"geometry":{"type":"Polygon","coordinates":[[[126.76251,37.68582],[126.75101,37.66919],[126.75804,37.6661],[126.75519,37.66222],[126.75097,37.66411],[126.75133,37.66545],[126.7521,37.66658],[126.74956,37.6669],[126.74454,37.65966],[126.73475,37.66592],[126.73452,37.66641],[126.73676,37.66781],[126.73749,37.67393],[126.73884,37.67461],[126.73974,37.67635],[126.73806,37.67707],[126.73756,37.67793],[126.7386,37.68169],[126.73982,37.68357],[126.74111,37.68481],[126.74456,37.68694],[126.74622,37.68587],[126.75275,37.6864],[126.75717,37.68765],[126.75946,37.68796],[126.76141,37.68748],[126.76251,37.68582]]]}},{"type":"Feature","properties":{"adm_cd2":"4128758000","adm_nm":"경기도 고양시일산서구 송포동","sggnm":"고양시일산서구"},"geometry":{"type":"Polygon","coordinates":[[[126.75717,37.68765],[126.75275,37.6864],[126.74622,37.68587],[126.7449,37.68691],[126.74433,37.68687],[126.74111,37.68481],[126.73982,37.68357],[126.7386,37.68169],[126.73758,37.67777],[126.73806,37.67707],[126.73974,37.67635],[126.73884,37.67461],[126.73749,37.67393],[126.73676,37.66781],[126.73452,37.66641],[126.73475,37.66592],[126.74454,37.65966],[126.74956,37.6669],[126.7521,37.66658],[126.75101,37.66433],[126.75022,37.65872],[126.74509,37.6595],[126.74405,37.65413],[126.74178,37.65455],[126.74086,37.6539],[126.74092,37.63893],[126.73499,37.64196],[126.72839,37.64451],[126.71826,37.64929],[126.70159,37.65932],[126.68932,37.66618],[126.69424,37.67152],[126.6958,37.67209],[126.69652,37.67094],[126.70059,37.67691],[126.70254,37.67552],[126.70702,37.67336],[126.70718,37.67436],[126.70624,37.67436],[126.70602,37.67821],[126.7084,37.68017],[126.71033,37.68117],[126.7218,37.68135],[126.72499,37.67973],[126.74448,37.69016],[126.75189,37.68798],[126.75455,37.68875],[126.75739,37.68855],[126.75946,37.68796],[126.75717,37.68765]]]}},{"type":"Feature","properties":{"adm_cd2":"4128761000","adm_nm":"경기도 고양시일산서구 가좌동","sggnm":"고양시일산서구"},"geometry":{"type":"Polygon","coordinates":[[[126.72795,37.69096],[126.72906,37.68724],[126.72908,37.68191],[126.72499,37.67973],[126.7218,37.68135],[126.71033,37.68117],[126.7084,37.68017],[126.70602,37.67821],[126.70624,37.67436],[126.70718,37.67436],[126.70702,37.67336],[126.70254,37.67552],[126.70059,37.67691],[126.69652,37.67094],[126.6958,37.67209],[126.69424,37.67152],[126.68932,37.66618],[126.67346,37.67491],[126.67128,37.67649],[126.66846,37.68018],[126.66679,37.68416],[126.66633,37.68776],[126.66705,37.68914],[126.67655,37.70008],[126.68348,37.69513],[126.68739,37.69158],[126.6914,37.68911],[126.69662,37.6949],[126.69929,37.69703],[126.70184,37.6963],[126.70458,37.69621],[126.70722,37.69722],[126.71191,37.69974],[126.71707,37.70024],[126.72265,37.70233],[126.72352,37.70303],[126.72745,37.70409],[126.72838,37.70394],[126.72795,37.69096]]]}},{"type":"Feature","properties":{"adm_cd2":"4129051000","adm_nm":"경기도 과천시 중앙동","sggnm":"과천시"},"geometry":{"type":"Polygon","coordinates":[[[127.00013,37.43776],[126.99956,37.43859],[126.99779,37.43956],[126.99405,37.43953],[126.99724,37.43454],[126.98943,37.42575],[126.98919,37.42386],[126.98069,37.423],[126.97782,37.42323],[126.97493,37.42213],[126.97359,37.42128],[126.97252,37.42133],[126.97113,37.42226],[126.97191,37.42255],[126.97065,37.42474],[126.96616,37.42746],[126.96424,37.43139],[126.96431,37.43764],[126.96503,37.43867],[126.96548,37.44031],[126.9638,37.44077],[126.96411,37.44247],[126.96383,37.44422],[126.96456,37.44569],[126.97081,37.44746],[126.97209,37.4468],[126.98813,37.44318],[126.98924,37.44332],[126.99126,37.44472],[126.99419,37.44561],[126.99619,37.44548],[127.00071,37.43784],[127.00013,37.43776]]]}},{"type":"Feature","properties":{"adm_cd2":"4129053000","adm_nm":"경기도 과천시 별양동","sggnm":"과천시"},"geometry":{"type":"Polygon","coordinates":[[[126.99953,37.42583],[126.99635,37.42185],[126.98943,37.42575],[126.99724,37.43454],[126.99724,37.43263],[126.99645,37.43186],[127.0015,37.42952],[126.99953,37.42583]]]}},{"type":"Feature","properties":{"adm_cd2":"4129054000","adm_nm":"경기도 과천시 부림동","sggnm":"과천시"},"geometry":{"type":"Polygon","coordinates":[[[127.00265,37.43406],[127.00283,37.43303],[127.0027,37.43212],[127.0015,37.42952],[126.99645,37.43186],[126.99724,37.43263],[126.99724,37.43454],[126.99405,37.43953],[126.99779,37.43956],[126.99956,37.43859],[127.00013,37.43776],[127.00071,37.43784],[127.00265,37.43406]]]}},{"type":"Feature","properties":{"adm_cd2":"4129055000","adm_nm":"경기도 과천시 과천동","sggnm":"과천시"},"geometry":{"type":"Polygon","coordinates":[[[127.03127,37.46578],[127.03314,37.46502],[127.03473,37.46385],[127.03343,37.46108],[127.03492,37.45787],[127.03583,37.45755],[127.03788,37.44914],[127.03837,37.44554],[127.03809,37.44441],[127.03681,37.44215],[127.03541,37.44117],[127.03088,37.44164],[127.03001,37.44112],[127.02718,37.44041],[127.0234,37.44023],[127.02287,37.43954],[127.02065,37.4383],[127.01756,37.43903],[127.01726,37.44034],[127.01302,37.44083],[127.0088,37.4393],[127.00648,37.43574],[127.00071,37.43784],[126.99619,37.44548],[126.99419,37.44561],[126.99126,37.44472],[126.98924,37.44332],[126.98813,37.44318],[126.97209,37.4468],[126.97081,37.44746],[126.97398,37.4476],[126.98236,37.45516],[126.99683,37.46218],[126.99722,37.46394],[126.99646,37.4648],[126.99628,37.46672],[127.00342,37.46726],[127.00417,37.46478],[127.00516,37.46306],[127.01106,37.45539],[127.01786,37.45561],[127.02053,37.45617],[127.0261,37.45851],[127.02986,37.46345],[127.03008,37.46418],[127.02986,37.46545],[127.03127,37.46578]]]}},{"type":"Feature","properties":{"adm_cd2":"4129056000","adm_nm":"경기도 과천시 문원동","sggnm":"과천시"},"geometry":{"type":"Polygon","coordinates":[[[127.03586,37.43916],[127.03731,37.43849],[127.03991,37.4385],[127.04097,37.43817],[127.0441,37.43535],[127.04472,37.4343],[127.04634,37.43355],[127.04726,37.4319],[127.04747,37.43087],[127.04592,37.42909],[127.04183,37.42691],[127.04163,37.42387],[127.04203,37.42263],[127.04195,37.41838],[127.04168,37.41563],[127.04098,37.41518],[127.03793,37.41391],[127.03486,37.41406],[127.02834,37.4121],[127.02115,37.4124],[127.01814,37.41318],[127.00849,37.4122],[127.00413,37.40777],[127.00212,37.40706],[127.00075,37.40574],[126.99542,37.4096],[126.99426,37.41009],[126.99336,37.40968],[126.99055,37.412],[126.99076,37.41257],[126.99134,37.41292],[126.99121,37.41554],[126.99203,37.41749],[126.99141,37.41776],[126.99359,37.41854],[126.99852,37.4245],[127.00018,37.42681],[127.0027,37.43212],[127.00265,37.43406],[127.00073,37.43804],[127.00648,37.43574],[127.0088,37.4393],[127.01302,37.44083],[127.01726,37.44034],[127.01756,37.43903],[127.02065,37.4383],[127.02287,37.43954],[127.0234,37.44023],[127.02718,37.44041],[127.03001,37.44112],[127.03088,37.44164],[127.03541,37.44117],[127.03586,37.43916]]]}},{"type":"Feature","properties":{"adm_cd2":"4131051000","adm_nm":"경기도 구리시 갈매동","sggnm":"구리시"},"geometry":{"type":"Polygon","coordinates":[[[127.12943,37.63667],[127.1285,37.634],[127.12761,37.62726],[127.12715,37.62597],[127.11771,37.62097],[127.11567,37.61929],[127.11395,37.61943],[127.11085,37.62078],[127.10875,37.62046],[127.10614,37.6206],[127.10403,37.62169],[127.10353,37.62307],[127.10537,37.62714],[127.11084,37.63047],[127.11204,37.63262],[127.11238,37.63523],[127.11195,37.64027],[127.11115,37.64241],[127.11193,37.64342],[127.1154,37.64402],[127.11651,37.6434],[127.12702,37.64132],[127.12903,37.64169],[127.12943,37.63667]]]}},{"type":"Feature","properties":{"adm_cd2":"4131052000","adm_nm":"경기도 구리시 동구동","sggnm":"구리시"},"geometry":{"type":"Polygon","coordinates":[[[127.14944,37.63306],[127.14814,37.63155],[127.14448,37.62911],[127.14336,37.62689],[127.14302,37.62535],[127.14325,37.62105],[127.14702,37.61513],[127.14773,37.60937],[127.14895,37.60467],[127.13972,37.60245],[127.13859,37.60328],[127.13499,37.60901],[127.13266,37.61198],[127.12922,37.61324],[127.12613,37.61523],[127.12357,37.61619],[127.11926,37.6164],[127.11697,37.61743],[127.11567,37.61929],[127.11771,37.62097],[127.12715,37.62597],[127.12761,37.62726],[127.1285,37.634],[127.12943,37.63667],[127.12903,37.64169],[127.13011,37.64119],[127.13106,37.64133],[127.13339,37.6436],[127.14087,37.6463],[127.14205,37.64597],[127.14386,37.64453],[127.14626,37.64409],[127.14711,37.6432],[127.14911,37.63993],[127.15026,37.63943],[127.14944,37.63306]]]}},{"type":"Feature","properties":{"adm_cd2":"4131053000","adm_nm":"경기도 구리시 인창동","sggnm":"구리시"},"geometry":{"type":"Polygon","coordinates":[[[127.1492,37.60403],[127.14708,37.60351],[127.1401,37.60051],[127.13589,37.60055],[127.1298,37.60153],[127.12866,37.60288],[127.1168,37.60991],[127.11759,37.61171],[127.11667,37.61577],[127.11697,37.61743],[127.11926,37.6164],[127.12357,37.61619],[127.12613,37.61523],[127.12922,37.61324],[127.13266,37.61198],[127.13499,37.60901],[127.13859,37.60328],[127.13972,37.60245],[127.14895,37.60467],[127.1492,37.60403]]]}},{"type":"Feature","properties":{"adm_cd2":"4131054100","adm_nm":"경기도 구리시 교문1동","sggnm":"구리시"},"geometry":{"type":"Polygon","coordinates":[[[127.13736,37.59484],[127.13121,37.59346],[127.13107,37.59052],[127.12827,37.57855],[127.12927,37.5771],[127.12952,37.57567],[127.13382,37.56845],[127.12175,37.56399],[127.11936,37.56266],[127.11668,37.56002],[127.11548,37.55985],[127.11348,37.56025],[127.11377,37.55889],[127.11147,37.55889],[127.11002,37.55846],[127.10896,37.55982],[127.10115,37.56002],[127.10109,37.56091],[127.10334,37.56965],[127.10419,37.57105],[127.10397,37.57173],[127.10308,37.57233],[127.10164,37.57256],[127.10093,37.57356],[127.10267,37.5783],[127.10277,37.58176],[127.09975,37.58305],[127.10267,37.5841],[127.10933,37.58466],[127.11014,37.58742],[127.1124,37.59186],[127.11391,37.59334],[127.11782,37.59401],[127.11837,37.59502],[127.11396,37.59942],[127.11383,37.59996],[127.11801,37.60458],[127.11838,37.60738],[127.1179,37.60814],[127.11662,37.60882],[127.1168,37.60991],[127.12866,37.60288],[127.1298,37.60153],[127.13589,37.60055],[127.13736,37.59484]]]}},{"type":"Feature","properties":{"adm_cd2":"4131054200","adm_nm":"경기도 구리시 교문2동","sggnm":"구리시"},"geometry":{"type":"Polygon","coordinates":[[[127.13792,37.58459],[127.13868,37.58404],[127.13947,37.58251],[127.13326,37.57973],[127.12927,37.5771],[127.12827,37.57855],[127.13107,37.59052],[127.13121,37.59346],[127.13736,37.59484],[127.13793,37.59236],[127.13792,37.58459]]]}},{"type":"Feature","properties":{"adm_cd2":"4131057000","adm_nm":"경기도 구리시 수택1동","sggnm":"구리시"},"geometry":{"type":"Polygon","coordinates":[[[127.16287,37.59454],[127.16188,37.59361],[127.15502,37.59345],[127.14788,37.59502],[127.14398,37.59755],[127.13674,37.59729],[127.13589,37.60055],[127.1401,37.60051],[127.14708,37.60351],[127.1492,37.60403],[127.15096,37.60013],[127.15408,37.59708],[127.15658,37.59593],[127.16287,37.59454]]]}},{"type":"Feature","properties":{"adm_cd2":"4131058000","adm_nm":"경기도 구리시 수택2동","sggnm":"구리시"},"geometry":{"type":"Polygon","coordinates":[[[127.14948,37.5907],[127.13793,37.59236],[127.13674,37.59729],[127.14398,37.59755],[127.14788,37.59502],[127.15076,37.59435],[127.14948,37.5907]]]}},{"type":"Feature","properties":{"adm_cd2":"4131059000","adm_nm":"경기도 구리시 수택3동","sggnm":"구리시"},"geometry":{"type":"Polygon","coordinates":[[[127.16662,37.57892],[127.14924,37.56849],[127.14541,37.56827],[127.13382,37.56845],[127.12952,37.57567],[127.12927,37.5771],[127.13326,37.57973],[127.13947,37.58251],[127.13868,37.58404],[127.13792,37.58459],[127.13787,37.59233],[127.14948,37.5907],[127.15076,37.59435],[127.1552,37.59343],[127.16188,37.59361],[127.16287,37.59454],[127.16445,37.59422],[127.16798,37.59419],[127.16839,37.59393],[127.1692,37.59223],[127.16852,37.59063],[127.166,37.58988],[127.16373,37.59],[127.16187,37.5893],[127.16092,37.58835],[127.16046,37.58665],[127.16082,37.58579],[127.16228,37.58453],[127.16555,37.58423],[127.17076,37.58092],[127.16856,37.57983],[127.16857,37.57895],[127.16662,37.57892]]]}},{"type":"Feature","properties":{"adm_cd2":"4136025000","adm_nm":"경기도 남양주시 와부읍","sggnm":"남양주시"},"geometry":{"type":"Polygon","coordinates":[[[127.25866,37.63808],[127.265,37.63446],[127.2658,37.63283],[127.26762,37.63142],[127.27115,37.63314],[127.2756,37.63399],[127.27995,37.63378],[127.28094,37.63324],[127.28089,37.63122],[127.27978,37.62975],[127.27948,37.62801],[127.28223,37.62409],[127.28179,37.62013],[127.28199,37.61925],[127.28414,37.61794],[127.28814,37.61659],[127.2882,37.61317],[127.29116,37.60982],[127.29189,37.60758],[127.29257,37.60692],[127.28906,37.60221],[127.28769,37.59943],[127.28384,37.59461],[127.28321,37.59332],[127.27761,37.5916],[127.27345,37.5926],[127.27069,37.59368],[127.26853,37.5924],[127.26734,37.59075],[127.26615,37.58706],[127.26708,37.58572],[127.26742,37.58384],[127.26573,37.58127],[127.26407,37.57956],[127.26311,37.57879],[127.26016,37.5779],[127.25694,37.57394],[127.25671,37.57256],[127.25757,37.57096],[127.25796,37.56883],[127.25723,37.56476],[127.2574,37.56214],[127.26317,37.5587],[127.26623,37.55817],[127.26813,37.55741],[127.26839,37.55668],[127.26785,37.55536],[127.26635,37.55402],[127.26618,37.5528],[127.26758,37.54878],[127.27027,37.54754],[127.27118,37.54661],[127.27153,37.54546],[127.27137,37.5445],[127.26768,37.54075],[127.26496,37.53747],[127.25914,37.53565],[127.24855,37.5414],[127.24044,37.54395],[127.23842,37.545],[127.23618,37.55045],[127.23443,37.55206],[127.2343,37.55747],[127.23364,37.55869],[127.22906,37.56336],[127.22186,37.56467],[127.22011,37.56696],[127.22004,37.57189],[127.21967,37.5739],[127.21294,37.57697],[127.21068,37.57987],[127.20843,37.58181],[127.20619,37.5851],[127.20243,37.58818],[127.21029,37.59079],[127.2127,37.59716],[127.21096,37.5994],[127.20604,37.60752],[127.20792,37.60831],[127.20943,37.61113],[127.21382,37.61554],[127.21452,37.61756],[127.21448,37.61871],[127.21636,37.62099],[127.22215,37.62374],[127.22506,37.62713],[127.22953,37.63058],[127.23068,37.63141],[127.23494,37.63343],[127.2368,37.63318],[127.23993,37.6333],[127.24901,37.63595],[127.25059,37.63742],[127.2529,37.63892],[127.25459,37.63867],[127.2582,37.63886],[127.25866,37.63808]]]}},{"type":"Feature","properties":{"adm_cd2":"4136025300","adm_nm":"경기도 남양주시 진접읍","sggnm":"남양주시"},"geometry":{"type":"Polygon","coordinates":[[[127.26126,37.76581],[127.25681,37.76005],[127.25541,37.75606],[127.25657,37.75311],[127.25614,37.75229],[127.2542,37.75076],[127.25279,37.7491],[127.25185,37.74506],[127.25232,37.74148],[127.25356,37.73914],[127.25446,37.7385],[127.25491,37.73758],[127.25192,37.72966],[127.24971,37.7263],[127.24651,37.71964],[127.24586,37.71569],[127.24652,37.71426],[127.2456,37.71288],[127.24609,37.71112],[127.24577,37.71052],[127.24416,37.70958],[127.23765,37.70687],[127.23226,37.70755],[127.23127,37.70805],[127.23006,37.70795],[127.22874,37.70717],[127.22856,37.70613],[127.22879,37.70566],[127.22835,37.70496],[127.22742,37.70454],[127.22091,37.70424],[127.2157,37.70589],[127.21081,37.70829],[127.21049,37.70895],[127.21076,37.70985],[127.21032,37.71119],[127.20897,37.71173],[127.20497,37.71227],[127.20237,37.71367],[127.20227,37.71082],[127.20259,37.70995],[127.20233,37.70954],[127.20197,37.70955],[127.19859,37.70981],[127.19701,37.71118],[127.19327,37.71277],[127.19321,37.71182],[127.19201,37.70978],[127.18902,37.70823],[127.18559,37.70425],[127.18235,37.69928],[127.18293,37.69763],[127.1863,37.69618],[127.187,37.69244],[127.18911,37.69033],[127.18924,37.68883],[127.18757,37.68822],[127.18286,37.68852],[127.17968,37.68633],[127.17969,37.68492],[127.18078,37.68419],[127.18179,37.68285],[127.18098,37.68109],[127.17265,37.67956],[127.16667,37.67968],[127.16568,37.67792],[127.16228,37.67545],[127.16029,37.67327],[127.16019,37.67011],[127.15942,37.66818],[127.1581,37.66631],[127.15423,37.66421],[127.15115,37.6634],[127.15088,37.66493],[127.14824,37.6679],[127.14339,37.67116],[127.14216,37.67469],[127.1422,37.67697],[127.14115,37.67907],[127.141,37.68047],[127.14177,37.68159],[127.14254,37.6819],[127.14299,37.6825],[127.14418,37.68524],[127.14316,37.68934],[127.1451,37.69488],[127.14489,37.69723],[127.14218,37.6982],[127.14118,37.70075],[127.14113,37.70299],[127.14258,37.70611],[127.1414,37.7093],[127.14163,37.71728],[127.14425,37.71905],[127.14585,37.71946],[127.14944,37.72127],[127.15596,37.72569],[127.15741,37.72782],[127.15432,37.73084],[127.15354,37.73109],[127.14817,37.7348],[127.14838,37.73683],[127.14812,37.73982],[127.14686,37.74081],[127.14494,37.74384],[127.1439,37.74654],[127.14248,37.74777],[127.14204,37.74992],[127.14671,37.75484],[127.14941,37.75544],[127.15376,37.7555],[127.15718,37.7547],[127.159,37.7533],[127.1598,37.75305],[127.16626,37.75294],[127.17326,37.75511],[127.17556,37.75663],[127.17626,37.75734],[127.17699,37.75977],[127.17936,37.76226],[127.18091,37.7631],[127.18142,37.76382],[127.18381,37.76469],[127.186,37.76441],[127.18729,37.76342],[127.19092,37.76258],[127.19861,37.76329],[127.20019,37.76399],[127.20415,37.76348],[127.20488,37.76307],[127.20478,37.76164],[127.20528,37.76124],[127.21096,37.76461],[127.21265,37.76465],[127.21298,37.76151],[127.21341,37.76102],[127.21891,37.75842],[127.22075,37.75792],[127.22203,37.75693],[127.22163,37.75502],[127.22514,37.75345],[127.22762,37.75428],[127.23068,37.75733],[127.23219,37.75769],[127.23341,37.75846],[127.23576,37.76094],[127.23649,37.76219],[127.24047,37.76271],[127.25158,37.76621],[127.25355,37.76772],[127.25879,37.76866],[127.25973,37.7684],[127.26126,37.76581]]]}},{"type":"Feature","properties":{"adm_cd2":"4136025600","adm_nm":"경기도 남양주시 화도읍","sggnm":"남양주시"},"geometry":{"type":"Polygon","coordinates":[[[127.36677,37.68965],[127.36683,37.68857],[127.36769,37.68677],[127.36925,37.68528],[127.37417,37.68219],[127.37462,37.68132],[127.37459,37.67955],[127.37506,37.67733],[127.3792,37.67459],[127.37755,37.6699],[127.37637,37.66011],[127.37442,37.65433],[127.37205,37.65066],[127.37113,37.64819],[127.36598,37.64005],[127.36408,37.63809],[127.35453,37.63019],[127.35216,37.62779],[127.3471,37.61778],[127.34532,37.61094],[127.34304,37.61108],[127.33541,37.60938],[127.33282,37.60957],[127.33002,37.61019],[127.32639,37.61204],[127.32387,37.61237],[127.32217,37.61299],[127.3133,37.61063],[127.31238,37.60894],[127.3125,37.60741],[127.31186,37.60683],[127.30651,37.60448],[127.30013,37.60565],[127.29787,37.60677],[127.29538,37.60755],[127.29257,37.60692],[127.29189,37.60758],[127.29116,37.60982],[127.2882,37.61317],[127.28814,37.61659],[127.28414,37.61794],[127.28199,37.61925],[127.28179,37.62013],[127.28223,37.62409],[127.27948,37.62801],[127.27978,37.62975],[127.28089,37.63122],[127.28094,37.63324],[127.27995,37.63378],[127.2756,37.63399],[127.27115,37.63314],[127.26762,37.63142],[127.2658,37.63283],[127.265,37.63446],[127.25866,37.63808],[127.2582,37.63886],[127.26036,37.64241],[127.26191,37.64349],[127.26263,37.64577],[127.26638,37.64867],[127.26516,37.65155],[127.26603,37.65685],[127.2651,37.6596],[127.26159,37.66186],[127.26011,37.66345],[127.26528,37.67453],[127.26875,37.67784],[127.27104,37.67843],[127.27197,37.67901],[127.27199,37.67957],[127.27441,37.68065],[127.27525,37.68151],[127.27409,37.68328],[127.27207,37.68529],[127.27261,37.68644],[127.27228,37.68785],[127.27125,37.68999],[127.27211,37.69205],[127.27659,37.69869],[127.28532,37.69802],[127.29017,37.69827],[127.29568,37.69973],[127.29815,37.70196],[127.29895,37.70205],[127.30187,37.70131],[127.30424,37.69889],[127.30613,37.6976],[127.31175,37.69572],[127.31699,37.69516],[127.31887,37.69338],[127.32176,37.68982],[127.32108,37.68705],[127.31944,37.68566],[127.3177,37.68354],[127.31778,37.67986],[127.31327,37.67364],[127.31479,37.66741],[127.31936,37.66495],[127.32037,37.6647],[127.32442,37.66472],[127.32511,37.66516],[127.32592,37.66762],[127.32786,37.66958],[127.32911,37.66994],[127.33024,37.66958],[127.33123,37.66969],[127.3323,37.67027],[127.33269,37.67117],[127.33258,37.67293],[127.33312,37.67347],[127.34431,37.67571],[127.34663,37.67578],[127.34823,37.67684],[127.35162,37.67992],[127.35183,37.68116],[127.35335,37.68287],[127.35774,37.68515],[127.36084,37.68745],[127.36543,37.68998],[127.36646,37.69027],[127.36714,37.69011],[127.36677,37.68965]]]}},{"type":"Feature","properties":{"adm_cd2":"4136025900","adm_nm":"경기도 남양주시 진건읍","sggnm":"남양주시"},"geometry":{"type":"Polygon","coordinates":[[[127.2311,37.66979],[127.22543,37.66534],[127.22445,37.66213],[127.22451,37.65947],[127.22276,37.65899],[127.21231,37.65372],[127.21147,37.65135],[127.21137,37.6498],[127.21321,37.64961],[127.21297,37.64736],[127.21159,37.64519],[127.21166,37.6442],[127.20659,37.64364],[127.206,37.64048],[127.2056,37.63991],[127.20337,37.6387],[127.20159,37.63859],[127.19888,37.63903],[127.19435,37.6408],[127.19221,37.63655],[127.19273,37.63498],[127.19377,37.63351],[127.19289,37.63349],[127.1869,37.63037],[127.18157,37.63028],[127.17645,37.6284],[127.17314,37.62835],[127.17177,37.62937],[127.17012,37.62921],[127.16717,37.62792],[127.16723,37.62701],[127.16681,37.62654],[127.16578,37.62837],[127.16414,37.62834],[127.16336,37.62795],[127.16175,37.62826],[127.16149,37.62842],[127.16194,37.62885],[127.16155,37.62897],[127.16182,37.62945],[127.16114,37.62963],[127.16035,37.62876],[127.15991,37.6287],[127.15776,37.6305],[127.15702,37.63071],[127.15689,37.63145],[127.14845,37.63182],[127.1492,37.63264],[127.1497,37.63384],[127.15026,37.63943],[127.15274,37.64558],[127.15308,37.64967],[127.15161,37.65214],[127.14744,37.65671],[127.14715,37.65779],[127.14757,37.6604],[127.15115,37.6634],[127.15423,37.66421],[127.1581,37.66631],[127.15942,37.66818],[127.16019,37.67011],[127.16029,37.67327],[127.16228,37.67545],[127.16568,37.67792],[127.16667,37.67968],[127.17265,37.67956],[127.18098,37.68109],[127.18179,37.68285],[127.18078,37.68419],[127.17969,37.68492],[127.17963,37.68622],[127.18286,37.68852],[127.18757,37.68822],[127.18924,37.68883],[127.1898,37.68846],[127.19312,37.68837],[127.19577,37.6889],[127.19844,37.68822],[127.20003,37.68694],[127.20078,37.68409],[127.2026,37.68022],[127.20416,37.67801],[127.20969,37.67434],[127.21394,37.67332],[127.21687,37.67399],[127.21919,37.67607],[127.22577,37.67925],[127.23154,37.67593],[127.23306,37.6756],[127.2345,37.67473],[127.23502,37.67393],[127.2311,37.66979]]]}},{"type":"Feature","properties":{"adm_cd2":"4136026200","adm_nm":"경기도 남양주시 오남읍","sggnm":"남양주시"},"geometry":{"type":"Polygon","coordinates":[[[127.24831,37.70942],[127.25246,37.7089],[127.25959,37.70921],[127.2619,37.71018],[127.26791,37.71082],[127.27036,37.71],[127.2709,37.70936],[127.27222,37.7087],[127.27487,37.70822],[127.27629,37.69899],[127.27659,37.69869],[127.27211,37.69205],[127.27125,37.68999],[127.27228,37.68785],[127.27261,37.68644],[127.27207,37.68529],[127.27409,37.68328],[127.27523,37.68159],[127.27484,37.68103],[127.27199,37.67957],[127.26723,37.68162],[127.25969,37.68042],[127.25658,37.68048],[127.25542,37.67975],[127.25426,37.6784],[127.25254,37.67792],[127.24815,37.67779],[127.24562,37.67565],[127.2401,37.67426],[127.23591,37.67375],[127.23502,37.67393],[127.2345,37.67473],[127.23306,37.6756],[127.23154,37.67593],[127.2256,37.67924],[127.21919,37.67607],[127.21699,37.67405],[127.21394,37.67332],[127.21294,37.67345],[127.20969,37.67434],[127.20416,37.67801],[127.2026,37.68022],[127.20078,37.68409],[127.20003,37.68694],[127.19869,37.68807],[127.19577,37.6889],[127.19312,37.68837],[127.1898,37.68846],[127.18924,37.68883],[127.18911,37.69033],[127.187,37.69244],[127.1863,37.69618],[127.18293,37.69763],[127.18235,37.69928],[127.18559,37.70425],[127.18902,37.70823],[127.19201,37.70978],[127.19321,37.71182],[127.19327,37.71277],[127.19701,37.71118],[127.19859,37.70981],[127.20197,37.70955],[127.20233,37.70954],[127.20259,37.70995],[127.20227,37.71082],[127.20237,37.71367],[127.20497,37.71227],[127.20897,37.71173],[127.21032,37.71119],[127.21076,37.70985],[127.21049,37.70895],[127.21081,37.70829],[127.2157,37.70589],[127.22091,37.70424],[127.22742,37.70454],[127.22835,37.70496],[127.22879,37.70566],[127.22856,37.70613],[127.22874,37.70717],[127.23006,37.70795],[127.23127,37.70805],[127.23226,37.70755],[127.23765,37.70687],[127.24416,37.70958],[127.24608,37.71092],[127.24831,37.70942]]]}},{"type":"Feature","properties":{"adm_cd2":"4136031000","adm_nm":"경기도 남양주시 별내면","sggnm":"남양주시"},"geometry":{"type":"Polygon","coordinates":[[[127.1439,37.74654],[127.14494,37.74384],[127.14686,37.74081],[127.14812,37.73982],[127.14838,37.73683],[127.14817,37.7348],[127.15354,37.73109],[127.15432,37.73084],[127.15741,37.72782],[127.15596,37.72569],[127.14944,37.72127],[127.14585,37.71946],[127.14425,37.71905],[127.14163,37.71728],[127.1414,37.7093],[127.14258,37.70611],[127.14113,37.70299],[127.14118,37.70075],[127.14218,37.6982],[127.14489,37.69723],[127.1451,37.69464],[127.14316,37.68934],[127.14418,37.68524],[127.14299,37.6825],[127.14254,37.6819],[127.14177,37.68159],[127.141,37.68047],[127.14115,37.67907],[127.1422,37.67697],[127.14216,37.67469],[127.13334,37.67498],[127.12686,37.67483],[127.1256,37.67589],[127.12493,37.67823],[127.1246,37.68112],[127.12543,37.68361],[127.12558,37.68618],[127.12458,37.68692],[127.11963,37.68775],[127.11801,37.6886],[127.11565,37.69178],[127.1128,37.69656],[127.10636,37.69667],[127.10419,37.696],[127.1033,37.69492],[127.10143,37.68999],[127.1,37.68896],[127.09592,37.68772],[127.09579,37.68886],[127.09495,37.68917],[127.09284,37.68968],[127.08899,37.68976],[127.08493,37.69084],[127.08514,37.69142],[127.08429,37.69401],[127.08377,37.69466],[127.08111,37.69609],[127.08036,37.6996],[127.08384,37.70174],[127.08753,37.70197],[127.08962,37.70264],[127.09116,37.70253],[127.09401,37.7038],[127.09496,37.70274],[127.09663,37.70221],[127.09909,37.70477],[127.10151,37.70495],[127.10365,37.70721],[127.10738,37.70775],[127.10912,37.70884],[127.1093,37.71281],[127.11167,37.71723],[127.11261,37.71778],[127.11656,37.71795],[127.1182,37.7208],[127.12301,37.72214],[127.12343,37.7225],[127.12412,37.72597],[127.12577,37.72747],[127.12565,37.73354],[127.12385,37.73459],[127.12367,37.73498],[127.12371,37.73861],[127.12629,37.7438],[127.12904,37.74554],[127.12823,37.74715],[127.12848,37.74783],[127.13431,37.74923],[127.13622,37.74931],[127.13704,37.74811],[127.13826,37.74731],[127.14248,37.74777],[127.1439,37.74654]]]}},{"type":"Feature","properties":{"adm_cd2":"4136026500","adm_nm":"경기도 남양주시 퇴계원읍","sggnm":"남양주시"},"geometry":{"type":"Polygon","coordinates":[[[127.14775,37.6607],[127.14715,37.65779],[127.14744,37.65671],[127.15161,37.65214],[127.15308,37.64967],[127.15274,37.64558],[127.15026,37.63943],[127.14911,37.63993],[127.14711,37.6432],[127.14626,37.64409],[127.14386,37.64453],[127.14205,37.64597],[127.14087,37.6463],[127.13339,37.6436],[127.13106,37.64133],[127.13011,37.64119],[127.12903,37.64169],[127.12874,37.6425],[127.13112,37.64694],[127.13345,37.64963],[127.13468,37.65021],[127.1359,37.65127],[127.13706,37.65387],[127.13641,37.65493],[127.14028,37.65995],[127.14066,37.66115],[127.14148,37.66808],[127.14294,37.67002],[127.14378,37.67072],[127.14788,37.6682],[127.15083,37.665],[127.15115,37.6634],[127.14775,37.6607]]]}},{"type":"Feature","properties":{"adm_cd2":"4136034000","adm_nm":"경기도 남양주시 수동면","sggnm":"남양주시"},"geometry":{"type":"Polygon","coordinates":[[[127.35404,37.71941],[127.35415,37.71727],[127.35468,37.71699],[127.35472,37.71663],[127.35339,37.71094],[127.35517,37.70858],[127.35512,37.70718],[127.35425,37.70542],[127.35366,37.70501],[127.35344,37.70382],[127.35592,37.70193],[127.35849,37.69923],[127.35946,37.69678],[127.36135,37.69381],[127.37082,37.69292],[127.37212,37.69203],[127.37213,37.69157],[127.3705,37.6904],[127.36552,37.69002],[127.36084,37.68745],[127.35774,37.68515],[127.35345,37.68293],[127.35183,37.68116],[127.35162,37.67992],[127.34823,37.67684],[127.34663,37.67578],[127.34431,37.67571],[127.33296,37.67339],[127.33258,37.67293],[127.33269,37.67117],[127.3323,37.67027],[127.33123,37.66969],[127.33024,37.66958],[127.32911,37.66994],[127.32786,37.66958],[127.32615,37.66798],[127.32528,37.66535],[127.32442,37.66472],[127.31962,37.66484],[127.31497,37.66725],[127.31446,37.66818],[127.3133,37.67383],[127.31778,37.67986],[127.3177,37.68354],[127.31944,37.68566],[127.32108,37.68705],[127.32176,37.68982],[127.31887,37.69338],[127.31699,37.69516],[127.31175,37.69572],[127.30613,37.6976],[127.30424,37.69889],[127.30187,37.70131],[127.29895,37.70205],[127.29815,37.70196],[127.29568,37.69973],[127.29017,37.69827],[127.28532,37.69802],[127.27659,37.69869],[127.27629,37.69899],[127.27487,37.70822],[127.27222,37.7087],[127.2709,37.70936],[127.27036,37.71],[127.26791,37.71082],[127.2619,37.71018],[127.25951,37.7092],[127.25028,37.70902],[127.24831,37.70942],[127.2465,37.71055],[127.24608,37.71092],[127.24601,37.71203],[127.2456,37.71247],[127.24574,37.71323],[127.2465,37.71417],[127.24586,37.71569],[127.24651,37.71964],[127.24971,37.7263],[127.25192,37.72966],[127.25491,37.73758],[127.25475,37.73816],[127.25326,37.73964],[127.25232,37.74148],[127.25203,37.74286],[127.25185,37.74506],[127.25268,37.74882],[127.2542,37.75076],[127.25632,37.75254],[127.25659,37.75319],[127.25644,37.75393],[127.25541,37.75606],[127.25638,37.75907],[127.25886,37.76301],[127.26126,37.76581],[127.25973,37.7684],[127.26038,37.77012],[127.26152,37.77107],[127.26099,37.77277],[127.26336,37.77693],[127.26622,37.77899],[127.26652,37.78045],[127.26973,37.77883],[127.27287,37.77611],[127.27363,37.77426],[127.27402,37.77406],[127.28186,37.77492],[127.28608,37.77477],[127.29,37.77501],[127.29156,37.77604],[127.29313,37.77624],[127.2985,37.77429],[127.3021,37.77338],[127.30631,37.77035],[127.30989,37.7683],[127.31144,37.7682],[127.31531,37.76903],[127.31857,37.76723],[127.32185,37.76425],[127.32237,37.76307],[127.3237,37.76176],[127.32645,37.76025],[127.33009,37.75585],[127.33396,37.75284],[127.33185,37.75114],[127.33107,37.74954],[127.33293,37.74646],[127.33531,37.74383],[127.33744,37.74241],[127.34241,37.7378],[127.34338,37.73303],[127.34294,37.72937],[127.345,37.7277],[127.34786,37.7269],[127.35545,37.72369],[127.35404,37.71941]]]}},{"type":"Feature","properties":{"adm_cd2":"4136036000","adm_nm":"경기도 남양주시 조안면","sggnm":"남양주시"},"geometry":{"type":"Polygon","coordinates":[[[127.34343,37.60279],[127.34147,37.59179],[127.33991,37.58792],[127.33457,37.57872],[127.32133,37.55835],[127.3171,37.55219],[127.31169,37.54547],[127.30834,37.5393],[127.30477,37.5254],[127.30562,37.52077],[127.3071,37.51638],[127.30366,37.51251],[127.29993,37.50973],[127.2924,37.50714],[127.29077,37.50692],[127.28906,37.50714],[127.28798,37.50908],[127.28734,37.51518],[127.28685,37.51667],[127.28478,37.52149],[127.28284,37.52359],[127.27899,37.52636],[127.26347,37.53327],[127.25914,37.53565],[127.26496,37.53747],[127.26768,37.54075],[127.27137,37.5445],[127.27153,37.54546],[127.27118,37.54661],[127.27027,37.54754],[127.26758,37.54878],[127.26618,37.5528],[127.26635,37.55402],[127.26785,37.55536],[127.26839,37.55668],[127.26813,37.55741],[127.26623,37.55817],[127.26317,37.5587],[127.2574,37.56214],[127.25723,37.56476],[127.25796,37.56883],[127.25757,37.57096],[127.25671,37.57256],[127.25694,37.57394],[127.26016,37.5779],[127.26311,37.57879],[127.26407,37.57956],[127.26573,37.58127],[127.26742,37.58384],[127.26708,37.58572],[127.26615,37.58706],[127.26734,37.59075],[127.26853,37.5924],[127.27069,37.59368],[127.27345,37.5926],[127.27761,37.5916],[127.28321,37.59332],[127.28384,37.59461],[127.28769,37.59943],[127.28906,37.60221],[127.29257,37.60692],[127.29538,37.60755],[127.29787,37.60677],[127.30013,37.60565],[127.30651,37.60448],[127.31186,37.60683],[127.3125,37.60741],[127.31238,37.60894],[127.3133,37.61063],[127.32217,37.61299],[127.32387,37.61237],[127.32639,37.61204],[127.33002,37.61019],[127.33282,37.60957],[127.33541,37.60938],[127.34304,37.61108],[127.34532,37.61094],[127.34343,37.60279]]]}},{"type":"Feature","properties":{"adm_cd2":"4136051000","adm_nm":"경기도 남양주시 호평동","sggnm":"남양주시"},"geometry":{"type":"Polygon","coordinates":[[[127.27197,37.67901],[127.27104,37.67843],[127.26875,37.67784],[127.26528,37.67453],[127.26011,37.66345],[127.26159,37.66186],[127.2651,37.6596],[127.26603,37.65685],[127.26516,37.65155],[127.26638,37.64867],[127.26303,37.64622],[127.26254,37.64561],[127.26191,37.64349],[127.26036,37.64241],[127.25647,37.64727],[127.24724,37.6536],[127.24094,37.65376],[127.24092,37.65333],[127.23969,37.65292],[127.23575,37.65237],[127.23326,37.65543],[127.23213,37.65801],[127.23128,37.6591],[127.22789,37.66042],[127.22631,37.65965],[127.22451,37.65947],[127.22445,37.66213],[127.22543,37.66534],[127.2311,37.66979],[127.23502,37.67393],[127.23604,37.67376],[127.23976,37.6742],[127.24562,37.67565],[127.24815,37.67779],[127.25254,37.67792],[127.25426,37.6784],[127.25542,37.67975],[127.25658,37.68048],[127.25969,37.68042],[127.26723,37.68162],[127.27199,37.67957],[127.27197,37.67901]]]}},{"type":"Feature","properties":{"adm_cd2":"4136052000","adm_nm":"경기도 남양주시 평내동","sggnm":"남양주시"},"geometry":{"type":"Polygon","coordinates":[[[127.2582,37.63886],[127.25459,37.63867],[127.2529,37.63892],[127.25059,37.63742],[127.24901,37.63595],[127.23993,37.6333],[127.2368,37.63318],[127.23494,37.63343],[127.23456,37.63525],[127.23393,37.63618],[127.2296,37.63773],[127.22745,37.63948],[127.22275,37.64188],[127.22183,37.64343],[127.21914,37.64557],[127.21756,37.64613],[127.21413,37.6446],[127.21244,37.64411],[127.21166,37.6442],[127.21159,37.64519],[127.21297,37.64736],[127.21321,37.64961],[127.21137,37.6498],[127.21147,37.65135],[127.21231,37.65372],[127.21459,37.65499],[127.22276,37.65899],[127.22631,37.65965],[127.22704,37.66018],[127.22823,37.66037],[127.23148,37.65893],[127.23326,37.65543],[127.23575,37.65237],[127.23969,37.65292],[127.24092,37.65333],[127.24094,37.65376],[127.24543,37.65375],[127.2477,37.65337],[127.24891,37.65227],[127.25496,37.64851],[127.25647,37.64727],[127.26036,37.64241],[127.2582,37.63886]]]}},{"type":"Feature","properties":{"adm_cd2":"4136053000","adm_nm":"경기도 남양주시 금곡동","sggnm":"남양주시"},"geometry":{"type":"Polygon","coordinates":[[[127.23068,37.63141],[127.22953,37.63058],[127.22506,37.62713],[127.22215,37.62374],[127.21646,37.62107],[127.21513,37.6197],[127.21431,37.61823],[127.20868,37.61978],[127.20487,37.61951],[127.20327,37.61873],[127.20152,37.61932],[127.20076,37.62059],[127.19967,37.62128],[127.19748,37.6213],[127.19476,37.6238],[127.19531,37.62476],[127.19722,37.62479],[127.19941,37.63038],[127.1981,37.63152],[127.19377,37.63351],[127.19273,37.63498],[127.19221,37.63655],[127.19435,37.6408],[127.19888,37.63903],[127.20159,37.63859],[127.20337,37.6387],[127.2056,37.63991],[127.206,37.64048],[127.20626,37.64103],[127.20614,37.64231],[127.20678,37.64374],[127.21244,37.64411],[127.21769,37.64613],[127.21914,37.64557],[127.22183,37.64343],[127.22275,37.64188],[127.22745,37.63948],[127.2296,37.63773],[127.23393,37.63618],[127.23456,37.63525],[127.23494,37.63343],[127.23068,37.63141]]]}},{"type":"Feature","properties":{"adm_cd2":"4136054000","adm_nm":"경기도 남양주시 양정동","sggnm":"남양주시"},"geometry":{"type":"Polygon","coordinates":[[[127.21455,37.61771],[127.21382,37.61554],[127.20943,37.61113],[127.20792,37.60831],[127.20604,37.60752],[127.21096,37.5994],[127.2127,37.59716],[127.21029,37.59079],[127.20243,37.58818],[127.20195,37.58953],[127.19864,37.59134],[127.19464,37.59193],[127.18533,37.59172],[127.18312,37.59365],[127.18101,37.59371],[127.18056,37.59429],[127.1841,37.59747],[127.18625,37.5989],[127.18676,37.59981],[127.18601,37.60068],[127.18601,37.60151],[127.18654,37.60226],[127.18614,37.60242],[127.18615,37.60302],[127.18312,37.60242],[127.17961,37.6004],[127.17853,37.60011],[127.17857,37.60077],[127.17806,37.60165],[127.17853,37.60239],[127.17883,37.60433],[127.17687,37.60438],[127.17611,37.60511],[127.17458,37.60479],[127.17432,37.60616],[127.17264,37.60807],[127.17335,37.6086],[127.17341,37.60953],[127.17272,37.60957],[127.17285,37.61027],[127.17353,37.61069],[127.17272,37.6111],[127.17261,37.61185],[127.1732,37.61273],[127.17461,37.61245],[127.17365,37.61378],[127.17457,37.61407],[127.17359,37.61405],[127.17288,37.6152],[127.17078,37.61607],[127.17086,37.61687],[127.17239,37.61812],[127.17123,37.61862],[127.17005,37.61994],[127.16701,37.62774],[127.16764,37.62829],[127.17012,37.62921],[127.17177,37.62937],[127.17293,37.62841],[127.17504,37.62828],[127.17756,37.62872],[127.18157,37.63028],[127.1869,37.63037],[127.19289,37.63349],[127.19377,37.63351],[127.1981,37.63152],[127.19941,37.63038],[127.19722,37.62479],[127.19531,37.62476],[127.19473,37.62387],[127.19681,37.62174],[127.19748,37.6213],[127.19967,37.62128],[127.20076,37.62059],[127.20152,37.61932],[127.20316,37.61875],[127.20487,37.61951],[127.20868,37.61978],[127.21431,37.61823],[127.21455,37.61771]]]}},{"type":"Feature","properties":{"adm_cd2":"4136056500","adm_nm":"경기도 남양주시 다산2동","sggnm":"남양주시"},"geometry":{"type":"Polygon","coordinates":[[[127.1732,37.61273],[127.17261,37.61185],[127.17272,37.6111],[127.17353,37.61069],[127.17285,37.61027],[127.17272,37.60957],[127.17341,37.60953],[127.17335,37.6086],[127.17264,37.60807],[127.17432,37.60616],[127.17458,37.60479],[127.17611,37.60511],[127.17687,37.60438],[127.17883,37.60433],[127.17853,37.60239],[127.17806,37.60165],[127.17857,37.60077],[127.17853,37.60011],[127.17961,37.6004],[127.18312,37.60242],[127.18615,37.60302],[127.18614,37.60242],[127.18654,37.60226],[127.18601,37.60151],[127.18601,37.60068],[127.18676,37.59981],[127.18625,37.5989],[127.1841,37.59747],[127.18056,37.59429],[127.18101,37.59371],[127.18312,37.59365],[127.18533,37.59172],[127.18338,37.5917],[127.1816,37.58993],[127.18022,37.58789],[127.17747,37.58623],[127.17324,37.58259],[127.17178,37.58198],[127.17076,37.58092],[127.16555,37.58423],[127.16228,37.58453],[127.16082,37.58579],[127.16046,37.58665],[127.16092,37.58835],[127.16187,37.5893],[127.16373,37.59],[127.166,37.58988],[127.16852,37.59063],[127.1692,37.5921],[127.16861,37.59371],[127.16798,37.59419],[127.16445,37.59422],[127.16287,37.59454],[127.15658,37.59593],[127.15482,37.59667],[127.15338,37.59767],[127.15096,37.60013],[127.1492,37.60403],[127.15684,37.60557],[127.16399,37.60947],[127.1703,37.61204],[127.1732,37.61273]]]}},{"type":"Feature","properties":{"adm_cd2":"4136054500","adm_nm":"경기도 남양주시 다산1동","sggnm":"남양주시"},"geometry":{"type":"Polygon","coordinates":[[[127.15205,37.60478],[127.1492,37.60403],[127.1484,37.60615],[127.14773,37.60937],[127.14702,37.61513],[127.14325,37.62105],[127.14298,37.62394],[127.14336,37.62689],[127.14448,37.62911],[127.14845,37.63182],[127.15689,37.63145],[127.15702,37.63071],[127.15776,37.6305],[127.15991,37.6287],[127.16035,37.62876],[127.16114,37.62963],[127.16182,37.62945],[127.16155,37.62897],[127.16194,37.62885],[127.16149,37.62842],[127.16175,37.62826],[127.16336,37.62795],[127.16414,37.62834],[127.16578,37.62837],[127.16681,37.62654],[127.16723,37.62701],[127.17005,37.61994],[127.17123,37.61862],[127.17239,37.61812],[127.17086,37.61687],[127.17078,37.61607],[127.17288,37.6152],[127.17359,37.61405],[127.17457,37.61407],[127.17365,37.61378],[127.17461,37.61245],[127.1732,37.61273],[127.1703,37.61204],[127.16399,37.60947],[127.15684,37.60557],[127.15537,37.6051],[127.15205,37.60478]]]}},{"type":"Feature","properties":{"adm_cd2":"4136057000","adm_nm":"경기도 남양주시 별내동","sggnm":"남양주시"},"geometry":{"type":"Polygon","coordinates":[[[127.14378,37.67072],[127.14148,37.66808],[127.14066,37.66115],[127.14028,37.65995],[127.13641,37.65493],[127.13706,37.65387],[127.1359,37.65127],[127.13468,37.65021],[127.13345,37.64963],[127.13112,37.64694],[127.12874,37.6425],[127.12903,37.64169],[127.12702,37.64132],[127.11651,37.6434],[127.1154,37.64402],[127.11199,37.64345],[127.11115,37.64241],[127.10975,37.64249],[127.10803,37.64464],[127.10657,37.64549],[127.10396,37.64563],[127.09781,37.64528],[127.09493,37.64551],[127.09348,37.64699],[127.09237,37.6496],[127.0936,37.65332],[127.09282,37.6549],[127.08921,37.65495],[127.08658,37.65541],[127.08603,37.65591],[127.09244,37.65809],[127.09441,37.66436],[127.09573,37.67042],[127.09575,37.672],[127.09361,37.67662],[127.09298,37.67728],[127.09227,37.67748],[127.09183,37.67919],[127.09281,37.6818],[127.09467,37.684],[127.09563,37.68432],[127.09586,37.68475],[127.09632,37.68595],[127.09592,37.68772],[127.1,37.68896],[127.10143,37.68999],[127.1033,37.69492],[127.10419,37.696],[127.10636,37.69667],[127.1128,37.69656],[127.11565,37.69178],[127.11801,37.6886],[127.11963,37.68775],[127.12458,37.68692],[127.12553,37.68623],[127.12543,37.68361],[127.1246,37.68132],[127.12493,37.67823],[127.1256,37.67589],[127.12686,37.67483],[127.13334,37.67498],[127.14216,37.67469],[127.14378,37.67072]]]}},{"type":"Feature","properties":{"adm_cd2":"4137051000","adm_nm":"경기도 오산시 중앙동","sggnm":"오산시"},"geometry":{"type":"Polygon","coordinates":[[[127.09963,37.14528],[127.09917,37.14537],[127.09895,37.14641],[127.09779,37.14736],[127.09595,37.14785],[127.08974,37.14822],[127.08817,37.14866],[127.08648,37.14817],[127.08504,37.14871],[127.08416,37.14833],[127.06717,37.14906],[127.0674,37.15188],[127.06672,37.1546],[127.07784,37.16232],[127.0789,37.16252],[127.07988,37.16135],[127.08324,37.1617],[127.08382,37.16085],[127.084,37.16108],[127.08895,37.16052],[127.09162,37.15947],[127.09386,37.15945],[127.09518,37.15851],[127.09571,37.15741],[127.09799,37.15585],[127.09823,37.1544],[127.09872,37.15403],[127.09873,37.15308],[127.0982,37.15288],[127.09763,37.15204],[127.09776,37.1517],[127.09921,37.15116],[127.09931,37.15021],[127.10095,37.14609],[127.09963,37.14528]]]}},{"type":"Feature","properties":{"adm_cd2":"4137052300","adm_nm":"경기도 오산시 대원1동","sggnm":"오산시"},"geometry":{"type":"Polygon","coordinates":[[[127.07837,37.13085],[127.07911,37.12975],[127.07928,37.12816],[127.07821,37.12745],[127.07488,37.12639],[127.0741,37.12554],[127.07304,37.12537],[127.07271,37.12591],[127.07114,37.12561],[127.06896,37.12816],[127.06679,37.12673],[127.06614,37.12769],[127.06631,37.12865],[127.06592,37.12983],[127.06637,37.13122],[127.06498,37.13117],[127.06717,37.14906],[127.07814,37.14876],[127.07837,37.13085]]]}},{"type":"Feature","properties":{"adm_cd2":"4137053000","adm_nm":"경기도 오산시 남촌동","sggnm":"오산시"},"geometry":{"type":"Polygon","coordinates":[[[127.0674,37.15188],[127.06509,37.13194],[127.06082,37.1323],[127.05807,37.13196],[127.05669,37.13242],[127.0557,37.13352],[127.05913,37.13526],[127.06118,37.13699],[127.06198,37.13826],[127.06232,37.13989],[127.06281,37.1495],[127.05975,37.15062],[127.05675,37.14872],[127.05619,37.14776],[127.05357,37.14725],[127.05283,37.14738],[127.05117,37.14827],[127.04919,37.15032],[127.04819,37.15376],[127.04835,37.15435],[127.0492,37.15524],[127.04934,37.15629],[127.04479,37.15638],[127.03001,37.15476],[127.02879,37.15498],[127.0301,37.1554],[127.03049,37.15601],[127.02976,37.15876],[127.02697,37.16066],[127.0281,37.16312],[127.02402,37.16526],[127.02604,37.16579],[127.03161,37.16823],[127.03709,37.16998],[127.03956,37.1685],[127.04124,37.16862],[127.04186,37.16835],[127.04208,37.16726],[127.04375,37.16695],[127.04428,37.16767],[127.04683,37.16835],[127.04854,37.16816],[127.04982,37.16734],[127.05315,37.16663],[127.05347,37.16583],[127.05558,37.16552],[127.05612,37.16423],[127.05716,37.16336],[127.05955,37.16234],[127.06372,37.15897],[127.0658,37.1584],[127.0674,37.15188]]]}},{"type":"Feature","properties":{"adm_cd2":"4137054300","adm_nm":"경기도 오산시 신장1동","sggnm":"오산시"},"geometry":{"type":"Polygon","coordinates":[[[127.05795,37.17664],[127.06164,37.17317],[127.06293,37.17055],[127.0658,37.1584],[127.06372,37.15897],[127.05955,37.16234],[127.05716,37.16336],[127.05612,37.16423],[127.05558,37.16552],[127.05347,37.16583],[127.05315,37.16663],[127.05244,37.16696],[127.05117,37.16694],[127.04982,37.16734],[127.04854,37.16816],[127.04683,37.16835],[127.04428,37.16767],[127.04375,37.16695],[127.04208,37.16726],[127.04186,37.16835],[127.04124,37.16862],[127.03956,37.1685],[127.03709,37.16998],[127.03727,37.17109],[127.03833,37.17337],[127.03746,37.17657],[127.0361,37.17786],[127.03672,37.17922],[127.03953,37.18071],[127.04173,37.18096],[127.04202,37.18247],[127.04393,37.18214],[127.04493,37.18252],[127.04669,37.18207],[127.04776,37.1831],[127.05795,37.17664]]]}},{"type":"Feature","properties":{"adm_cd2":"4137055000","adm_nm":"경기도 오산시 세마동","sggnm":"오산시"},"geometry":{"type":"Polygon","coordinates":[[[127.0461,37.19626],[127.04962,37.1959],[127.05196,37.19708],[127.05441,37.19746],[127.05673,37.19724],[127.06147,37.1994],[127.06497,37.19775],[127.06602,37.19572],[127.06603,37.19467],[127.06568,37.19433],[127.06554,37.19317],[127.06565,37.19216],[127.06724,37.19102],[127.06864,37.19062],[127.06814,37.18915],[127.06532,37.18645],[127.0619,37.18669],[127.06061,37.1874],[127.05993,37.18687],[127.05265,37.18391],[127.05047,37.18399],[127.04776,37.1831],[127.04669,37.18207],[127.04493,37.18252],[127.04393,37.18214],[127.04202,37.18247],[127.04173,37.18096],[127.03953,37.18071],[127.03672,37.17922],[127.0361,37.17786],[127.03746,37.17657],[127.03833,37.17337],[127.03727,37.17109],[127.03709,37.16998],[127.03161,37.16823],[127.02604,37.16579],[127.02402,37.16526],[127.02272,37.16547],[127.01988,37.16709],[127.01663,37.16785],[127.01239,37.16757],[127.00653,37.16806],[127.00416,37.16977],[127.00167,37.17247],[127.00007,37.17355],[126.99525,37.17501],[126.99515,37.17727],[126.9965,37.17846],[126.99977,37.17758],[127.00301,37.17914],[127.00456,37.18041],[127.00482,37.1808],[127.00461,37.18148],[127.00243,37.18205],[127.00785,37.187],[127.00982,37.1924],[127.01104,37.19375],[127.01188,37.19421],[127.0136,37.19481],[127.01753,37.19546],[127.02413,37.19784],[127.02468,37.19809],[127.02665,37.20042],[127.03124,37.19991],[127.03689,37.19994],[127.03728,37.19971],[127.03739,37.19914],[127.03872,37.19833],[127.04154,37.19749],[127.04251,37.19764],[127.0461,37.19626]]]}},{"type":"Feature","properties":{"adm_cd2":"4137056000","adm_nm":"경기도 오산시 초평동","sggnm":"오산시"},"geometry":{"type":"Polygon","coordinates":[[[127.0533,37.13195],[127.05237,37.13072],[127.05233,37.12962],[127.0487,37.12994],[127.04525,37.12926],[127.04557,37.12635],[127.04117,37.12888],[127.03799,37.1322],[127.03776,37.13458],[127.03852,37.13576],[127.03563,37.13602],[127.03446,37.13723],[127.03257,37.1402],[127.03092,37.14442],[127.02982,37.14532],[127.03034,37.14637],[127.03013,37.14952],[127.02807,37.15217],[127.02783,37.15379],[127.02805,37.15426],[127.02879,37.15498],[127.03001,37.15476],[127.04479,37.15638],[127.04934,37.15629],[127.0492,37.15524],[127.04835,37.15435],[127.04819,37.15376],[127.04919,37.15032],[127.05117,37.14827],[127.05283,37.14738],[127.05357,37.14725],[127.05619,37.14776],[127.05675,37.14872],[127.05975,37.15062],[127.06281,37.1495],[127.06232,37.13989],[127.06198,37.13826],[127.06118,37.13699],[127.05913,37.13526],[127.0533,37.13195]]]}},{"type":"Feature","properties":{"adm_cd2":"4139051000","adm_nm":"경기도 시흥시 대야동","sggnm":"시흥시"},"geometry":{"type":"Polygon","coordinates":[[[126.80094,37.46289],[126.8024,37.46265],[126.80308,37.46174],[126.8041,37.4615],[126.80575,37.46201],[126.80889,37.46209],[126.80936,37.46132],[126.81151,37.45988],[126.81184,37.45886],[126.81268,37.45918],[126.81335,37.45872],[126.81323,37.45993],[126.81548,37.46098],[126.81774,37.45919],[126.81973,37.45945],[126.8209,37.45862],[126.82319,37.45835],[126.82378,37.45649],[126.82329,37.4559],[126.82352,37.4544],[126.82419,37.45386],[126.82364,37.45198],[126.82505,37.45108],[126.82423,37.44957],[126.82572,37.44707],[126.82475,37.44578],[126.82314,37.44444],[126.82305,37.44338],[126.824,37.44234],[126.82124,37.44161],[126.81987,37.43979],[126.8179,37.4391],[126.80871,37.43811],[126.8106,37.44365],[126.80665,37.44824],[126.80151,37.4469],[126.79413,37.4429],[126.79286,37.44072],[126.79307,37.43897],[126.79345,37.43875],[126.78953,37.43886],[126.78686,37.43967],[126.78765,37.44096],[126.78235,37.44511],[126.77881,37.44892],[126.77832,37.45079],[126.77976,37.4544],[126.77829,37.45508],[126.77745,37.45752],[126.77851,37.46197],[126.77984,37.46579],[126.77942,37.46838],[126.77796,37.47],[126.77823,37.47179],[126.78047,37.4715],[126.78432,37.47241],[126.78436,37.47127],[126.78519,37.47006],[126.78791,37.46926],[126.78778,37.46684],[126.78927,37.46566],[126.79253,37.46526],[126.79477,37.46572],[126.79652,37.46402],[126.79881,37.46454],[126.80106,37.46375],[126.80094,37.46289]]]}},{"type":"Feature","properties":{"adm_cd2":"4139052000","adm_nm":"경기도 시흥시 신천동","sggnm":"시흥시"},"geometry":{"type":"Polygon","coordinates":[[[126.77888,37.44868],[126.78235,37.44511],[126.78765,37.44096],[126.78686,37.43967],[126.78953,37.43886],[126.79345,37.43875],[126.79309,37.43812],[126.7931,37.43543],[126.79377,37.43484],[126.79162,37.42823],[126.78962,37.42816],[126.78783,37.42894],[126.7874,37.42962],[126.77682,37.43128],[126.77035,37.42905],[126.77127,37.43138],[126.77131,37.43523],[126.77105,37.43682],[126.76884,37.44293],[126.77071,37.44851],[126.77174,37.45027],[126.77832,37.45079],[126.77888,37.44868]]]}},{"type":"Feature","properties":{"adm_cd2":"4139053100","adm_nm":"경기도 시흥시 신현동","sggnm":"시흥시"},"geometry":{"type":"Polygon","coordinates":[[[126.79119,37.42635],[126.79315,37.4239],[126.79471,37.42345],[126.79705,37.42388],[126.80198,37.42359],[126.80304,37.42326],[126.80324,37.42318],[126.80305,37.42053],[126.79506,37.41289],[126.78926,37.40829],[126.78931,37.40676],[126.78731,37.40705],[126.78619,37.40274],[126.78889,37.40105],[126.7897,37.39886],[126.78992,37.39621],[126.78646,37.39362],[126.78465,37.39169],[126.7828,37.39245],[126.78134,37.39361],[126.77933,37.39308],[126.77753,37.3919],[126.77697,37.39183],[126.77339,37.3938],[126.77339,37.39497],[126.77313,37.39517],[126.7658,37.39469],[126.76522,37.39504],[126.7651,37.39556],[126.76531,37.39723],[126.76173,37.39892],[126.75446,37.39971],[126.75306,37.39955],[126.7508,37.39843],[126.74908,37.39848],[126.74384,37.40037],[126.74582,37.40117],[126.74704,37.40338],[126.75058,37.40761],[126.75059,37.40981],[126.75224,37.41448],[126.75329,37.41692],[126.75505,37.41805],[126.75379,37.42133],[126.75369,37.42254],[126.75868,37.42596],[126.75968,37.42653],[126.76381,37.42576],[126.76737,37.42659],[126.76903,37.42734],[126.77035,37.42905],[126.77682,37.43128],[126.7874,37.42962],[126.78783,37.42894],[126.78962,37.42816],[126.79162,37.42823],[126.79119,37.42635]]]}},{"type":"Feature","properties":{"adm_cd2":"4139054000","adm_nm":"경기도 시흥시 은행동","sggnm":"시흥시"},"geometry":{"type":"Polygon","coordinates":[[[126.82604,37.43566],[126.82623,37.4344],[126.8254,37.42868],[126.82339,37.42647],[126.82175,37.42564],[126.81748,37.42471],[126.8151,37.42348],[126.81647,37.42032],[126.8132,37.41925],[126.81072,37.41899],[126.80888,37.41989],[126.80741,37.42135],[126.80359,37.42126],[126.80305,37.42053],[126.80324,37.42318],[126.80207,37.42358],[126.79705,37.42388],[126.79434,37.42354],[126.79308,37.42395],[126.79119,37.42635],[126.79377,37.43484],[126.7931,37.43543],[126.79309,37.43812],[126.79345,37.43875],[126.79307,37.43897],[126.79294,37.44092],[126.79413,37.4429],[126.80151,37.4469],[126.80665,37.44824],[126.8106,37.44365],[126.80871,37.43811],[126.8179,37.4391],[126.81987,37.43979],[126.82093,37.44139],[126.82205,37.44184],[126.82604,37.43566]]]}},{"type":"Feature","properties":{"adm_cd2":"4139055000","adm_nm":"경기도 시흥시 매화동","sggnm":"시흥시"},"geometry":{"type":"Polygon","coordinates":[[[126.84859,37.40162],[126.85019,37.39998],[126.84983,37.39804],[126.84858,37.39759],[126.84844,37.3943],[126.84889,37.39028],[126.84834,37.38945],[126.84346,37.38861],[126.835,37.39091],[126.83396,37.3907],[126.83217,37.38936],[126.82826,37.38867],[126.8253,37.38993],[126.82226,37.38897],[126.82002,37.39172],[126.81791,37.39601],[126.81843,37.39852],[126.81583,37.40255],[126.81222,37.40336],[126.80948,37.40358],[126.80987,37.40506],[126.8024,37.41071],[126.79537,37.40479],[126.79388,37.40406],[126.78931,37.40676],[126.78926,37.40829],[126.79058,37.40911],[126.79767,37.41522],[126.79854,37.41642],[126.80359,37.42126],[126.80741,37.42135],[126.80888,37.41989],[126.81072,37.41899],[126.8132,37.41925],[126.81647,37.42032],[126.8151,37.42348],[126.81715,37.4244],[126.82102,37.42461],[126.82654,37.4223],[126.82731,37.42155],[126.82941,37.41703],[126.83307,37.41233],[126.8399,37.4083],[126.83992,37.40746],[126.84159,37.40621],[126.84403,37.40696],[126.84586,37.40705],[126.85024,37.40363],[126.84859,37.40162]]]}},{"type":"Feature","properties":{"adm_cd2":"4139057000","adm_nm":"경기도 시흥시 목감동","sggnm":"시흥시"},"geometry":{"type":"Polygon","coordinates":[[[126.87727,37.40014],[126.87771,37.39978],[126.87758,37.39713],[126.87609,37.39466],[126.87793,37.38729],[126.88014,37.38219],[126.88191,37.37622],[126.87933,37.37352],[126.87315,37.36851],[126.87155,37.36591],[126.86483,37.36152],[126.85996,37.36148],[126.85662,37.3611],[126.85449,37.36029],[126.85343,37.36044],[126.85028,37.36203],[126.84977,37.36359],[126.84825,37.36505],[126.84622,37.36402],[126.84335,37.36329],[126.84166,37.36321],[126.84075,37.36369],[126.83959,37.36289],[126.83163,37.36165],[126.82763,37.3642],[126.82644,37.36413],[126.82562,37.36323],[126.82372,37.36314],[126.82274,37.36486],[126.82001,37.36741],[126.81997,37.36855],[126.82067,37.37074],[126.82517,37.37253],[126.82578,37.37472],[126.82534,37.37691],[126.82206,37.37898],[126.82257,37.38241],[126.82377,37.38465],[126.8252,37.38475],[126.82666,37.38629],[126.82226,37.38897],[126.8253,37.38993],[126.82826,37.38867],[126.83217,37.38936],[126.83396,37.3907],[126.835,37.39091],[126.84346,37.38861],[126.84834,37.38945],[126.84889,37.39028],[126.84844,37.3943],[126.84858,37.39759],[126.84983,37.39804],[126.85019,37.39998],[126.84874,37.40137],[126.84865,37.4018],[126.85024,37.40363],[126.85374,37.40547],[126.85769,37.40224],[126.85932,37.40179],[126.86197,37.40151],[126.86574,37.40162],[126.87061,37.40216],[126.87499,37.40157],[126.877,37.40205],[126.87727,37.40014]]]}},{"type":"Feature","properties":{"adm_cd2":"4139062100","adm_nm":"경기도 시흥시 과림동","sggnm":"시흥시"},"geometry":{"type":"Polygon","coordinates":[[[126.83811,37.45294],[126.83847,37.45073],[126.83836,37.44622],[126.83771,37.44243],[126.83781,37.43693],[126.83975,37.4366],[126.84174,37.43443],[126.84186,37.4338],[126.84062,37.4331],[126.84004,37.43171],[126.84191,37.42785],[126.84193,37.42638],[126.84489,37.42383],[126.84551,37.42291],[126.8446,37.42097],[126.84632,37.41247],[126.84715,37.41145],[126.85284,37.40829],[126.8538,37.40574],[126.85374,37.40547],[126.85024,37.40363],[126.84586,37.40705],[126.84403,37.40696],[126.84159,37.40621],[126.83992,37.40746],[126.8399,37.4083],[126.83307,37.41233],[126.82941,37.41703],[126.82731,37.42155],[126.82654,37.4223],[126.82102,37.42461],[126.81715,37.4244],[126.81844,37.425],[126.82175,37.42564],[126.82339,37.42647],[126.8254,37.42868],[126.82623,37.4344],[126.82604,37.43566],[126.82205,37.44184],[126.824,37.44234],[126.82305,37.44338],[126.82314,37.44444],[126.82475,37.44578],[126.82572,37.44707],[126.82423,37.44957],[126.82505,37.45108],[126.82364,37.45198],[126.82419,37.45386],[126.82352,37.4544],[126.82329,37.4559],[126.82378,37.45649],[126.82319,37.45835],[126.82379,37.45924],[126.82542,37.45898],[126.82597,37.4594],[126.82854,37.45956],[126.82923,37.4587],[126.82928,37.45778],[126.83225,37.45903],[126.83314,37.46035],[126.83628,37.45812],[126.83761,37.4584],[126.83835,37.45733],[126.83701,37.45601],[126.83883,37.4557],[126.83811,37.45294]]]}},{"type":"Feature","properties":{"adm_cd2":"4139065000","adm_nm":"경기도 시흥시 거북섬동","sggnm":"시흥시"},"geometry":{"type":"Polygon","coordinates":[[[126.72403,37.31469],[126.71716,37.30752],[126.70611,37.31044],[126.70267,37.31234],[126.6924,37.319],[126.68136,37.32008],[126.68047,37.31948],[126.67716,37.32009],[126.67732,37.32152],[126.67604,37.3218],[126.67531,37.32379],[126.67106,37.32989],[126.69149,37.33593],[126.69185,37.3347],[126.72403,37.31469]]]}},{"type":"Feature","properties":{"adm_cd2":"4139059300","adm_nm":"경기도 시흥시 정왕3동","sggnm":"시흥시"},"geometry":{"type":"Polygon","coordinates":[[[126.70178,37.32851],[126.69185,37.3347],[126.69149,37.33593],[126.69181,37.33742],[126.69115,37.33921],[126.68986,37.3399],[126.68559,37.34088],[126.68845,37.34886],[126.69291,37.34829],[126.70148,37.35069],[126.70074,37.35161],[126.70114,37.35187],[126.70247,37.35093],[126.70637,37.35299],[126.70825,37.35627],[126.71178,37.35884],[126.71426,37.35714],[126.7214,37.3612],[126.72903,37.35645],[126.70178,37.32851]]]}},{"type":"Feature","properties":{"adm_cd2":"4139059400","adm_nm":"경기도 시흥시 정왕4동","sggnm":"시흥시"},"geometry":{"type":"Polygon","coordinates":[[[126.7342,37.36807],[126.74035,37.36606],[126.73737,37.3622],[126.73616,37.36008],[126.73414,37.36121],[126.73118,37.35814],[126.72903,37.35645],[126.72177,37.36097],[126.7342,37.36807]]]}},{"type":"Feature","properties":{"adm_cd2":"4139058900","adm_nm":"경기도 시흥시 정왕본동","sggnm":"시흥시"},"geometry":{"type":"Polygon","coordinates":[[[126.76542,37.35935],[126.76526,37.35615],[126.76564,37.35299],[126.76592,37.35237],[126.76803,37.35101],[126.76798,37.34989],[126.76682,37.34843],[126.76802,37.34271],[126.76917,37.3414],[126.77059,37.34042],[126.76822,37.33942],[126.76394,37.34162],[126.7615,37.34147],[126.75983,37.34085],[126.75954,37.33995],[126.75812,37.33849],[126.73936,37.3501],[126.74074,37.35153],[126.7389,37.3523],[126.73701,37.35397],[126.73645,37.35555],[126.73611,37.35965],[126.73737,37.3622],[126.74035,37.36606],[126.7342,37.36807],[126.73415,37.36832],[126.7366,37.36988],[126.73927,37.37379],[126.73958,37.37626],[126.75657,37.37489],[126.76005,37.37394],[126.76157,37.37303],[126.76353,37.37036],[126.76497,37.36632],[126.76268,37.36583],[126.76283,37.3637],[126.76504,37.36101],[126.76611,37.36103],[126.76542,37.35935]]]}},{"type":"Feature","properties":{"adm_cd2":"4139059100","adm_nm":"경기도 시흥시 정왕1동","sggnm":"시흥시"},"geometry":{"type":"Polygon","coordinates":[[[126.75812,37.33849],[126.74962,37.33345],[126.74809,37.32785],[126.74765,37.32478],[126.74656,37.32473],[126.73852,37.32968],[126.72403,37.31469],[126.71202,37.3223],[126.73896,37.35033],[126.75812,37.33849]]]}},{"type":"Feature","properties":{"adm_cd2":"4139064000","adm_nm":"경기도 시흥시 능곡동","sggnm":"시흥시"},"geometry":{"type":"Polygon","coordinates":[[[126.82067,37.37074],[126.81997,37.36855],[126.82001,37.36741],[126.82274,37.36486],[126.82372,37.36314],[126.81856,37.35971],[126.81665,37.35765],[126.80894,37.35514],[126.80578,37.35349],[126.80312,37.35311],[126.80216,37.3531],[126.79528,37.35514],[126.79512,37.35683],[126.79613,37.35747],[126.79689,37.35863],[126.79735,37.36715],[126.79842,37.36816],[126.80385,37.369],[126.80831,37.36839],[126.80889,37.37052],[126.80874,37.37571],[126.80958,37.37725],[126.81437,37.37896],[126.81438,37.3777],[126.81654,37.37739],[126.82219,37.37139],[126.82067,37.37074]]]}},{"type":"Feature","properties":{"adm_cd2":"4139058100","adm_nm":"경기도 시흥시 군자동","sggnm":"시흥시"},"geometry":{"type":"Polygon","coordinates":[[[126.79162,37.36722],[126.79717,37.36572],[126.79719,37.36068],[126.79689,37.35863],[126.79613,37.35747],[126.79512,37.35683],[126.79528,37.35514],[126.79341,37.35346],[126.79158,37.35248],[126.7908,37.35037],[126.79051,37.34798],[126.79209,37.34314],[126.79079,37.34219],[126.78892,37.33975],[126.78739,37.33857],[126.78405,37.33747],[126.78405,37.33855],[126.7828,37.34006],[126.7792,37.34066],[126.77638,37.34201],[126.77391,37.34075],[126.77059,37.34042],[126.76917,37.3414],[126.76802,37.34271],[126.76682,37.34843],[126.76798,37.34989],[126.76803,37.35101],[126.76592,37.35237],[126.76527,37.35603],[126.76563,37.36003],[126.76611,37.36103],[126.76744,37.36139],[126.76691,37.36321],[126.76711,37.36413],[126.77089,37.36631],[126.77588,37.36856],[126.77792,37.36844],[126.78121,37.36937],[126.78248,37.37038],[126.78244,37.37163],[126.78381,37.37216],[126.78605,37.36944],[126.78675,37.36903],[126.79062,37.36909],[126.79104,37.36879],[126.79162,37.36722]]]}},{"type":"Feature","properties":{"adm_cd2":"4139058200","adm_nm":"경기도 시흥시 월곶동","sggnm":"시흥시"},"geometry":{"type":"Polygon","coordinates":[[[126.77342,37.38892],[126.77246,37.38052],[126.77252,37.3782],[126.77525,37.37764],[126.78381,37.37216],[126.78244,37.37163],[126.78248,37.37038],[126.78121,37.36937],[126.77792,37.36844],[126.77588,37.36856],[126.77089,37.36631],[126.76711,37.36413],[126.76691,37.36321],[126.76744,37.36139],[126.76651,37.36101],[126.76504,37.36101],[126.76283,37.3637],[126.76268,37.36583],[126.76497,37.36632],[126.76353,37.37036],[126.76157,37.37303],[126.76005,37.37394],[126.75657,37.37489],[126.73958,37.37626],[126.73989,37.37877],[126.74059,37.38028],[126.74259,37.38264],[126.74309,37.38391],[126.7457,37.38752],[126.74498,37.38854],[126.74205,37.38455],[126.73983,37.38547],[126.74055,37.3869],[126.73745,37.38822],[126.73549,37.38702],[126.73502,37.3871],[126.73419,37.38755],[126.73351,37.38903],[126.73454,37.39204],[126.7367,37.39436],[126.73654,37.39543],[126.73902,37.39692],[126.74179,37.39943],[126.74384,37.40037],[126.74908,37.39848],[126.7508,37.39843],[126.75306,37.39955],[126.75446,37.39971],[126.76173,37.39892],[126.76531,37.39723],[126.7651,37.39556],[126.76522,37.39504],[126.7658,37.39469],[126.76984,37.39478],[126.77284,37.39521],[126.77339,37.39497],[126.77342,37.38892]]]}},{"type":"Feature","properties":{"adm_cd2":"4139063000","adm_nm":"경기도 시흥시 연성동","sggnm":"시흥시"},"geometry":{"type":"Polygon","coordinates":[[[126.82666,37.38629],[126.8252,37.38475],[126.82377,37.38465],[126.82257,37.38241],[126.82223,37.38107],[126.82214,37.37879],[126.82534,37.37691],[126.82578,37.37472],[126.82517,37.37253],[126.82219,37.37139],[126.81654,37.37739],[126.81438,37.3777],[126.81437,37.37896],[126.80958,37.37725],[126.80874,37.37571],[126.80889,37.37052],[126.80831,37.36839],[126.80385,37.369],[126.79842,37.36816],[126.79735,37.36715],[126.79717,37.36572],[126.79162,37.36722],[126.79133,37.36779],[126.79349,37.37256],[126.79332,37.37654],[126.79221,37.3819],[126.78912,37.3883],[126.79051,37.39207],[126.79159,37.39288],[126.79034,37.39469],[126.78931,37.39555],[126.78992,37.39621],[126.7897,37.39886],[126.78889,37.40105],[126.78619,37.40274],[126.78731,37.40705],[126.78931,37.40676],[126.79388,37.40406],[126.79537,37.40479],[126.8024,37.41071],[126.80987,37.40506],[126.80948,37.40358],[126.81222,37.40336],[126.81583,37.40255],[126.81843,37.39852],[126.81791,37.39601],[126.82002,37.39172],[126.82226,37.38897],[126.82666,37.38629]]]}},{"type":"Feature","properties":{"adm_cd2":"4139063100","adm_nm":"경기도 시흥시 장곡동","sggnm":"시흥시"},"geometry":{"type":"Polygon","coordinates":[[[126.79104,37.36879],[126.79062,37.36909],[126.78675,37.36903],[126.78605,37.36944],[126.78381,37.37216],[126.77525,37.37764],[126.77252,37.3782],[126.77246,37.38052],[126.77342,37.38892],[126.77339,37.3938],[126.77697,37.39183],[126.77753,37.3919],[126.77933,37.39308],[126.78134,37.39361],[126.7828,37.39245],[126.78465,37.39169],[126.78646,37.39362],[126.78931,37.39555],[126.79062,37.39435],[126.79159,37.39288],[126.79051,37.39207],[126.78914,37.38797],[126.79221,37.3819],[126.79353,37.37458],[126.79326,37.37157],[126.79133,37.36779],[126.79104,37.36879]]]}},{"type":"Feature","properties":{"adm_cd2":"4141051000","adm_nm":"경기도 군포시 군포1동","sggnm":"군포시"},"geometry":{"type":"Polygon","coordinates":[[[126.96052,37.35639],[126.96237,37.35534],[126.95943,37.35062],[126.95955,37.34822],[126.95824,37.34723],[126.95758,37.34434],[126.95444,37.3411],[126.95365,37.34102],[126.95134,37.34175],[126.94856,37.33975],[126.9479,37.33119],[126.94759,37.33201],[126.9475,37.33474],[126.94789,37.34159],[126.94844,37.34533],[126.94957,37.34696],[126.9502,37.35021],[126.94957,37.3507],[126.94163,37.35068],[126.93989,37.3511],[126.93695,37.35117],[126.94014,37.35655],[126.94265,37.3587],[126.9439,37.35841],[126.94552,37.3587],[126.94622,37.35987],[126.94855,37.36021],[126.95211,37.36364],[126.9539,37.36628],[126.95702,37.36603],[126.96214,37.36156],[126.96052,37.35639]]]}},{"type":"Feature","properties":{"adm_cd2":"4141054000","adm_nm":"경기도 군포시 산본1동","sggnm":"군포시"},"geometry":{"type":"Polygon","coordinates":[[[126.94469,37.37632],[126.94575,37.37401],[126.94271,37.37279],[126.94348,37.37102],[126.94279,37.36911],[126.94209,37.36818],[126.93923,37.36668],[126.93591,37.37193],[126.9348,37.37315],[126.93489,37.377],[126.94008,37.37585],[126.94119,37.37676],[126.94082,37.37913],[126.9438,37.37799],[126.94528,37.37701],[126.94469,37.37632]]]}},{"type":"Feature","properties":{"adm_cd2":"4141055000","adm_nm":"경기도 군포시 산본2동","sggnm":"군포시"},"geometry":{"type":"Polygon","coordinates":[[[126.9348,37.37315],[126.93591,37.37193],[126.93923,37.36668],[126.93717,37.36427],[126.93361,37.364],[126.93281,37.36261],[126.93196,37.36195],[126.92996,37.36439],[126.93296,37.3668],[126.93255,37.36764],[126.92701,37.3721],[126.92598,37.37236],[126.92298,37.37457],[126.92142,37.37652],[126.92414,37.37731],[126.92695,37.37764],[126.93277,37.37747],[126.93489,37.377],[126.9348,37.37315]]]}},{"type":"Feature","properties":{"adm_cd2":"4141056000","adm_nm":"경기도 군포시 금정동","sggnm":"군포시"},"geometry":{"type":"MultiPolygon","coordinates":[[[[126.94419,37.35987],[126.94145,37.36253],[126.93832,37.36282],[126.93717,37.36427],[126.93923,37.36668],[126.94209,37.36818],[126.94279,37.36911],[126.94348,37.37102],[126.94271,37.37279],[126.94559,37.37378],[126.94555,37.37303],[126.94707,37.36998],[126.95034,37.36737],[126.95313,37.36629],[126.9539,37.36628],[126.95211,37.36364],[126.94855,37.36021],[126.94622,37.35987],[126.94562,37.35914],[126.94419,37.35987]]],[[[126.94575,37.37401],[126.94469,37.37632],[126.94528,37.37701],[126.94669,37.37566],[126.94575,37.37401]]]]}},{"type":"Feature","properties":{"adm_cd2":"4141057000","adm_nm":"경기도 군포시 재궁동","sggnm":"군포시"},"geometry":{"type":"Polygon","coordinates":[[[126.94552,37.3587],[126.9439,37.35841],[126.94265,37.3587],[126.94014,37.35655],[126.93686,37.35105],[126.93183,37.35704],[126.93481,37.35858],[126.93196,37.36195],[126.93281,37.36261],[126.93361,37.364],[126.93717,37.36427],[126.93832,37.36282],[126.94145,37.36253],[126.94419,37.35987],[126.94562,37.35914],[126.94552,37.3587]]]}},{"type":"Feature","properties":{"adm_cd2":"4141058000","adm_nm":"경기도 군포시 오금동","sggnm":"군포시"},"geometry":{"type":"Polygon","coordinates":[[[126.9341,37.34976],[126.93344,37.349],[126.92904,37.34353],[126.92856,37.3414],[126.92707,37.34041],[126.92438,37.34115],[126.9247,37.34565],[126.92619,37.35151],[126.92689,37.35356],[126.9288,37.3554],[126.93183,37.35704],[126.93686,37.35105],[126.9341,37.34976]]]}},{"type":"Feature","properties":{"adm_cd2":"4141059000","adm_nm":"경기도 군포시 수리동","sggnm":"군포시"},"geometry":{"type":"Polygon","coordinates":[[[126.92689,37.35356],[126.9247,37.34565],[126.92438,37.34115],[126.92288,37.34059],[126.91613,37.3412],[126.90933,37.34541],[126.90917,37.34589],[126.91006,37.3522],[126.90554,37.35875],[126.90697,37.3597],[126.91424,37.3594],[126.91839,37.35962],[126.92439,37.3579],[126.92689,37.35356]]]}},{"type":"Feature","properties":{"adm_cd2":"4141060000","adm_nm":"경기도 군포시 궁내동","sggnm":"군포시"},"geometry":{"type":"Polygon","coordinates":[[[126.91839,37.35962],[126.91424,37.3594],[126.90697,37.3597],[126.90759,37.36033],[126.90831,37.36339],[126.91164,37.36784],[126.91171,37.36909],[126.91377,37.37285],[126.91894,37.36867],[126.92165,37.36595],[126.92305,37.3661],[126.92547,37.36457],[126.92896,37.36041],[126.92439,37.3579],[126.91839,37.35962]]]}},{"type":"Feature","properties":{"adm_cd2":"4141062000","adm_nm":"경기도 군포시 광정동","sggnm":"군포시"},"geometry":{"type":"Polygon","coordinates":[[[126.92298,37.37457],[126.92598,37.37236],[126.92701,37.3721],[126.93233,37.36789],[126.93301,37.3669],[126.92996,37.36439],[126.93481,37.35858],[126.9288,37.3554],[126.92689,37.35356],[126.92439,37.3579],[126.92896,37.36041],[126.92547,37.36457],[126.92305,37.3661],[126.92165,37.36595],[126.91894,37.36867],[126.91377,37.37285],[126.91483,37.37541],[126.91668,37.37588],[126.91753,37.37678],[126.91918,37.37693],[126.9199,37.37656],[126.92142,37.37652],[126.92298,37.37457]]]}},{"type":"Feature","properties":{"adm_cd2":"4143051000","adm_nm":"경기도 의왕시 고천동","sggnm":"의왕시"},"geometry":{"type":"Polygon","coordinates":[[[127.01881,37.35156],[127.01851,37.35044],[127.01461,37.34915],[127.01331,37.34783],[127.0127,37.34688],[127.01262,37.34513],[127.01094,37.34322],[127.0099,37.34028],[127.00913,37.33963],[127.0091,37.33879],[127.00653,37.33862],[127.00612,37.33807],[127.00047,37.33849],[126.99141,37.33401],[126.99034,37.33317],[126.98711,37.32945],[126.98278,37.32675],[126.98204,37.32665],[126.98094,37.32659],[126.9767,37.32852],[126.97119,37.33179],[126.97204,37.33397],[126.97078,37.33665],[126.96876,37.33834],[126.96657,37.33905],[126.96456,37.34034],[126.96423,37.34093],[126.96423,37.34255],[126.9628,37.34428],[126.96186,37.34448],[126.95824,37.34723],[126.95955,37.34822],[126.95943,37.35062],[126.96237,37.35534],[126.96309,37.35552],[126.96475,37.35531],[126.96654,37.35412],[126.96811,37.35352],[126.97023,37.35375],[126.97206,37.35152],[126.97493,37.34976],[126.98059,37.34939],[126.98482,37.34984],[126.98648,37.35053],[126.99195,37.35054],[126.99279,37.35158],[126.99648,37.35321],[126.99893,37.35308],[127.00068,37.35226],[127.00439,37.35252],[127.00682,37.35325],[127.01363,37.35291],[127.01687,37.35375],[127.01881,37.35156]]]}},{"type":"Feature","properties":{"adm_cd2":"4143052000","adm_nm":"경기도 의왕시 부곡동","sggnm":"의왕시"},"geometry":{"type":"Polygon","coordinates":[[[126.9707,37.33006],[126.96694,37.32408],[126.96692,37.32324],[126.96874,37.31905],[126.97,37.31692],[126.96771,37.31594],[126.96666,37.31305],[126.96635,37.30821],[126.96398,37.30437],[126.96108,37.30197],[126.9543,37.30314],[126.95291,37.30213],[126.95229,37.30065],[126.94159,37.30102],[126.93475,37.30307],[126.93295,37.30305],[126.9312,37.30413],[126.93052,37.30521],[126.93043,37.30706],[126.93236,37.30742],[126.93301,37.30836],[126.93029,37.31283],[126.92947,37.31604],[126.92964,37.31703],[126.93216,37.31845],[126.93559,37.32173],[126.93709,37.32229],[126.93878,37.32245],[126.9407,37.32123],[126.94505,37.32034],[126.94696,37.32477],[126.9474,37.32696],[126.94812,37.33183],[126.94856,37.33975],[126.95134,37.34175],[126.95365,37.34102],[126.95444,37.3411],[126.95758,37.34434],[126.95824,37.34723],[126.96186,37.34448],[126.9628,37.34428],[126.96423,37.34255],[126.96423,37.34093],[126.96456,37.34034],[126.96657,37.33905],[126.96876,37.33834],[126.97078,37.33665],[126.97204,37.33397],[126.9707,37.33006]]]}},{"type":"Feature","properties":{"adm_cd2":"4143053000","adm_nm":"경기도 의왕시 오전동","sggnm":"의왕시"},"geometry":{"type":"Polygon","coordinates":[[[127.01687,37.35375],[127.01363,37.35291],[127.00682,37.35325],[127.00439,37.35252],[127.00068,37.35226],[126.99893,37.35308],[126.99648,37.35321],[126.99279,37.35158],[126.99195,37.35054],[126.98648,37.35053],[126.98482,37.34984],[126.98059,37.34939],[126.97493,37.34976],[126.97206,37.35152],[126.97023,37.35375],[126.96811,37.35352],[126.96654,37.35412],[126.96475,37.35531],[126.96237,37.35534],[126.96052,37.35639],[126.96202,37.36148],[126.96585,37.3621],[126.96624,37.36248],[126.9661,37.36335],[126.9645,37.36464],[126.96434,37.36515],[126.96535,37.36735],[126.96532,37.37172],[126.96576,37.37275],[126.96705,37.37285],[126.96792,37.37202],[126.9702,37.37112],[126.97229,37.3712],[126.974,37.3706],[126.97449,37.37015],[126.97438,37.36956],[126.9766,37.36805],[126.97838,37.36929],[126.98148,37.3733],[126.9844,37.37403],[126.98433,37.37336],[126.9864,37.37007],[126.98729,37.36929],[126.9897,37.36977],[126.99059,37.3695],[126.99212,37.36785],[126.99282,37.36611],[126.99515,37.36317],[127.00014,37.36287],[127.00336,37.36185],[127.00926,37.35859],[127.01613,37.35664],[127.01687,37.35375]]]}},{"type":"Feature","properties":{"adm_cd2":"4143054000","adm_nm":"경기도 의왕시 내손1동","sggnm":"의왕시"},"geometry":{"type":"Polygon","coordinates":[[[126.98843,37.37784],[126.98721,37.37498],[126.98157,37.37336],[126.97838,37.36929],[126.9766,37.36805],[126.97438,37.36956],[126.97449,37.37015],[126.974,37.3706],[126.97229,37.3712],[126.9702,37.37112],[126.96792,37.37202],[126.96705,37.37285],[126.96576,37.37275],[126.97223,37.38126],[126.9728,37.38677],[126.97416,37.38847],[126.97641,37.38541],[126.97729,37.38285],[126.97878,37.38081],[126.9845,37.37964],[126.98865,37.37961],[126.98843,37.37784]]]}},{"type":"Feature","properties":{"adm_cd2":"4143055000","adm_nm":"경기도 의왕시 내손2동","sggnm":"의왕시"},"geometry":{"type":"Polygon","coordinates":[[[126.9845,37.37964],[126.97878,37.38081],[126.97729,37.38285],[126.97641,37.38541],[126.97416,37.38847],[126.97842,37.39169],[126.97889,37.39236],[126.98101,37.39319],[126.98183,37.39438],[126.98367,37.39284],[126.98594,37.39191],[126.9882,37.38914],[126.9864,37.38808],[126.98638,37.38762],[126.98921,37.38445],[126.99015,37.38108],[126.98865,37.37961],[126.9845,37.37964]]]}},{"type":"Feature","properties":{"adm_cd2":"4143056000","adm_nm":"경기도 의왕시 청계동","sggnm":"의왕시"},"geometry":{"type":"Polygon","coordinates":[[[127.04705,37.41306],[127.0468,37.41084],[127.04279,37.40824],[127.04237,37.40723],[127.04297,37.40512],[127.0437,37.40421],[127.04353,37.40363],[127.04075,37.40227],[127.03846,37.40197],[127.03741,37.40107],[127.03824,37.39852],[127.03871,37.39107],[127.03839,37.39046],[127.03704,37.38938],[127.03536,37.38879],[127.0327,37.38409],[127.03146,37.38124],[127.02969,37.37934],[127.02889,37.37925],[127.02741,37.37678],[127.0271,37.37538],[127.02797,37.37198],[127.02726,37.36914],[127.02559,37.36771],[127.02337,37.36333],[127.02148,37.36253],[127.01819,37.3603],[127.01637,37.35775],[127.01613,37.35664],[127.00926,37.35859],[127.00336,37.36185],[127.00014,37.36287],[126.99515,37.36317],[126.99282,37.36611],[126.99212,37.36785],[126.99059,37.3695],[126.9897,37.36977],[126.98729,37.36929],[126.9864,37.37007],[126.98433,37.37336],[126.9844,37.37403],[126.98721,37.37498],[126.98843,37.37784],[126.98865,37.37961],[126.99015,37.38108],[126.98921,37.38445],[126.98638,37.38762],[126.9864,37.38808],[126.9882,37.38914],[126.98594,37.39191],[126.98367,37.39284],[126.97951,37.39589],[126.98087,37.3977],[126.98219,37.39884],[126.98257,37.40067],[126.98578,37.40664],[126.98827,37.40794],[126.99017,37.40803],[126.99202,37.40767],[126.99268,37.4067],[126.99477,37.40521],[126.99977,37.40463],[127.00212,37.40706],[127.00413,37.40777],[127.0086,37.41223],[127.01814,37.41318],[127.02115,37.4124],[127.02834,37.4121],[127.03486,37.41406],[127.03793,37.41391],[127.04168,37.41563],[127.04675,37.4136],[127.04705,37.41306]]]}},{"type":"Feature","properties":{"adm_cd2":"4145051000","adm_nm":"경기도 하남시 천현동","sggnm":"하남시"},"geometry":{"type":"Polygon","coordinates":[[[127.23842,37.545],[127.23898,37.54467],[127.24044,37.54395],[127.24855,37.5414],[127.26347,37.53327],[127.27899,37.52636],[127.28165,37.52468],[127.28478,37.52149],[127.28685,37.51667],[127.28758,37.5135],[127.2832,37.51354],[127.28043,37.51295],[127.27957,37.51258],[127.27828,37.51136],[127.27774,37.51011],[127.27794,37.50955],[127.27641,37.50831],[127.27142,37.50764],[127.26856,37.50624],[127.2612,37.50724],[127.25439,37.50596],[127.25327,37.50325],[127.25553,37.49615],[127.25793,37.49462],[127.25916,37.49207],[127.25916,37.49077],[127.25864,37.48968],[127.25765,37.48878],[127.2554,37.48791],[127.2537,37.48646],[127.2538,37.48461],[127.25226,37.48358],[127.24826,37.48193],[127.24704,37.48059],[127.24622,37.47782],[127.24174,37.47686],[127.241,37.47648],[127.24045,37.4756],[127.23936,37.47514],[127.23746,37.47493],[127.22615,37.47973],[127.21573,37.4823],[127.20684,37.48031],[127.20375,37.4808],[127.20259,37.48171],[127.20259,37.48399],[127.20277,37.48538],[127.20494,37.4912],[127.2044,37.49162],[127.20368,37.49378],[127.20579,37.4952],[127.20612,37.49891],[127.20693,37.50262],[127.20783,37.503],[127.20974,37.50286],[127.21297,37.50317],[127.21582,37.50434],[127.21576,37.50835],[127.21509,37.50943],[127.21261,37.51164],[127.2115,37.51344],[127.21317,37.51412],[127.21336,37.51483],[127.21348,37.51566],[127.21265,37.5184],[127.2114,37.52049],[127.21315,37.52347],[127.21377,37.52583],[127.21036,37.5281],[127.20795,37.52854],[127.20688,37.52855],[127.20569,37.52788],[127.2033,37.52725],[127.19966,37.52679],[127.19932,37.52812],[127.19947,37.53016],[127.20104,37.53212],[127.20557,37.53525],[127.20872,37.53624],[127.21152,37.53543],[127.21623,37.53716],[127.21837,37.53865],[127.22013,37.53866],[127.22299,37.5354],[127.22736,37.53424],[127.22801,37.53473],[127.22988,37.53749],[127.22951,37.53823],[127.22664,37.54098],[127.22514,37.54186],[127.22634,37.54517],[127.22591,37.547],[127.22941,37.55015],[127.23618,37.55045],[127.23842,37.545]]]}},{"type":"Feature","properties":{"adm_cd2":"4145052000","adm_nm":"경기도 하남시 신장1동","sggnm":"하남시"},"geometry":{"type":"Polygon","coordinates":[[[127.20819,37.53607],[127.20404,37.53821],[127.20437,37.5395],[127.20499,37.5401],[127.20637,37.54067],[127.20656,37.54169],[127.21078,37.53976],[127.20897,37.53767],[127.20872,37.53624],[127.20819,37.53607]]]}},{"type":"Feature","properties":{"adm_cd2":"4145053000","adm_nm":"경기도 하남시 신장2동","sggnm":"하남시"},"geometry":{"type":"Polygon","coordinates":[[[127.22941,37.55015],[127.22591,37.547],[127.22634,37.54517],[127.22514,37.54186],[127.22664,37.54098],[127.22951,37.53823],[127.22988,37.53749],[127.22801,37.53473],[127.22736,37.53424],[127.22272,37.53556],[127.21984,37.53875],[127.21813,37.53858],[127.21623,37.53716],[127.21152,37.53543],[127.20872,37.53624],[127.20897,37.53767],[127.21078,37.53976],[127.20656,37.54169],[127.20672,37.54253],[127.21284,37.54929],[127.21283,37.55119],[127.21036,37.55236],[127.21318,37.55366],[127.22475,37.54796],[127.22473,37.5539],[127.21922,37.55392],[127.21944,37.56479],[127.22186,37.56467],[127.22906,37.56336],[127.23089,37.56173],[127.23423,37.55774],[127.23443,37.55206],[127.23618,37.55045],[127.22941,37.55015]]]}},{"type":"Feature","properties":{"adm_cd2":"4145054000","adm_nm":"경기도 하남시 덕풍1동","sggnm":"하남시"},"geometry":{"type":"Polygon","coordinates":[[[127.20819,37.53607],[127.20557,37.53525],[127.20104,37.53212],[127.19947,37.53016],[127.19932,37.52812],[127.19909,37.52954],[127.19687,37.53217],[127.19527,37.53274],[127.1939,37.53231],[127.19058,37.53338],[127.1914,37.5348],[127.19129,37.53868],[127.19389,37.54045],[127.19826,37.53659],[127.20225,37.53785],[127.20256,37.53878],[127.20819,37.53607]]]}},{"type":"Feature","properties":{"adm_cd2":"4145055000","adm_nm":"경기도 하남시 덕풍2동","sggnm":"하남시"},"geometry":{"type":"Polygon","coordinates":[[[127.20225,37.53785],[127.19826,37.53659],[127.19389,37.54045],[127.19622,37.54137],[127.19667,37.54396],[127.19847,37.54711],[127.2005,37.54621],[127.20389,37.54306],[127.2015,37.54],[127.20256,37.53878],[127.20225,37.53785]]]}},{"type":"Feature","properties":{"adm_cd2":"4145058000","adm_nm":"경기도 하남시 감북동","sggnm":"하남시"},"geometry":{"type":"Polygon","coordinates":[[[127.17017,37.51017],[127.16815,37.51256],[127.1652,37.5147],[127.15242,37.513],[127.15187,37.51348],[127.15188,37.51539],[127.14864,37.515],[127.14466,37.51555],[127.1454,37.5161],[127.14541,37.51649],[127.14461,37.51696],[127.14501,37.51693],[127.14473,37.51942],[127.1458,37.52199],[127.14776,37.52217],[127.14844,37.52303],[127.14958,37.52588],[127.15311,37.52909],[127.15351,37.53033],[127.15355,37.534],[127.15685,37.53144],[127.16166,37.5294],[127.16284,37.52719],[127.16122,37.52594],[127.16454,37.52461],[127.16676,37.5245],[127.16865,37.52521],[127.17003,37.52514],[127.16983,37.52266],[127.16891,37.52144],[127.16893,37.52031],[127.16963,37.51861],[127.17188,37.51704],[127.17436,37.51805],[127.1751,37.51895],[127.17558,37.52102],[127.17758,37.52213],[127.17895,37.51895],[127.17894,37.51663],[127.18044,37.51508],[127.18051,37.5134],[127.18123,37.51263],[127.18123,37.51057],[127.18055,37.5096],[127.18059,37.50727],[127.17877,37.50476],[127.17737,37.50393],[127.17413,37.50714],[127.17017,37.51017]]]}},{"type":"Feature","properties":{"adm_cd2":"4145059000","adm_nm":"경기도 하남시 춘궁동","sggnm":"하남시"},"geometry":{"type":"Polygon","coordinates":[[[127.19966,37.52679],[127.2033,37.52725],[127.20569,37.52788],[127.20688,37.52855],[127.20795,37.52854],[127.21036,37.5281],[127.21377,37.52583],[127.21315,37.52347],[127.2114,37.52049],[127.21265,37.5184],[127.21348,37.51566],[127.21336,37.51483],[127.21317,37.51412],[127.2115,37.51344],[127.21261,37.51164],[127.21509,37.50943],[127.21576,37.50835],[127.21582,37.50434],[127.21297,37.50317],[127.20974,37.50286],[127.20783,37.503],[127.20693,37.50262],[127.20612,37.49891],[127.20579,37.4952],[127.20368,37.49378],[127.2044,37.49162],[127.20494,37.4912],[127.20277,37.48538],[127.20259,37.48171],[127.20219,37.48091],[127.19804,37.47959],[127.19238,37.48072],[127.18918,37.48022],[127.18547,37.48102],[127.18319,37.48357],[127.17927,37.48469],[127.17873,37.48519],[127.17908,37.48648],[127.17641,37.4901],[127.17603,37.49479],[127.17629,37.49683],[127.17554,37.49787],[127.17522,37.49978],[127.17694,37.50189],[127.17737,37.50393],[127.17877,37.50476],[127.18059,37.50727],[127.18055,37.5096],[127.18123,37.51057],[127.18123,37.51263],[127.18051,37.5134],[127.18044,37.51508],[127.17894,37.51663],[127.17895,37.51895],[127.17758,37.52213],[127.17871,37.52251],[127.18045,37.52377],[127.19058,37.53338],[127.1939,37.53231],[127.19527,37.53274],[127.19687,37.53217],[127.19909,37.52954],[127.19966,37.52679]]]}},{"type":"Feature","properties":{"adm_cd2":"4145060000","adm_nm":"경기도 하남시 초이동","sggnm":"하남시"},"geometry":{"type":"Polygon","coordinates":[[[127.18396,37.5446],[127.18557,37.54481],[127.18729,37.54244],[127.1871,37.54026],[127.18776,37.53826],[127.191,37.53889],[127.19129,37.53868],[127.1914,37.5348],[127.19115,37.53407],[127.19001,37.53261],[127.18824,37.53128],[127.18045,37.52377],[127.17871,37.52251],[127.17558,37.52102],[127.1751,37.51895],[127.17436,37.51805],[127.17188,37.51704],[127.16963,37.51861],[127.16893,37.52031],[127.16891,37.52144],[127.16983,37.52266],[127.17003,37.52514],[127.16865,37.52521],[127.16676,37.5245],[127.16454,37.52461],[127.16122,37.52594],[127.16284,37.52719],[127.16166,37.5294],[127.15685,37.53144],[127.15355,37.534],[127.15673,37.53758],[127.15756,37.53903],[127.1604,37.5416],[127.16319,37.54502],[127.17397,37.54553],[127.17439,37.54522],[127.17559,37.54521],[127.17905,37.54664],[127.18013,37.54644],[127.18091,37.54588],[127.18355,37.54583],[127.18396,37.5446]]]}},{"type":"Feature","properties":{"adm_cd2":"4145063000","adm_nm":"경기도 하남시 미사3동","sggnm":"하남시"},"geometry":{"type":"Polygon","coordinates":[[[127.19285,37.55349],[127.19357,37.55231],[127.19648,37.55191],[127.19694,37.5515],[127.19831,37.55321],[127.19919,37.55278],[127.19911,37.552],[127.19869,37.55205],[127.19853,37.55171],[127.19774,37.54896],[127.19856,37.549],[127.19847,37.54711],[127.19667,37.54396],[127.19622,37.54137],[127.19389,37.54045],[127.19129,37.53868],[127.191,37.53889],[127.18776,37.53826],[127.1871,37.54026],[127.18729,37.54244],[127.18557,37.54481],[127.18396,37.5446],[127.18355,37.54583],[127.18283,37.54656],[127.18139,37.55285],[127.18188,37.55886],[127.18757,37.56009],[127.19029,37.5599],[127.19387,37.56084],[127.19774,37.55558],[127.19285,37.55349]]]}},{"type":"Feature","properties":{"adm_cd2":"4145061000","adm_nm":"경기도 하남시 미사1동","sggnm":"하남시"},"geometry":{"type":"Polygon","coordinates":[[[127.21944,37.56479],[127.21922,37.55392],[127.22473,37.5539],[127.22475,37.54796],[127.21318,37.55366],[127.20568,37.56186],[127.19774,37.55558],[127.19387,37.56084],[127.19029,37.5599],[127.18757,37.56009],[127.18188,37.55886],[127.18197,37.56094],[127.17976,37.56505],[127.17948,37.56654],[127.18594,37.56673],[127.19025,37.56739],[127.1979,37.56942],[127.19434,37.58052],[127.19197,37.58248],[127.19984,37.58233],[127.20268,37.58121],[127.20619,37.5851],[127.20843,37.58181],[127.21068,37.57987],[127.21294,37.57697],[127.21967,37.5739],[127.22004,37.57189],[127.22011,37.56696],[127.22186,37.56467],[127.21944,37.56479]]]}},{"type":"Feature","properties":{"adm_cd2":"4145062000","adm_nm":"경기도 하남시 미사2동","sggnm":"하남시"},"geometry":{"type":"Polygon","coordinates":[[[127.20619,37.5851],[127.20268,37.58121],[127.19984,37.58233],[127.19197,37.58248],[127.19434,37.58052],[127.1979,37.56942],[127.1969,37.56914],[127.19025,37.56739],[127.18594,37.56673],[127.17948,37.56654],[127.17911,37.56915],[127.17606,37.57428],[127.17536,37.57729],[127.17551,37.57838],[127.17697,37.57946],[127.17767,37.58083],[127.17395,37.57958],[127.16857,37.57895],[127.16856,37.57983],[127.17076,37.58092],[127.17178,37.58198],[127.17324,37.58259],[127.17747,37.58623],[127.18022,37.58789],[127.1816,37.58993],[127.18338,37.5917],[127.19402,37.59194],[127.19757,37.59159],[127.19929,37.59114],[127.20162,37.58979],[127.20217,37.58927],[127.20243,37.58818],[127.20619,37.5851]]]}},{"type":"Feature","properties":{"adm_cd2":"4146125000","adm_nm":"경기도 용인시처인구 포곡읍","sggnm":"용인시처인구"},"geometry":{"type":"Polygon","coordinates":[[[127.28042,37.30146],[127.28169,37.29773],[127.28152,37.29696],[127.2778,37.2904],[127.27446,37.28658],[127.26813,37.28201],[127.2663,37.28122],[127.262,37.27783],[127.25883,37.27458],[127.25641,37.27286],[127.25437,37.27197],[127.252,37.27006],[127.24922,37.26655],[127.24325,37.26253],[127.24024,37.26117],[127.23684,37.26066],[127.23587,37.26004],[127.23179,37.25969],[127.22996,37.26044],[127.22635,37.26421],[127.227,37.26539],[127.22793,37.26615],[127.22583,37.26662],[127.21402,37.26543],[127.21335,37.26577],[127.21232,37.267],[127.21073,37.27047],[127.2096,37.2708],[127.2083,37.27023],[127.20767,37.26949],[127.20504,37.26878],[127.20261,37.26887],[127.20202,37.26645],[127.20097,37.26451],[127.19712,37.2661],[127.19418,37.26858],[127.19068,37.26994],[127.18723,37.26759],[127.18338,37.26658],[127.17904,37.26707],[127.17239,37.27066],[127.1769,37.28195],[127.1771,37.28498],[127.17442,37.28956],[127.17177,37.29076],[127.17046,37.29194],[127.17059,37.29285],[127.17168,37.29375],[127.17191,37.29465],[127.17159,37.29636],[127.17017,37.29974],[127.17612,37.30481],[127.17634,37.30614],[127.17607,37.30771],[127.18529,37.31102],[127.18636,37.31265],[127.18649,37.31421],[127.18767,37.31787],[127.1933,37.32055],[127.19801,37.32528],[127.20135,37.32713],[127.20802,37.32333],[127.21037,37.32109],[127.2141,37.32192],[127.22121,37.32095],[127.22288,37.32106],[127.22839,37.31849],[127.2296,37.31447],[127.23007,37.306],[127.2357,37.30402],[127.244,37.30052],[127.2493,37.29644],[127.25243,37.29203],[127.25447,37.29222],[127.26123,37.29404],[127.26399,37.29562],[127.26983,37.30006],[127.27202,37.30198],[127.27207,37.30318],[127.27549,37.30487],[127.2786,37.30544],[127.28042,37.30146]]]}},{"type":"Feature","properties":{"adm_cd2":"4146125300","adm_nm":"경기도 용인시처인구 모현읍","sggnm":"용인시처인구"},"geometry":{"type":"Polygon","coordinates":[[[127.28316,37.34404],[127.28367,37.33856],[127.28324,37.33659],[127.28182,37.33502],[127.28099,37.33459],[127.28111,37.33383],[127.28015,37.33219],[127.27979,37.33013],[127.28037,37.32808],[127.28232,37.32741],[127.28205,37.32228],[127.28311,37.31907],[127.28175,37.31643],[127.27949,37.31377],[127.27727,37.30934],[127.27744,37.3086],[127.27896,37.30674],[127.2786,37.30544],[127.27549,37.30487],[127.27207,37.30318],[127.27202,37.30198],[127.26983,37.30006],[127.26399,37.29562],[127.26123,37.29404],[127.25329,37.29199],[127.25216,37.29219],[127.2493,37.29644],[127.244,37.30052],[127.2357,37.30402],[127.23007,37.306],[127.2296,37.31447],[127.22839,37.31849],[127.22288,37.32106],[127.22121,37.32095],[127.2141,37.32192],[127.21037,37.32109],[127.20802,37.32333],[127.20145,37.32713],[127.19813,37.32538],[127.1933,37.32055],[127.18767,37.31787],[127.18649,37.31421],[127.18636,37.31265],[127.18529,37.31102],[127.17607,37.30771],[127.17634,37.30614],[127.17612,37.30481],[127.17015,37.2997],[127.16724,37.30169],[127.16555,37.30226],[127.16544,37.30304],[127.16312,37.30415],[127.15625,37.30461],[127.15076,37.30602],[127.14875,37.3061],[127.14701,37.30945],[127.14572,37.31123],[127.14496,37.31212],[127.14392,37.31242],[127.14336,37.31294],[127.1428,37.31495],[127.14322,37.31635],[127.14283,37.31733],[127.13724,37.32064],[127.13725,37.32439],[127.13774,37.32436],[127.13865,37.32493],[127.13969,37.3242],[127.14024,37.32422],[127.14094,37.32508],[127.14246,37.32577],[127.14134,37.32886],[127.14135,37.33192],[127.14186,37.33631],[127.1482,37.3377],[127.15267,37.34001],[127.15755,37.34107],[127.16152,37.34278],[127.16206,37.34332],[127.17376,37.34467],[127.17673,37.34442],[127.17876,37.34322],[127.1816,37.34384],[127.18344,37.34474],[127.19162,37.34724],[127.19608,37.34404],[127.19803,37.34145],[127.19826,37.33949],[127.19696,37.33588],[127.19692,37.33472],[127.20067,37.32873],[127.20147,37.32861],[127.20831,37.33088],[127.21265,37.33742],[127.21411,37.33807],[127.21681,37.34067],[127.2181,37.34277],[127.21845,37.34386],[127.21831,37.34505],[127.21909,37.34625],[127.2206,37.34701],[127.22193,37.34664],[127.22287,37.34562],[127.22361,37.34601],[127.22158,37.3493],[127.21792,37.3522],[127.21672,37.35486],[127.21733,37.35539],[127.21863,37.35563],[127.21974,37.35438],[127.22318,37.35455],[127.22501,37.35528],[127.22861,37.3589],[127.22924,37.35919],[127.23135,37.35832],[127.23369,37.35799],[127.23541,37.35841],[127.23812,37.3604],[127.23901,37.35933],[127.2389,37.35553],[127.23982,37.35416],[127.24187,37.35331],[127.24356,37.35453],[127.24691,37.35565],[127.25442,37.35076],[127.25835,37.34976],[127.26138,37.3484],[127.26293,37.34607],[127.26358,37.34423],[127.26503,37.34268],[127.26892,37.34235],[127.27442,37.34293],[127.27545,37.34316],[127.2808,37.34616],[127.28334,37.34531],[127.28316,37.34404]]]}},{"type":"Feature","properties":{"adm_cd2":"4146125900","adm_nm":"경기도 용인시처인구 남사읍","sggnm":"용인시처인구"},"geometry":{"type":"Polygon","coordinates":[[[127.18623,37.08449],[127.18421,37.08607],[127.18212,37.08707],[127.17904,37.08761],[127.17626,37.08767],[127.17385,37.08651],[127.17357,37.08595],[127.17074,37.08605],[127.16606,37.08663],[127.16308,37.08784],[127.16204,37.0888],[127.15773,37.09013],[127.1537,37.09101],[127.14643,37.09141],[127.14471,37.09085],[127.14211,37.08783],[127.13726,37.08919],[127.13597,37.09081],[127.13579,37.09169],[127.13413,37.09236],[127.13342,37.09233],[127.13217,37.09146],[127.12594,37.09063],[127.12285,37.09144],[127.11261,37.11385],[127.10979,37.11741],[127.10867,37.12481],[127.10905,37.126],[127.11257,37.12624],[127.11261,37.12807],[127.11495,37.12974],[127.11781,37.12884],[127.12021,37.12899],[127.12072,37.12966],[127.12161,37.13538],[127.1215,37.13896],[127.12058,37.13942],[127.12107,37.14158],[127.12332,37.14356],[127.1227,37.14451],[127.12478,37.14536],[127.12708,37.14565],[127.12949,37.14875],[127.13059,37.15185],[127.12883,37.15848],[127.12788,37.15982],[127.12794,37.16072],[127.12915,37.16203],[127.13121,37.16287],[127.13387,37.16493],[127.13379,37.16612],[127.1331,37.16668],[127.13256,37.16806],[127.13301,37.16909],[127.13939,37.16946],[127.14383,37.17018],[127.1456,37.16965],[127.14841,37.16968],[127.15115,37.1716],[127.15347,37.1746],[127.15563,37.17676],[127.15762,37.17679],[127.15923,37.17795],[127.16067,37.18056],[127.16104,37.17969],[127.16394,37.17948],[127.16507,37.1805],[127.16942,37.1825],[127.17427,37.18444],[127.17868,37.18564],[127.18183,37.18489],[127.18647,37.18112],[127.18842,37.17906],[127.18865,37.17806],[127.18745,37.17743],[127.18772,37.17697],[127.18893,37.17541],[127.19394,37.17177],[127.19464,37.16845],[127.1928,37.16516],[127.19216,37.16471],[127.19306,37.1639],[127.19551,37.16265],[127.19762,37.16178],[127.19874,37.16169],[127.19981,37.15942],[127.19975,37.1578],[127.19686,37.15229],[127.19693,37.14865],[127.19632,37.14782],[127.1944,37.14808],[127.19294,37.14759],[127.19049,37.14587],[127.18964,37.14071],[127.18705,37.13529],[127.18859,37.13337],[127.19023,37.13273],[127.19135,37.13133],[127.19017,37.12939],[127.18936,37.1293],[127.18805,37.12786],[127.18716,37.12609],[127.18736,37.12523],[127.18895,37.12442],[127.18954,37.1202],[127.18874,37.11471],[127.1839,37.11123],[127.18076,37.1084],[127.1757,37.10813],[127.17586,37.10741],[127.17755,37.10544],[127.18154,37.09839],[127.18466,37.09455],[127.18613,37.09217],[127.18563,37.09071],[127.1887,37.08636],[127.18623,37.08449]]]}},{"type":"Feature","properties":{"adm_cd2":"4146125600","adm_nm":"경기도 용인시처인구 이동읍","sggnm":"용인시처인구"},"geometry":{"type":"Polygon","coordinates":[[[127.17569,37.22185],[127.18341,37.21411],[127.18507,37.21348],[127.19246,37.21314],[127.19438,37.21404],[127.19572,37.21425],[127.20075,37.21351],[127.20445,37.21337],[127.21164,37.21468],[127.2193,37.2149],[127.22288,37.21178],[127.22393,37.21004],[127.22397,37.20628],[127.22472,37.20176],[127.2264,37.2004],[127.22669,37.19974],[127.23,37.19895],[127.23128,37.1993],[127.23208,37.19894],[127.23579,37.19889],[127.23703,37.19831],[127.23738,37.19659],[127.24261,37.19632],[127.24278,37.1938],[127.24333,37.19225],[127.24659,37.18979],[127.24836,37.18424],[127.25289,37.18252],[127.25748,37.17968],[127.26027,37.17889],[127.26234,37.17371],[127.26402,37.17202],[127.26496,37.17215],[127.26932,37.17119],[127.27268,37.16659],[127.27329,37.16512],[127.26856,37.16024],[127.26694,37.15533],[127.2638,37.15587],[127.26167,37.15408],[127.26047,37.15207],[127.25548,37.15134],[127.2535,37.14686],[127.25026,37.14524],[127.25128,37.14267],[127.25281,37.1412],[127.25371,37.13809],[127.25333,37.13698],[127.25116,37.1336],[127.25291,37.13088],[127.25338,37.129],[127.25196,37.12456],[127.25116,37.12312],[127.25052,37.1227],[127.24581,37.12205],[127.24302,37.1225],[127.23645,37.12125],[127.23386,37.11768],[127.22939,37.11713],[127.2271,37.11533],[127.22617,37.11394],[127.22322,37.1129],[127.22016,37.11343],[127.21605,37.11187],[127.2147,37.11093],[127.21205,37.11057],[127.20961,37.11245],[127.20927,37.11215],[127.20862,37.10972],[127.20986,37.10722],[127.20967,37.10607],[127.20859,37.10439],[127.20706,37.10318],[127.20502,37.10242],[127.20232,37.1004],[127.19891,37.09686],[127.1976,37.093],[127.19527,37.08907],[127.19238,37.08709],[127.18912,37.0867],[127.1887,37.08636],[127.18563,37.09071],[127.18613,37.09217],[127.18466,37.09455],[127.18154,37.09839],[127.17755,37.10544],[127.17586,37.10741],[127.1757,37.10813],[127.18076,37.1084],[127.1839,37.11123],[127.18874,37.11471],[127.18954,37.1202],[127.18895,37.12442],[127.18736,37.12523],[127.18716,37.12609],[127.18805,37.12786],[127.18936,37.1293],[127.19017,37.12939],[127.19135,37.13133],[127.19023,37.13273],[127.18859,37.13337],[127.18705,37.13529],[127.18964,37.14071],[127.19049,37.14587],[127.19294,37.14759],[127.1944,37.14808],[127.19632,37.14782],[127.19693,37.14865],[127.19686,37.15229],[127.19975,37.1578],[127.19981,37.15942],[127.19874,37.16169],[127.19762,37.16178],[127.19551,37.16265],[127.19306,37.1639],[127.19216,37.16471],[127.1928,37.16516],[127.19464,37.16845],[127.19394,37.17177],[127.18893,37.17541],[127.18744,37.17739],[127.18864,37.17803],[127.18842,37.17906],[127.18647,37.18112],[127.18183,37.18489],[127.17898,37.18565],[127.17809,37.18552],[127.17427,37.18444],[127.16942,37.1825],[127.16507,37.1805],[127.16394,37.17948],[127.16092,37.17978],[127.15908,37.18413],[127.16026,37.18599],[127.16132,37.19041],[127.16096,37.19164],[127.15572,37.19666],[127.15546,37.19774],[127.15473,37.19745],[127.15377,37.19762],[127.15285,37.19723],[127.15266,37.19813],[127.15196,37.19911],[127.15339,37.20191],[127.15431,37.20212],[127.15537,37.20346],[127.15589,37.20595],[127.15777,37.20717],[127.15696,37.20852],[127.15541,37.20957],[127.15172,37.21414],[127.15144,37.2158],[127.1516,37.21854],[127.14983,37.22169],[127.15161,37.223],[127.15303,37.22337],[127.15621,37.22789],[127.157,37.22795],[127.15897,37.22726],[127.16058,37.226],[127.16119,37.22512],[127.16505,37.22298],[127.16764,37.22311],[127.16886,37.22355],[127.17024,37.22453],[127.17057,37.22534],[127.17201,37.22563],[127.17441,37.22459],[127.17569,37.22185]]]}},{"type":"Feature","properties":{"adm_cd2":"4146134000","adm_nm":"경기도 용인시처인구 원삼면","sggnm":"용인시처인구"},"geometry":{"type":"Polygon","coordinates":[[[127.34731,37.20283],[127.3474,37.2019],[127.34827,37.20115],[127.35017,37.19754],[127.35021,37.1959],[127.34883,37.19093],[127.34664,37.18898],[127.34391,37.1878],[127.3392,37.18434],[127.33907,37.18402],[127.33985,37.18275],[127.33826,37.17851],[127.34057,37.17633],[127.34002,37.17296],[127.35024,37.17069],[127.35441,37.17039],[127.3535,37.1661],[127.35212,37.16535],[127.35035,37.16272],[127.35061,37.162],[127.35068,37.15904],[127.3501,37.15755],[127.3493,37.15678],[127.34832,37.15718],[127.34777,37.15692],[127.34607,37.15468],[127.34808,37.15326],[127.35177,37.15216],[127.35377,37.15269],[127.35438,37.15314],[127.35551,37.15304],[127.35612,37.15214],[127.35609,37.15029],[127.3526,37.14593],[127.34625,37.13606],[127.34652,37.13509],[127.34513,37.13283],[127.34234,37.13167],[127.33788,37.13094],[127.33392,37.12929],[127.33129,37.12779],[127.32796,37.12411],[127.32813,37.12305],[127.3271,37.11969],[127.32035,37.11314],[127.31636,37.10984],[127.31328,37.10947],[127.31214,37.10711],[127.31063,37.10538],[127.3057,37.10711],[127.3041,37.10909],[127.30421,37.1095],[127.3034,37.1117],[127.2998,37.11249],[127.29908,37.11684],[127.29714,37.12033],[127.29661,37.12078],[127.29493,37.1212],[127.29324,37.12293],[127.29284,37.1235],[127.29292,37.12477],[127.29231,37.12665],[127.28861,37.12968],[127.28788,37.13147],[127.28627,37.13202],[127.28425,37.13078],[127.28206,37.134],[127.27911,37.13412],[127.27436,37.13364],[127.27307,37.13501],[127.27193,37.14103],[127.27312,37.14331],[127.27225,37.14481],[127.27091,37.14552],[127.26915,37.14714],[127.26803,37.14933],[127.26954,37.15144],[127.26925,37.1525],[127.26877,37.15424],[127.26694,37.15533],[127.26856,37.16024],[127.27329,37.16512],[127.27558,37.16543],[127.27716,37.16528],[127.27953,37.16423],[127.28017,37.16485],[127.28325,37.17114],[127.28431,37.1736],[127.28499,37.17818],[127.28476,37.17863],[127.28308,37.17948],[127.28292,37.18007],[127.28367,37.18239],[127.28444,37.1837],[127.28615,37.18922],[127.28634,37.19428],[127.28572,37.1982],[127.28583,37.19924],[127.28652,37.20062],[127.28733,37.20091],[127.28814,37.20075],[127.29266,37.202],[127.30309,37.21105],[127.30585,37.21161],[127.30717,37.21096],[127.31049,37.21066],[127.31508,37.21212],[127.3171,37.21364],[127.31853,37.21429],[127.32318,37.21399],[127.32505,37.21357],[127.32862,37.21348],[127.33282,37.21581],[127.33704,37.21745],[127.33775,37.21643],[127.33853,37.21629],[127.33958,37.21207],[127.34124,37.20902],[127.34235,37.20801],[127.34519,37.20751],[127.34724,37.20612],[127.3484,37.20436],[127.34731,37.20283]]]}},{"type":"Feature","properties":{"adm_cd2":"4146135000","adm_nm":"경기도 용인시처인구 백암면","sggnm":"용인시처인구"},"geometry":{"type":"Polygon","coordinates":[[[127.37104,37.20284],[127.37265,37.20187],[127.37821,37.19555],[127.37597,37.191],[127.37393,37.18991],[127.37204,37.18976],[127.37224,37.18603],[127.37529,37.1851],[127.38121,37.18756],[127.38193,37.18673],[127.38239,37.18449],[127.3821,37.18366],[127.38238,37.18274],[127.38433,37.18209],[127.38828,37.18141],[127.39446,37.18082],[127.39902,37.18096],[127.40186,37.18018],[127.40357,37.18033],[127.40503,37.18164],[127.40908,37.1839],[127.4105,37.18411],[127.41182,37.18235],[127.41299,37.1766],[127.41415,37.17339],[127.41302,37.17002],[127.41063,37.16751],[127.40969,37.16438],[127.41043,37.16049],[127.41216,37.15694],[127.41232,37.15507],[127.41484,37.15208],[127.41792,37.15136],[127.4223,37.15195],[127.4235,37.15183],[127.42813,37.14908],[127.42982,37.14774],[127.42954,37.14701],[127.42729,37.14592],[127.42586,37.14304],[127.42562,37.14074],[127.42644,37.13861],[127.42615,37.13643],[127.42561,37.13397],[127.42418,37.13113],[127.42141,37.12768],[127.42091,37.12607],[127.41747,37.1238],[127.41501,37.12283],[127.41373,37.12157],[127.41257,37.11943],[127.41266,37.11788],[127.41398,37.11621],[127.41521,37.1157],[127.42027,37.11573],[127.42341,37.11445],[127.42566,37.11311],[127.42307,37.11119],[127.4242,37.11042],[127.42459,37.10944],[127.42107,37.10651],[127.4211,37.10579],[127.42418,37.0997],[127.42376,37.09884],[127.42172,37.09728],[127.42106,37.09753],[127.41984,37.09737],[127.41628,37.09574],[127.41612,37.09309],[127.41554,37.09341],[127.40197,37.09388],[127.39899,37.09538],[127.39795,37.09643],[127.39382,37.10438],[127.39408,37.10544],[127.39323,37.1065],[127.39045,37.10793],[127.38903,37.10832],[127.38747,37.10818],[127.38414,37.10594],[127.38171,37.10592],[127.3792,37.1052],[127.37888,37.10294],[127.37695,37.1011],[127.37494,37.10203],[127.37436,37.10262],[127.37405,37.10496],[127.373,37.10582],[127.36926,37.10677],[127.35904,37.10757],[127.35822,37.10725],[127.35507,37.10373],[127.35442,37.1006],[127.35345,37.09999],[127.3528,37.10001],[127.34768,37.10357],[127.34495,37.10332],[127.34343,37.10402],[127.33969,37.10932],[127.33551,37.11069],[127.33336,37.11174],[127.33078,37.11682],[127.33006,37.11656],[127.32959,37.11881],[127.32672,37.11944],[127.32725,37.11995],[127.32795,37.12216],[127.32796,37.12411],[127.33129,37.12779],[127.33392,37.12929],[127.33788,37.13094],[127.34234,37.13167],[127.34513,37.13283],[127.34652,37.13509],[127.34625,37.13606],[127.3526,37.14593],[127.35609,37.15029],[127.35612,37.15214],[127.35551,37.15304],[127.35438,37.15314],[127.35377,37.15269],[127.35177,37.15216],[127.34808,37.15326],[127.34607,37.15468],[127.34777,37.15692],[127.34832,37.15718],[127.3493,37.15678],[127.3501,37.15755],[127.35068,37.15904],[127.35061,37.162],[127.35035,37.16272],[127.35212,37.16535],[127.3535,37.1661],[127.35441,37.17039],[127.35024,37.17069],[127.34002,37.17296],[127.34057,37.17633],[127.33826,37.17851],[127.33985,37.18275],[127.33907,37.18402],[127.3392,37.18434],[127.34391,37.1878],[127.34664,37.18898],[127.34883,37.19093],[127.35021,37.1959],[127.35017,37.19754],[127.34827,37.20115],[127.3474,37.2019],[127.34731,37.20283],[127.3484,37.20436],[127.3516,37.20338],[127.35341,37.20343],[127.35572,37.20271],[127.35619,37.20238],[127.35614,37.20119],[127.35709,37.20055],[127.36109,37.20043],[127.36205,37.20111],[127.37038,37.20392],[127.37104,37.20284]]]}},{"type":"Feature","properties":{"adm_cd2":"4146126200","adm_nm":"경기도 용인시처인구 양지읍","sggnm":"용인시처인구"},"geometry":{"type":"Polygon","coordinates":[[[127.34094,37.26582],[127.34088,37.265],[127.34018,37.26316],[127.33903,37.2622],[127.33666,37.26117],[127.33618,37.25778],[127.33694,37.25532],[127.33857,37.25239],[127.33607,37.25163],[127.33344,37.24932],[127.33115,37.24312],[127.3331,37.23973],[127.33416,37.23882],[127.3345,37.23528],[127.3342,37.23141],[127.33339,37.22716],[127.33087,37.22304],[127.33187,37.22],[127.33704,37.21745],[127.33282,37.21581],[127.32862,37.21348],[127.32505,37.21357],[127.32318,37.21399],[127.31853,37.21429],[127.3171,37.21364],[127.31508,37.21212],[127.31049,37.21066],[127.30717,37.21096],[127.30585,37.21161],[127.30355,37.21126],[127.29266,37.202],[127.28814,37.20075],[127.28678,37.20084],[127.28601,37.19959],[127.28357,37.19973],[127.27754,37.19868],[127.27331,37.20178],[127.27278,37.20265],[127.27253,37.20531],[127.27186,37.2069],[127.26946,37.21161],[127.26884,37.21221],[127.26125,37.2118],[127.25583,37.2086],[127.25424,37.20937],[127.25334,37.21122],[127.25088,37.21241],[127.25013,37.21242],[127.24922,37.21194],[127.24724,37.21327],[127.24621,37.2144],[127.2452,37.21811],[127.24621,37.21915],[127.24735,37.22114],[127.2468,37.22463],[127.24695,37.22663],[127.25397,37.23595],[127.25282,37.23795],[127.25057,37.23828],[127.24777,37.2382],[127.24665,37.23864],[127.24532,37.24087],[127.24318,37.24304],[127.24287,37.24658],[127.24183,37.24792],[127.23687,37.24978],[127.23405,37.24893],[127.232,37.24937],[127.23391,37.25187],[127.23588,37.25252],[127.23788,37.25408],[127.2376,37.25901],[127.23684,37.26066],[127.24024,37.26117],[127.24325,37.26253],[127.24922,37.26655],[127.252,37.27006],[127.25437,37.27197],[127.25641,37.27286],[127.25883,37.27458],[127.262,37.27783],[127.2663,37.28122],[127.26813,37.28201],[127.27446,37.28658],[127.2778,37.2904],[127.27855,37.28664],[127.27995,37.28551],[127.28176,37.27804],[127.28052,37.27704],[127.27748,37.27592],[127.27573,37.27475],[127.27596,37.2736],[127.28006,37.26963],[127.28118,37.2691],[127.28457,37.26898],[127.28576,37.27011],[127.28742,37.27084],[127.29193,37.27165],[127.29668,37.27049],[127.29831,37.26977],[127.29927,37.26884],[127.30039,37.26618],[127.30125,37.26569],[127.30216,37.26617],[127.30285,37.26738],[127.30254,37.26826],[127.30277,37.26958],[127.30414,37.27093],[127.30556,37.27087],[127.31073,37.27328],[127.31655,37.27382],[127.31929,37.27499],[127.32298,37.27409],[127.32339,37.27359],[127.33089,37.27024],[127.33665,37.27121],[127.3388,37.27054],[127.34094,37.26582]]]}},{"type":"Feature","properties":{"adm_cd2":"4146151000","adm_nm":"경기도 용인시처인구 중앙동","sggnm":"용인시처인구"},"geometry":{"type":"Polygon","coordinates":[[[127.20989,37.23776],[127.20976,37.23713],[127.21002,37.23422],[127.21199,37.23211],[127.21285,37.22968],[127.21168,37.22797],[127.21171,37.22752],[127.21204,37.22682],[127.2131,37.22627],[127.21525,37.22572],[127.21763,37.22616],[127.2192,37.2261],[127.21918,37.21893],[127.22006,37.21609],[127.22111,37.21522],[127.22064,37.21459],[127.2193,37.2149],[127.21164,37.21468],[127.20445,37.21337],[127.20075,37.21351],[127.19572,37.21425],[127.19438,37.21404],[127.19246,37.21314],[127.18507,37.21348],[127.18341,37.21411],[127.17541,37.22218],[127.17441,37.22459],[127.17727,37.22632],[127.18416,37.22646],[127.18792,37.22615],[127.18986,37.22648],[127.19065,37.2271],[127.19099,37.22745],[127.19092,37.23433],[127.19202,37.23546],[127.19823,37.23716],[127.19956,37.23851],[127.20184,37.2428],[127.20224,37.24582],[127.21035,37.24457],[127.21115,37.24398],[127.21108,37.24148],[127.21184,37.24042],[127.20989,37.23776]]]}},{"type":"Feature","properties":{"adm_cd2":"4146152600","adm_nm":"경기도 용인시처인구 삼가동","sggnm":"용인시처인구"},"geometry":{"type":"Polygon","coordinates":[[[127.17604,37.25388],[127.17578,37.25295],[127.17567,37.25189],[127.17618,37.25019],[127.17537,37.24895],[127.17557,37.24808],[127.17461,37.24569],[127.17585,37.24507],[127.17605,37.24445],[127.18106,37.24295],[127.18246,37.24214],[127.18223,37.24115],[127.18037,37.2404],[127.18033,37.23938],[127.17674,37.23543],[127.17613,37.23332],[127.17169,37.22934],[127.1705,37.22726],[127.17016,37.22565],[127.17056,37.22528],[127.17047,37.22479],[127.16886,37.22355],[127.16764,37.22311],[127.16505,37.22298],[127.16119,37.22512],[127.16058,37.226],[127.15897,37.22726],[127.157,37.22795],[127.15621,37.22789],[127.15558,37.22999],[127.15336,37.23303],[127.15025,37.23634],[127.14923,37.24067],[127.14964,37.24188],[127.15059,37.24296],[127.15225,37.24288],[127.15278,37.24312],[127.15812,37.24781],[127.15864,37.24951],[127.15913,37.25343],[127.15954,37.25411],[127.163,37.25465],[127.16605,37.25423],[127.16994,37.25498],[127.1732,37.25745],[127.17512,37.25834],[127.17691,37.25466],[127.17604,37.25388]]]}},{"type":"Feature","properties":{"adm_cd2":"4146153500","adm_nm":"경기도 용인시처인구 유림1동","sggnm":"용인시처인구"},"geometry":{"type":"Polygon","coordinates":[[[127.21743,37.25998],[127.21916,37.25461],[127.21887,37.25295],[127.21406,37.24866],[127.21417,37.2452],[127.21347,37.24361],[127.21213,37.24195],[127.21115,37.2413],[127.21129,37.24346],[127.2111,37.24408],[127.21035,37.24457],[127.20224,37.24582],[127.19973,37.24757],[127.19668,37.25105],[127.19624,37.25329],[127.19646,37.25401],[127.19714,37.25463],[127.19305,37.25579],[127.18719,37.25631],[127.17691,37.25466],[127.17415,37.26015],[127.17289,37.26533],[127.17216,37.26989],[127.17239,37.27066],[127.17904,37.26707],[127.18338,37.26658],[127.18723,37.26759],[127.19068,37.26994],[127.19418,37.26858],[127.19712,37.2661],[127.20097,37.26451],[127.20202,37.26645],[127.20261,37.26887],[127.20504,37.26878],[127.20767,37.26949],[127.2083,37.27023],[127.2096,37.2708],[127.21073,37.27047],[127.21232,37.267],[127.21335,37.26577],[127.21402,37.26543],[127.21743,37.25998]]]}},{"type":"Feature","properties":{"adm_cd2":"4146154000","adm_nm":"경기도 용인시처인구 동부동","sggnm":"용인시처인구"},"geometry":{"type":"Polygon","coordinates":[[[127.24777,37.2382],[127.25057,37.23828],[127.25282,37.23795],[127.25397,37.23595],[127.24695,37.22663],[127.2468,37.22463],[127.24735,37.22114],[127.24621,37.21915],[127.2452,37.21811],[127.24621,37.2144],[127.24724,37.21327],[127.24922,37.21194],[127.25013,37.21242],[127.25088,37.21241],[127.25334,37.21122],[127.25424,37.20937],[127.25583,37.2086],[127.26125,37.2118],[127.26884,37.21221],[127.26946,37.21161],[127.27186,37.2069],[127.27253,37.20531],[127.27278,37.20265],[127.27331,37.20178],[127.27754,37.19868],[127.28357,37.19973],[127.28601,37.19959],[127.28572,37.1982],[127.28634,37.19428],[127.28615,37.18922],[127.28444,37.1837],[127.28367,37.18239],[127.28292,37.18007],[127.28308,37.17948],[127.28476,37.17863],[127.28499,37.17818],[127.28431,37.1736],[127.28017,37.16485],[127.27953,37.16423],[127.27716,37.16528],[127.27558,37.16543],[127.27329,37.16512],[127.27268,37.16659],[127.26932,37.17119],[127.26496,37.17215],[127.26402,37.17202],[127.26234,37.17371],[127.26027,37.17889],[127.25748,37.17968],[127.25289,37.18252],[127.24836,37.18424],[127.24659,37.18979],[127.24333,37.19225],[127.24282,37.19358],[127.24257,37.19635],[127.23738,37.19659],[127.23703,37.19831],[127.23579,37.19889],[127.23208,37.19894],[127.23128,37.1993],[127.23,37.19895],[127.22685,37.19966],[127.2264,37.2004],[127.22477,37.20167],[127.22397,37.20628],[127.22393,37.21004],[127.22288,37.21178],[127.2193,37.2149],[127.22064,37.21459],[127.22111,37.21522],[127.22006,37.21609],[127.21918,37.21893],[127.2192,37.2261],[127.21763,37.22616],[127.21525,37.22572],[127.21204,37.22682],[127.21168,37.22797],[127.21285,37.22968],[127.21199,37.23211],[127.20988,37.23464],[127.20989,37.23776],[127.21184,37.24042],[127.21553,37.23842],[127.21596,37.23668],[127.21641,37.23603],[127.22218,37.23385],[127.2256,37.23417],[127.23035,37.23552],[127.233,37.23846],[127.23373,37.2398],[127.23506,37.24071],[127.24665,37.23864],[127.24777,37.2382]]]}},{"type":"Feature","properties":{"adm_cd2":"4146352000","adm_nm":"경기도 용인시기흥구 구갈동","sggnm":"용인시기흥구"},"geometry":{"type":"Polygon","coordinates":[[[127.13453,37.27667],[127.13415,37.27457],[127.13435,37.27027],[127.13536,37.26923],[127.13409,37.26757],[127.13214,37.26704],[127.13054,37.26468],[127.11782,37.26925],[127.11698,37.26991],[127.11723,37.27124],[127.1166,37.27157],[127.11357,37.27149],[127.11297,37.27187],[127.11087,37.27109],[127.10915,37.27088],[127.11339,37.27512],[127.10953,37.27308],[127.10963,37.27962],[127.11137,37.2829],[127.11341,37.28435],[127.11787,37.28671],[127.11872,37.28705],[127.12185,37.2866],[127.1241,37.28666],[127.12593,37.28722],[127.12693,37.28897],[127.12874,37.28893],[127.13182,37.28687],[127.13209,37.28126],[127.13453,37.27667]]]}},{"type":"Feature","properties":{"adm_cd2":"4146353500","adm_nm":"경기도 용인시기흥구 보라동","sggnm":"용인시기흥구"},"geometry":{"type":"Polygon","coordinates":[[[127.10197,37.26098],[127.10332,37.26128],[127.10416,37.26119],[127.10436,37.25996],[127.10553,37.26042],[127.1057,37.26082],[127.10684,37.261],[127.11208,37.26111],[127.11322,37.26062],[127.11416,37.26129],[127.11513,37.26084],[127.11779,37.26263],[127.11775,37.26346],[127.11906,37.26427],[127.12165,37.26418],[127.12346,37.26367],[127.12538,37.26464],[127.12676,37.26603],[127.13054,37.26468],[127.13194,37.26253],[127.13217,37.2608],[127.13189,37.25926],[127.13291,37.25629],[127.1375,37.25438],[127.13849,37.25319],[127.1394,37.25092],[127.14647,37.24759],[127.15058,37.24411],[127.15066,37.24307],[127.14964,37.24188],[127.14923,37.24067],[127.15014,37.23662],[127.15336,37.23303],[127.15558,37.22999],[127.15621,37.22789],[127.15303,37.22337],[127.15161,37.223],[127.14983,37.22169],[127.13862,37.2228],[127.13744,37.22351],[127.13406,37.22802],[127.13386,37.23174],[127.13068,37.23823],[127.12597,37.24417],[127.12361,37.24655],[127.11917,37.24788],[127.11454,37.24722],[127.11147,37.24644],[127.10708,37.24611],[127.10631,37.24618],[127.10436,37.24737],[127.10206,37.24761],[127.10251,37.25001],[127.10387,37.25103],[127.10525,37.25293],[127.10491,37.25511],[127.09982,37.25886],[127.10197,37.26098]]]}},{"type":"Feature","properties":{"adm_cd2":"4146354000","adm_nm":"경기도 용인시기흥구 기흥동","sggnm":"용인시기흥구"},"geometry":{"type":"Polygon","coordinates":[[[127.1516,37.21854],[127.14847,37.21907],[127.1443,37.21864],[127.14002,37.2175],[127.13676,37.21568],[127.13421,37.21603],[127.12966,37.21746],[127.12672,37.21751],[127.11738,37.21996],[127.11518,37.21915],[127.10433,37.21982],[127.09558,37.21829],[127.08878,37.21644],[127.08891,37.21841],[127.08943,37.21992],[127.09307,37.22253],[127.09474,37.22443],[127.0945,37.22609],[127.09096,37.22678],[127.09072,37.22891],[127.09219,37.23224],[127.09297,37.23312],[127.09333,37.23461],[127.09318,37.23578],[127.09226,37.23725],[127.09199,37.23977],[127.09379,37.24362],[127.09494,37.24371],[127.09887,37.24518],[127.10199,37.24716],[127.10206,37.24761],[127.10436,37.24737],[127.10631,37.24618],[127.10708,37.24611],[127.11147,37.24644],[127.11454,37.24722],[127.11917,37.24788],[127.12361,37.24655],[127.12597,37.24417],[127.13068,37.23823],[127.13386,37.23174],[127.13406,37.22802],[127.13744,37.22351],[127.139,37.22265],[127.14983,37.22169],[127.1516,37.21854]]]}},{"type":"Feature","properties":{"adm_cd2":"4146355000","adm_nm":"경기도 용인시기흥구 서농동","sggnm":"용인시기흥구"},"geometry":{"type":"Polygon","coordinates":[[[127.09199,37.23977],[127.09224,37.23733],[127.09318,37.23578],[127.09329,37.23435],[127.09297,37.23312],[127.09139,37.23075],[127.0907,37.22855],[127.09096,37.22678],[127.0945,37.22609],[127.09474,37.22443],[127.09307,37.22253],[127.08943,37.21992],[127.08891,37.21841],[127.08878,37.21644],[127.08192,37.22015],[127.07558,37.2259],[127.07482,37.22674],[127.07456,37.22813],[127.0726,37.22916],[127.07071,37.22891],[127.06963,37.22929],[127.06877,37.23011],[127.068,37.23468],[127.06802,37.23669],[127.0685,37.23715],[127.06843,37.23765],[127.06805,37.23876],[127.06668,37.24015],[127.06709,37.24037],[127.06688,37.24122],[127.06598,37.24105],[127.06621,37.24388],[127.06828,37.24489],[127.06962,37.24619],[127.07549,37.24742],[127.08004,37.24754],[127.08211,37.2494],[127.08205,37.24762],[127.083,37.2449],[127.08353,37.24445],[127.09132,37.24409],[127.09379,37.24362],[127.09199,37.23977]]]}},{"type":"Feature","properties":{"adm_cd2":"4146356000","adm_nm":"경기도 용인시기흥구 구성동","sggnm":"용인시기흥구"},"geometry":{"type":"Polygon","coordinates":[[[127.16694,37.30071],[127.16339,37.29502],[127.16128,37.2926],[127.16049,37.29226],[127.15645,37.29197],[127.1547,37.29111],[127.1533,37.29124],[127.15177,37.29077],[127.15033,37.29077],[127.14833,37.28992],[127.14727,37.28837],[127.14007,37.28639],[127.13678,37.28424],[127.13676,37.2823],[127.13609,37.28122],[127.13411,37.28096],[127.13209,37.28126],[127.13182,37.28687],[127.12874,37.28893],[127.12775,37.28911],[127.12146,37.28828],[127.11996,37.28846],[127.11932,37.28887],[127.11896,37.29018],[127.11794,37.29067],[127.11328,37.29096],[127.11317,37.29204],[127.11356,37.2928],[127.11395,37.29266],[127.11743,37.29558],[127.11847,37.29735],[127.11864,37.29853],[127.12056,37.29969],[127.12367,37.299],[127.1321,37.30253],[127.14377,37.30267],[127.14839,37.30555],[127.14875,37.3061],[127.15076,37.30602],[127.15625,37.30461],[127.16299,37.30419],[127.16544,37.30304],[127.16555,37.30226],[127.16724,37.30169],[127.16694,37.30071]]]}},{"type":"Feature","properties":{"adm_cd2":"4146357000","adm_nm":"경기도 용인시기흥구 마북동","sggnm":"용인시기흥구"},"geometry":{"type":"Polygon","coordinates":[[[127.13724,37.32064],[127.14283,37.31733],[127.14322,37.31644],[127.14279,37.31514],[127.14329,37.31307],[127.14392,37.31242],[127.14496,37.31212],[127.14701,37.30945],[127.1486,37.30658],[127.14875,37.3061],[127.14839,37.30555],[127.14377,37.30267],[127.1321,37.30253],[127.12367,37.299],[127.12056,37.29969],[127.11864,37.29853],[127.11847,37.29735],[127.11743,37.29558],[127.11395,37.29266],[127.11356,37.2928],[127.11317,37.29204],[127.11328,37.29096],[127.10851,37.29019],[127.10815,37.2907],[127.10812,37.29158],[127.10744,37.29259],[127.10386,37.29309],[127.10378,37.29551],[127.10505,37.29535],[127.105,37.30145],[127.10327,37.30219],[127.10327,37.30407],[127.10585,37.30407],[127.10904,37.303],[127.11662,37.30243],[127.11795,37.30373],[127.12196,37.3058],[127.12362,37.30606],[127.1262,37.30779],[127.12551,37.30949],[127.12462,37.31071],[127.12427,37.31352],[127.12585,37.31523],[127.12709,37.31539],[127.1304,37.31792],[127.13463,37.31984],[127.13395,37.32157],[127.13259,37.32237],[127.13566,37.32451],[127.1366,37.3247],[127.13725,37.32439],[127.13724,37.32064]]]}},{"type":"Feature","properties":{"adm_cd2":"4146357700","adm_nm":"경기도 용인시기흥구 동백3동","sggnm":"용인시기흥구"},"geometry":{"type":"Polygon","coordinates":[[[127.15226,37.27984],[127.15091,37.27818],[127.14809,37.27596],[127.14802,37.2755],[127.14979,37.27156],[127.1521,37.26809],[127.15059,37.26603],[127.14865,37.26466],[127.1477,37.26678],[127.14771,37.26943],[127.14808,37.27118],[127.14452,37.27115],[127.14471,37.2751],[127.14248,37.28165],[127.14033,37.28512],[127.13818,37.28537],[127.14007,37.28639],[127.14727,37.28837],[127.14833,37.28992],[127.14961,37.29032],[127.15226,37.27984]]]}},{"type":"Feature","properties":{"adm_cd2":"4146359000","adm_nm":"경기도 용인시기흥구 보정동","sggnm":"용인시기흥구"},"geometry":{"type":"Polygon","coordinates":[[[127.12427,37.31352],[127.12462,37.31071],[127.12551,37.30949],[127.1262,37.30779],[127.12362,37.30606],[127.12196,37.3058],[127.11795,37.30373],[127.11662,37.30243],[127.10904,37.303],[127.10585,37.30407],[127.10327,37.30407],[127.10327,37.30219],[127.105,37.30145],[127.10505,37.29535],[127.10378,37.29551],[127.10386,37.29309],[127.10146,37.29313],[127.10018,37.29215],[127.09866,37.29159],[127.09475,37.29279],[127.09413,37.2934],[127.08831,37.29317],[127.09058,37.29714],[127.08988,37.29841],[127.09303,37.30141],[127.09329,37.30719],[127.09296,37.30796],[127.09149,37.30912],[127.09154,37.30947],[127.09229,37.30994],[127.09288,37.31153],[127.0944,37.31238],[127.09393,37.31314],[127.09983,37.31314],[127.10035,37.31896],[127.09728,37.3202],[127.09763,37.32095],[127.09874,37.32186],[127.1022,37.3224],[127.10457,37.32364],[127.1108,37.32423],[127.11171,37.32397],[127.11304,37.32229],[127.1131,37.3209],[127.12453,37.32128],[127.1266,37.31933],[127.12708,37.31842],[127.12585,37.31523],[127.12427,37.31352]]]}},{"type":"Feature","properties":{"adm_cd2":"4146358600","adm_nm":"경기도 용인시기흥구 상하동","sggnm":"용인시기흥구"},"geometry":{"type":"Polygon","coordinates":[[[127.15864,37.24951],[127.15812,37.24781],[127.15278,37.24312],[127.15075,37.24294],[127.15058,37.24411],[127.14647,37.24759],[127.1394,37.25092],[127.13849,37.25319],[127.1375,37.25438],[127.13291,37.25629],[127.13189,37.25926],[127.13217,37.2608],[127.13194,37.26253],[127.13054,37.26472],[127.13214,37.26704],[127.13409,37.26757],[127.13536,37.26923],[127.13435,37.27027],[127.13415,37.27457],[127.13453,37.27667],[127.13209,37.28126],[127.13411,37.28096],[127.13609,37.28122],[127.13676,37.2823],[127.13678,37.28424],[127.13818,37.28537],[127.14033,37.28512],[127.14248,37.28165],[127.14471,37.2751],[127.14452,37.27115],[127.14808,37.27118],[127.14771,37.26943],[127.1477,37.26678],[127.14865,37.26466],[127.15155,37.26146],[127.15636,37.25695],[127.15707,37.2537],[127.15913,37.25343],[127.15864,37.24951]]]}},{"type":"Feature","properties":{"adm_cd2":"4146351000","adm_nm":"경기도 용인시기흥구 신갈동","sggnm":"용인시기흥구"},"geometry":{"type":"Polygon","coordinates":[[[127.10744,37.29259],[127.10812,37.29158],[127.10815,37.2907],[127.10851,37.29019],[127.11281,37.29098],[127.11568,37.29087],[127.11787,37.29069],[127.11886,37.29026],[127.11932,37.28887],[127.11978,37.28849],[127.12146,37.28828],[127.12693,37.28897],[127.12593,37.28722],[127.1241,37.28666],[127.12185,37.2866],[127.11872,37.28705],[127.11341,37.28435],[127.11137,37.2829],[127.10963,37.27962],[127.10953,37.27308],[127.11339,37.27512],[127.11327,37.27477],[127.10915,37.27088],[127.10376,37.26954],[127.10153,37.26836],[127.09981,37.27007],[127.09912,37.2725],[127.09572,37.2741],[127.0938,37.27697],[127.09146,37.27788],[127.0901,37.27914],[127.08778,37.28304],[127.09137,37.28445],[127.09346,37.28413],[127.09473,37.28356],[127.09498,37.28284],[127.09598,37.28328],[127.09595,37.28404],[127.09355,37.28644],[127.08863,37.28687],[127.08894,37.28714],[127.08877,37.28811],[127.08797,37.28988],[127.08792,37.2907],[127.08831,37.29317],[127.09413,37.2934],[127.09475,37.29279],[127.09866,37.29159],[127.10018,37.29215],[127.10146,37.29313],[127.10744,37.29259]]]}},{"type":"Feature","properties":{"adm_cd2":"4146351700","adm_nm":"경기도 용인시기흥구 영덕2동","sggnm":"용인시기흥구"},"geometry":{"type":"Polygon","coordinates":[[[127.08718,37.27124],[127.0899,37.27138],[127.09933,37.26973],[127.09981,37.27007],[127.10153,37.26836],[127.1004,37.26481],[127.09823,37.26003],[127.10491,37.25511],[127.10525,37.25293],[127.10387,37.25103],[127.10251,37.25001],[127.10199,37.24716],[127.09887,37.24518],[127.09494,37.24371],[127.09379,37.24362],[127.09132,37.24409],[127.08353,37.24445],[127.083,37.2449],[127.08205,37.24762],[127.08211,37.2494],[127.08249,37.25009],[127.08193,37.25086],[127.08258,37.25161],[127.08182,37.25268],[127.08244,37.25445],[127.08336,37.25474],[127.0847,37.25661],[127.08378,37.25847],[127.08105,37.2585],[127.08105,37.25997],[127.08122,37.26059],[127.08284,37.26215],[127.08415,37.26245],[127.0862,37.26477],[127.08553,37.27051],[127.08718,37.27124]]]}},{"type":"Feature","properties":{"adm_cd2":"4146551000","adm_nm":"경기도 용인시수지구 풍덕천1동","sggnm":"용인시수지구"},"geometry":{"type":"Polygon","coordinates":[[[127.10298,37.32423],[127.10457,37.32364],[127.1022,37.3224],[127.09874,37.32186],[127.09763,37.32095],[127.09508,37.32367],[127.08966,37.32487],[127.08786,37.32478],[127.08556,37.32585],[127.0842,37.32729],[127.08364,37.32876],[127.08398,37.33064],[127.08503,37.331],[127.0849,37.33136],[127.0814,37.33276],[127.0824,37.33336],[127.08534,37.33298],[127.08938,37.33152],[127.08966,37.33032],[127.09273,37.32953],[127.09367,37.33374],[127.0952,37.33319],[127.10278,37.33319],[127.10298,37.32423]]]}},{"type":"Feature","properties":{"adm_cd2":"4146552000","adm_nm":"경기도 용인시수지구 풍덕천2동","sggnm":"용인시수지구"},"geometry":{"type":"Polygon","coordinates":[[[127.09728,37.3202],[127.10035,37.31896],[127.09983,37.31314],[127.09393,37.31314],[127.09305,37.31431],[127.09203,37.31484],[127.09013,37.31449],[127.08749,37.31462],[127.08693,37.31384],[127.0847,37.31407],[127.08264,37.31368],[127.08112,37.31413],[127.08122,37.31499],[127.08537,37.32166],[127.08328,37.32581],[127.08233,37.32606],[127.08071,37.32742],[127.08019,37.33175],[127.0814,37.33276],[127.0849,37.33136],[127.08503,37.331],[127.08398,37.33064],[127.08364,37.32876],[127.0842,37.32729],[127.08556,37.32585],[127.08786,37.32478],[127.08966,37.32487],[127.09508,37.32367],[127.09763,37.32095],[127.09728,37.3202]]]}},{"type":"Feature","properties":{"adm_cd2":"4146553000","adm_nm":"경기도 용인시수지구 신봉동","sggnm":"용인시수지구"},"geometry":{"type":"Polygon","coordinates":[[[127.08071,37.32742],[127.08233,37.32606],[127.08328,37.32581],[127.08537,37.32166],[127.08303,37.31793],[127.07894,37.31979],[127.07427,37.32086],[127.07328,37.3217],[127.06916,37.32318],[127.06299,37.32443],[127.05845,37.32662],[127.0586,37.32796],[127.05821,37.3281],[127.04388,37.32847],[127.04061,37.32913],[127.03827,37.3285],[127.03763,37.32865],[127.03595,37.331],[127.03602,37.33239],[127.03514,37.33392],[127.0316,37.33683],[127.0315,37.33891],[127.03207,37.34238],[127.03344,37.34471],[127.03596,37.34469],[127.03725,37.34368],[127.0377,37.3428],[127.04082,37.3415],[127.04256,37.34167],[127.04433,37.34233],[127.05104,37.34183],[127.05267,37.34218],[127.0582,37.34117],[127.06659,37.3377],[127.06822,37.33639],[127.06895,37.33525],[127.08019,37.33175],[127.08071,37.32742]]]}},{"type":"Feature","properties":{"adm_cd2":"4146555500","adm_nm":"경기도 용인시수지구 죽전3동","sggnm":"용인시수지구"},"geometry":{"type":"Polygon","coordinates":[[[127.11249,37.3272],[127.11589,37.32916],[127.12105,37.33029],[127.12828,37.32945],[127.12913,37.32877],[127.12937,37.32759],[127.13151,37.32698],[127.13756,37.3283],[127.13861,37.32824],[127.14132,37.32908],[127.14246,37.32577],[127.14094,37.32508],[127.14024,37.32422],[127.13969,37.3242],[127.13865,37.32493],[127.13756,37.32431],[127.1366,37.3247],[127.13561,37.32448],[127.13259,37.32237],[127.13395,37.32157],[127.13463,37.31984],[127.1304,37.31792],[127.12709,37.31539],[127.12585,37.31523],[127.12708,37.31842],[127.1266,37.31933],[127.12456,37.32127],[127.1131,37.3209],[127.11304,37.32229],[127.11171,37.32397],[127.1108,37.32423],[127.11164,37.32515],[127.11121,37.32683],[127.11249,37.3272]]]}},{"type":"Feature","properties":{"adm_cd2":"4146555000","adm_nm":"경기도 용인시수지구 죽전2동","sggnm":"용인시수지구"},"geometry":{"type":"Polygon","coordinates":[[[127.11334,37.33182],[127.11123,37.32807],[127.11112,37.32705],[127.11163,37.3254],[127.11143,37.32466],[127.1108,37.32423],[127.10457,37.32364],[127.10298,37.32423],[127.1027,37.33996],[127.10397,37.33861],[127.10896,37.33601],[127.11031,37.33464],[127.11275,37.33569],[127.11334,37.33182]]]}},{"type":"Feature","properties":{"adm_cd2":"4146556000","adm_nm":"경기도 용인시수지구 동천동","sggnm":"용인시수지구"},"geometry":{"type":"Polygon","coordinates":[[[127.07521,37.35143],[127.07762,37.34908],[127.08004,37.34993],[127.08267,37.35174],[127.08464,37.35202],[127.08699,37.35096],[127.08731,37.34961],[127.08817,37.34882],[127.09246,37.34713],[127.09699,37.34322],[127.09814,37.34299],[127.10116,37.34311],[127.10225,37.34241],[127.1027,37.33996],[127.10278,37.33319],[127.0952,37.33319],[127.09367,37.33374],[127.09273,37.32953],[127.08966,37.33032],[127.08938,37.33152],[127.08534,37.33298],[127.0824,37.33336],[127.08019,37.33175],[127.06895,37.33525],[127.06822,37.33639],[127.06659,37.3377],[127.0582,37.34117],[127.05267,37.34218],[127.05104,37.34183],[127.04433,37.34233],[127.04256,37.34167],[127.04037,37.34157],[127.0377,37.3428],[127.03725,37.34368],[127.03596,37.34469],[127.03344,37.34471],[127.02878,37.34758],[127.02631,37.34862],[127.02508,37.34854],[127.01881,37.35156],[127.01687,37.35375],[127.01609,37.35693],[127.01637,37.35775],[127.01825,37.36035],[127.02148,37.36253],[127.0229,37.36295],[127.0237,37.36373],[127.02559,37.36771],[127.02726,37.36914],[127.02794,37.37214],[127.03016,37.37204],[127.04609,37.36841],[127.04714,37.36666],[127.05288,37.3636],[127.05317,37.3628],[127.05282,37.36202],[127.05295,37.36113],[127.05414,37.36015],[127.05541,37.35998],[127.05771,37.36075],[127.06075,37.36077],[127.06745,37.35913],[127.07052,37.35789],[127.0725,37.3564],[127.07365,37.35513],[127.07521,37.35143]]]}},{"type":"Feature","properties":{"adm_cd2":"4146558500","adm_nm":"경기도 용인시수지구 상현3동","sggnm":"용인시수지구"},"geometry":{"type":"Polygon","coordinates":[[[127.07275,37.3095],[127.07217,37.30903],[127.07233,37.30843],[127.07195,37.30782],[127.07115,37.30776],[127.07205,37.30687],[127.07284,37.30506],[127.07352,37.30429],[127.07441,37.30388],[127.07411,37.30325],[127.07428,37.30307],[127.07676,37.30441],[127.07957,37.3018],[127.07982,37.30199],[127.08074,37.30111],[127.08157,37.30161],[127.08186,37.30127],[127.08065,37.29991],[127.07979,37.29745],[127.0798,37.29535],[127.07934,37.29327],[127.06059,37.29658],[127.06009,37.29946],[127.06089,37.30139],[127.06096,37.30375],[127.06055,37.30429],[127.0589,37.30445],[127.05818,37.3049],[127.06062,37.31094],[127.06888,37.31074],[127.07217,37.31033],[127.07275,37.3095]]]}},{"type":"Feature","properties":{"adm_cd2":"4146558000","adm_nm":"경기도 용인시수지구 상현2동","sggnm":"용인시수지구"},"geometry":{"type":"Polygon","coordinates":[[[127.0944,37.31238],[127.09288,37.31153],[127.09229,37.30994],[127.09147,37.30928],[127.09296,37.30796],[127.09329,37.30719],[127.09303,37.30141],[127.08927,37.29764],[127.08559,37.29813],[127.08251,37.29698],[127.08054,37.29546],[127.0798,37.29535],[127.07979,37.29745],[127.08065,37.29991],[127.08277,37.3019],[127.08307,37.30378],[127.08294,37.30538],[127.08397,37.3061],[127.08485,37.30928],[127.08318,37.31064],[127.08749,37.31462],[127.09013,37.31449],[127.09203,37.31484],[127.09305,37.31431],[127.0944,37.31238]]]}},{"type":"Feature","properties":{"adm_cd2":"4146559000","adm_nm":"경기도 용인시수지구 성복동","sggnm":"용인시수지구"},"geometry":{"type":"Polygon","coordinates":[[[127.08122,37.31499],[127.08112,37.31413],[127.08264,37.31368],[127.0847,37.31407],[127.08693,37.31384],[127.08318,37.31064],[127.08177,37.31001],[127.08078,37.31083],[127.07954,37.31028],[127.0783,37.31024],[127.07684,37.31181],[127.07614,37.31161],[127.07484,37.31058],[127.07179,37.31029],[127.06888,37.31074],[127.06062,37.31094],[127.05811,37.31337],[127.05765,37.31441],[127.0577,37.31555],[127.05395,37.31609],[127.04945,37.3158],[127.04593,37.31726],[127.04067,37.32003],[127.03792,37.32495],[127.03726,37.32637],[127.03718,37.32728],[127.03827,37.3285],[127.04016,37.32914],[127.04388,37.32847],[127.05821,37.3281],[127.0586,37.32796],[127.05845,37.32662],[127.06299,37.32443],[127.06916,37.32318],[127.07328,37.3217],[127.07427,37.32086],[127.07894,37.31979],[127.08303,37.31793],[127.08122,37.31499]]]}},{"type":"Feature","properties":{"adm_cd2":"4148025000","adm_nm":"경기도 파주시 문산읍","sggnm":"파주시"},"geometry":{"type":"Polygon","coordinates":[[[126.8,37.88679],[126.79985,37.88611],[126.79772,37.88508],[126.79693,37.8842],[126.797,37.88281],[126.79831,37.88087],[126.80019,37.87988],[126.80206,37.87952],[126.8032,37.88021],[126.80542,37.87832],[126.81132,37.87778],[126.81208,37.87606],[126.81131,37.87489],[126.81112,37.87218],[126.81381,37.87198],[126.81652,37.8725],[126.82125,37.87409],[126.82353,37.87565],[126.82662,37.87889],[126.82699,37.88008],[126.82678,37.88159],[126.8274,37.88216],[126.8362,37.88346],[126.84003,37.88472],[126.84099,37.88475],[126.84161,37.88434],[126.84246,37.88169],[126.84542,37.87972],[126.84605,37.87911],[126.84677,37.87757],[126.84951,37.87669],[126.84849,37.87557],[126.8488,37.8737],[126.84841,37.87152],[126.84421,37.8668],[126.83699,37.85995],[126.83638,37.85969],[126.83374,37.85989],[126.83164,37.85854],[126.83121,37.85737],[126.83119,37.8557],[126.83009,37.85339],[126.82878,37.85329],[126.8263,37.8552],[126.8217,37.8597],[126.81113,37.85766],[126.808,37.85418],[126.80128,37.85673],[126.79913,37.85446],[126.79737,37.85404],[126.79257,37.85417],[126.79029,37.85291],[126.7899,37.85197],[126.78942,37.85161],[126.78682,37.85077],[126.7851,37.85125],[126.78258,37.84979],[126.78671,37.84398],[126.78502,37.84174],[126.78297,37.83746],[126.77409,37.83647],[126.77059,37.83387],[126.76603,37.83176],[126.76453,37.83192],[126.76078,37.83329],[126.76012,37.83191],[126.76066,37.82986],[126.76036,37.82886],[126.75959,37.82846],[126.75728,37.82862],[126.75355,37.831],[126.74771,37.83648],[126.74614,37.83852],[126.74579,37.841],[126.74666,37.8422],[126.74639,37.84308],[126.74239,37.84789],[126.7438,37.84832],[126.75028,37.848],[126.75539,37.85008],[126.75778,37.85205],[126.75806,37.85539],[126.75767,37.85649],[126.75207,37.86281],[126.74109,37.87786],[126.73579,37.88235],[126.73332,37.88582],[126.73302,37.88682],[126.7331,37.88846],[126.73427,37.89297],[126.73644,37.89541],[126.74069,37.90121],[126.74372,37.90396],[126.74739,37.90557],[126.76485,37.90861],[126.76942,37.91024],[126.77767,37.91485],[126.78443,37.9167],[126.78846,37.91706],[126.79166,37.91435],[126.79196,37.90819],[126.79165,37.90364],[126.79294,37.89972],[126.79523,37.89542],[126.79866,37.89282],[126.8,37.88679]]]}},{"type":"Feature","properties":{"adm_cd2":"4148025300","adm_nm":"경기도 파주시 파주읍","sggnm":"파주시"},"geometry":{"type":"Polygon","coordinates":[[[126.83503,37.8507],[126.83629,37.84935],[126.83745,37.84692],[126.84091,37.84575],[126.84267,37.84623],[126.84777,37.84632],[126.84938,37.84079],[126.84702,37.83871],[126.84674,37.83688],[126.855,37.82321],[126.85615,37.82188],[126.85873,37.82132],[126.85951,37.82014],[126.85902,37.81926],[126.85348,37.81808],[126.84474,37.8168],[126.83742,37.81063],[126.8362,37.80565],[126.83553,37.80423],[126.83319,37.80291],[126.83114,37.80291],[126.8303,37.80262],[126.82753,37.80062],[126.82346,37.80006],[126.81314,37.80108],[126.81084,37.80097],[126.80322,37.79825],[126.80087,37.79828],[126.79914,37.79852],[126.79539,37.80054],[126.78893,37.80226],[126.78755,37.80395],[126.78475,37.81252],[126.78411,37.8161],[126.78352,37.82351],[126.78512,37.8256],[126.78651,37.82853],[126.78607,37.83038],[126.78338,37.83423],[126.78395,37.83609],[126.78297,37.83746],[126.78502,37.84174],[126.78671,37.84398],[126.78258,37.84979],[126.7851,37.85125],[126.78682,37.85077],[126.78942,37.85161],[126.7899,37.85197],[126.79029,37.85291],[126.79257,37.85417],[126.79737,37.85404],[126.79913,37.85446],[126.80128,37.85673],[126.808,37.85418],[126.81113,37.85766],[126.8217,37.8597],[126.8263,37.8552],[126.82878,37.85329],[126.83009,37.85339],[126.83503,37.8507]]]}},{"type":"Feature","properties":{"adm_cd2":"4148025600","adm_nm":"경기도 파주시 법원읍","sggnm":"파주시"},"geometry":{"type":"Polygon","coordinates":[[[126.94808,37.88465],[126.94649,37.88047],[126.9471,37.87947],[126.94567,37.87547],[126.94426,37.87363],[126.94493,37.87033],[126.94612,37.86829],[126.94634,37.86699],[126.94508,37.86468],[126.94283,37.86255],[126.93977,37.85699],[126.9385,37.85406],[126.93887,37.8525],[126.93711,37.85045],[126.93562,37.84939],[126.93451,37.84624],[126.93649,37.84079],[126.93298,37.83857],[126.92728,37.83805],[126.92644,37.83857],[126.92533,37.84159],[126.91933,37.84163],[126.91393,37.84107],[126.91238,37.84024],[126.91193,37.83846],[126.913,37.83603],[126.91136,37.82864],[126.90919,37.82854],[126.90299,37.82639],[126.90231,37.82472],[126.89964,37.82615],[126.89361,37.82653],[126.8907,37.82605],[126.88905,37.82644],[126.88582,37.82657],[126.88665,37.82374],[126.87876,37.81525],[126.87404,37.81712],[126.87339,37.81603],[126.86719,37.81672],[126.86592,37.81759],[126.86406,37.81802],[126.8611,37.81745],[126.85873,37.82132],[126.85615,37.82188],[126.855,37.82321],[126.84674,37.83688],[126.84702,37.83871],[126.84938,37.84079],[126.84777,37.84632],[126.84267,37.84623],[126.84091,37.84575],[126.83745,37.84692],[126.83629,37.84935],[126.83503,37.8507],[126.83009,37.85339],[126.83119,37.8557],[126.83121,37.85737],[126.83164,37.85854],[126.83374,37.85989],[126.83638,37.85969],[126.83699,37.85995],[126.84421,37.8668],[126.84841,37.87152],[126.8488,37.8737],[126.84849,37.87557],[126.84954,37.87672],[126.85202,37.87702],[126.85418,37.87552],[126.85564,37.87552],[126.85672,37.87607],[126.85697,37.87738],[126.85786,37.87849],[126.86046,37.8793],[126.86459,37.8847],[126.8696,37.88773],[126.86894,37.89406],[126.86557,37.90032],[126.86742,37.90203],[126.86989,37.90345],[126.87377,37.90647],[126.87873,37.91117],[126.88081,37.91253],[126.87986,37.91509],[126.88099,37.91897],[126.88754,37.91938],[126.89123,37.92302],[126.89434,37.92503],[126.89765,37.9267],[126.90076,37.9271],[126.90316,37.92424],[126.90355,37.92317],[126.90554,37.92134],[126.90722,37.92079],[126.90737,37.91777],[126.9096,37.91225],[126.9102,37.91153],[126.91185,37.91072],[126.91527,37.91068],[126.91723,37.90748],[126.92545,37.9016],[126.92924,37.89972],[126.9324,37.89889],[126.93425,37.8991],[126.93623,37.89882],[126.9401,37.8931],[126.94253,37.89177],[126.946,37.88846],[126.94808,37.88465]]]}},{"type":"Feature","properties":{"adm_cd2":"4148026200","adm_nm":"경기도 파주시 조리읍","sggnm":"파주시"},"geometry":{"type":"Polygon","coordinates":[[[126.8336,37.7809],[126.8374,37.78186],[126.83931,37.78149],[126.84043,37.78043],[126.84122,37.77676],[126.84255,37.77301],[126.84614,37.76907],[126.84612,37.76735],[126.84533,37.76568],[126.84577,37.76378],[126.84809,37.76358],[126.84943,37.76396],[126.85052,37.76331],[126.85127,37.76037],[126.85119,37.75819],[126.8524,37.75569],[126.85434,37.75347],[126.8578,37.74611],[126.85872,37.74025],[126.85656,37.73572],[126.85647,37.73457],[126.8544,37.73366],[126.85109,37.73417],[126.84804,37.73369],[126.84125,37.7315],[126.83939,37.72863],[126.83708,37.72757],[126.83623,37.72748],[126.83563,37.72807],[126.83413,37.7269],[126.83282,37.72762],[126.83175,37.72881],[126.82831,37.72746],[126.82608,37.727],[126.82541,37.72715],[126.82386,37.72883],[126.82303,37.72881],[126.81632,37.72492],[126.81485,37.72364],[126.81399,37.72348],[126.8069,37.72697],[126.80283,37.73038],[126.80134,37.7303],[126.80099,37.73075],[126.80102,37.73455],[126.80076,37.73528],[126.79817,37.73716],[126.79539,37.73621],[126.79357,37.73497],[126.79438,37.73429],[126.79395,37.73347],[126.78778,37.73314],[126.78346,37.73421],[126.78004,37.73723],[126.77985,37.7395],[126.78043,37.74054],[126.78024,37.74112],[126.77936,37.74182],[126.77616,37.74309],[126.7757,37.7443],[126.77574,37.74618],[126.78382,37.74754],[126.79254,37.74618],[126.79472,37.74686],[126.7957,37.74787],[126.79735,37.74882],[126.79939,37.74914],[126.79491,37.75477],[126.79577,37.75693],[126.79626,37.75759],[126.79737,37.75801],[126.8015,37.75811],[126.80268,37.76084],[126.81158,37.77021],[126.81236,37.77644],[126.81639,37.78061],[126.81748,37.78172],[126.81804,37.78169],[126.82181,37.77743],[126.82247,37.77712],[126.82572,37.78104],[126.82628,37.78114],[126.82945,37.78011],[126.83039,37.78107],[126.8336,37.7809]]]}},{"type":"Feature","properties":{"adm_cd2":"4148031000","adm_nm":"경기도 파주시 월롱면","sggnm":"파주시"},"geometry":{"type":"Polygon","coordinates":[[[126.83602,37.80198],[126.8388,37.7994],[126.83654,37.79824],[126.8345,37.79314],[126.83254,37.79094],[126.83052,37.78595],[126.83237,37.78371],[126.83287,37.78175],[126.83039,37.78107],[126.82945,37.78011],[126.82628,37.78114],[126.82572,37.78104],[126.82247,37.77712],[126.82181,37.77743],[126.81772,37.78186],[126.81236,37.77644],[126.81158,37.77021],[126.80401,37.76205],[126.79663,37.76292],[126.7943,37.76538],[126.79418,37.76609],[126.79223,37.76888],[126.78977,37.77042],[126.78768,37.77082],[126.78716,37.77133],[126.78483,37.77187],[126.7832,37.77186],[126.78247,37.77258],[126.78188,37.7762],[126.781,37.77781],[126.78013,37.77848],[126.77696,37.77879],[126.77388,37.78006],[126.7691,37.78349],[126.76517,37.78573],[126.76277,37.79126],[126.76202,37.79163],[126.76149,37.79252],[126.76287,37.79839],[126.76129,37.79947],[126.76074,37.8006],[126.75904,37.80195],[126.75775,37.80394],[126.75765,37.80456],[126.75926,37.80849],[126.75923,37.81001],[126.75255,37.81339],[126.75241,37.81556],[126.7532,37.81638],[126.75344,37.81724],[126.75178,37.82184],[126.75375,37.82488],[126.75672,37.82593],[126.76036,37.82886],[126.76066,37.82986],[126.76012,37.83191],[126.76078,37.83329],[126.76453,37.83192],[126.76603,37.83176],[126.77059,37.83387],[126.77409,37.83647],[126.78297,37.83746],[126.78395,37.83609],[126.78338,37.83423],[126.78607,37.83038],[126.78651,37.82853],[126.78512,37.8256],[126.78352,37.82351],[126.78411,37.8161],[126.78475,37.81252],[126.78637,37.80708],[126.78755,37.80395],[126.78893,37.80226],[126.79539,37.80054],[126.79914,37.79852],[126.80322,37.79825],[126.81084,37.80097],[126.81314,37.80108],[126.82346,37.80006],[126.82753,37.80062],[126.8303,37.80262],[126.83114,37.80291],[126.83319,37.80291],[126.83602,37.80198]]]}},{"type":"Feature","properties":{"adm_cd2":"4148032000","adm_nm":"경기도 파주시 탄현면","sggnm":"파주시"},"geometry":{"type":"Polygon","coordinates":[[[126.75672,37.82593],[126.75375,37.82488],[126.75178,37.82184],[126.75344,37.81724],[126.7532,37.81638],[126.75241,37.81556],[126.75255,37.81339],[126.75923,37.81001],[126.75926,37.80849],[126.75765,37.80456],[126.75904,37.80195],[126.75458,37.79852],[126.75335,37.79692],[126.75177,37.79589],[126.75136,37.79614],[126.75108,37.80037],[126.74792,37.80065],[126.74403,37.79934],[126.73686,37.79815],[126.73316,37.79825],[126.7278,37.79936],[126.72697,37.79926],[126.72301,37.79235],[126.7218,37.78836],[126.72183,37.78713],[126.7227,37.78378],[126.72091,37.78169],[126.72081,37.78039],[126.72167,37.77985],[126.72379,37.77963],[126.72513,37.7775],[126.7241,37.77083],[126.73141,37.76084],[126.73349,37.75822],[126.7346,37.75756],[126.7329,37.7556],[126.73178,37.75495],[126.73004,37.75484],[126.72822,37.75533],[126.72485,37.75751],[126.72414,37.75752],[126.72328,37.75728],[126.72241,37.75637],[126.7213,37.75443],[126.71645,37.75299],[126.71115,37.75288],[126.71132,37.75768],[126.71189,37.75856],[126.71108,37.76003],[126.70975,37.76087],[126.70686,37.76023],[126.70436,37.75848],[126.70337,37.75865],[126.70196,37.76125],[126.70032,37.76169],[126.69782,37.76053],[126.69609,37.75752],[126.69453,37.757],[126.69004,37.7575],[126.67617,37.755],[126.67365,37.76427],[126.67289,37.76938],[126.66993,37.77772],[126.66638,37.78595],[126.66328,37.78743],[126.66216,37.79015],[126.66506,37.79864],[126.66554,37.80217],[126.66605,37.81207],[126.67164,37.82661],[126.67396,37.83105],[126.67176,37.83287],[126.69239,37.84124],[126.70406,37.84425],[126.70779,37.84492],[126.71091,37.84453],[126.71466,37.8432],[126.72488,37.84358],[126.72964,37.84413],[126.73414,37.84513],[126.74239,37.84789],[126.74639,37.84308],[126.74666,37.8422],[126.74579,37.841],[126.74583,37.83973],[126.74614,37.83852],[126.74771,37.83648],[126.75355,37.831],[126.75728,37.82862],[126.75959,37.82846],[126.75672,37.82593]]]}},{"type":"Feature","properties":{"adm_cd2":"4148035000","adm_nm":"경기도 파주시 광탄면","sggnm":"파주시"},"geometry":{"type":"Polygon","coordinates":[[[126.90288,37.82355],[126.90562,37.82005],[126.91022,37.81648],[126.91013,37.81462],[126.90872,37.81201],[126.90879,37.81051],[126.91164,37.80824],[126.91191,37.80615],[126.90988,37.80465],[126.90672,37.80359],[126.90555,37.8021],[126.9053,37.79664],[126.90389,37.79095],[126.90649,37.79097],[126.91204,37.79208],[126.9146,37.79168],[126.91952,37.79039],[126.92128,37.78821],[126.92721,37.78508],[126.9321,37.78878],[126.93812,37.78694],[126.93679,37.78425],[126.93517,37.78275],[126.93338,37.77994],[126.93457,37.77705],[126.93629,37.77421],[126.9328,37.77069],[126.93391,37.76758],[126.9309,37.76307],[126.92869,37.75759],[126.93165,37.75536],[126.932,37.75392],[126.93155,37.75187],[126.92971,37.74853],[126.92893,37.74918],[126.92781,37.74928],[126.92636,37.74879],[126.92555,37.74807],[126.92183,37.74703],[126.91962,37.7472],[126.91558,37.74812],[126.90879,37.74696],[126.90818,37.74542],[126.9089,37.74485],[126.90569,37.74256],[126.90358,37.7416],[126.90088,37.73713],[126.90118,37.73527],[126.90189,37.73429],[126.90216,37.72843],[126.90147,37.72776],[126.89927,37.72676],[126.89469,37.72677],[126.89172,37.7253],[126.88873,37.7228],[126.88819,37.72082],[126.88692,37.71888],[126.88466,37.7182],[126.8836,37.71939],[126.8827,37.71931],[126.88327,37.71981],[126.88099,37.72616],[126.87713,37.72622],[126.87602,37.7255],[126.87343,37.72614],[126.87149,37.7293],[126.86765,37.72959],[126.86495,37.73254],[126.86094,37.73268],[126.85893,37.7334],[126.85891,37.73407],[126.85656,37.73572],[126.85872,37.74025],[126.8578,37.74611],[126.85434,37.75347],[126.8524,37.75569],[126.85119,37.75819],[126.85127,37.76037],[126.85052,37.76331],[126.84943,37.76396],[126.84809,37.76358],[126.84577,37.76378],[126.84533,37.76568],[126.84612,37.76735],[126.84614,37.76907],[126.84255,37.77301],[126.84122,37.77676],[126.84043,37.78043],[126.83931,37.78149],[126.8374,37.78186],[126.8336,37.7809],[126.83039,37.78107],[126.83287,37.78175],[126.83237,37.78371],[126.83052,37.78595],[126.83186,37.78947],[126.83254,37.79094],[126.8345,37.79314],[126.83654,37.79824],[126.8388,37.7994],[126.83602,37.80198],[126.83319,37.80291],[126.83553,37.80423],[126.8362,37.80565],[126.83742,37.81063],[126.84474,37.8168],[126.85348,37.81808],[126.85902,37.81926],[126.85951,37.82014],[126.8611,37.81745],[126.86406,37.81802],[126.86592,37.81759],[126.86719,37.81672],[126.87339,37.81603],[126.87404,37.81712],[126.87876,37.81525],[126.88665,37.82374],[126.88582,37.82657],[126.88905,37.82644],[126.8907,37.82605],[126.89361,37.82653],[126.89964,37.82615],[126.90231,37.82472],[126.90288,37.82355]]]}},{"type":"Feature","properties":{"adm_cd2":"4148036000","adm_nm":"경기도 파주시 파평면","sggnm":"파주시"},"geometry":{"type":"Polygon","coordinates":[[[126.89765,37.9267],[126.89434,37.92503],[126.89123,37.92302],[126.88754,37.91938],[126.88099,37.91897],[126.87986,37.91509],[126.88081,37.91253],[126.87873,37.91117],[126.87377,37.90647],[126.86989,37.90345],[126.86742,37.90203],[126.86557,37.90032],[126.86894,37.89406],[126.8696,37.88773],[126.86459,37.8847],[126.86046,37.8793],[126.85786,37.87849],[126.85697,37.87738],[126.85672,37.87607],[126.85564,37.87552],[126.85418,37.87552],[126.85202,37.87702],[126.84951,37.87669],[126.84677,37.87757],[126.84605,37.87911],[126.84542,37.87972],[126.84246,37.88169],[126.84161,37.88434],[126.84099,37.88475],[126.84003,37.88472],[126.8362,37.88346],[126.8274,37.88216],[126.82678,37.88159],[126.82699,37.88008],[126.82662,37.87889],[126.82261,37.87493],[126.82125,37.87409],[126.81652,37.8725],[126.81233,37.87199],[126.81112,37.87218],[126.81131,37.87489],[126.81208,37.87606],[126.81132,37.87778],[126.80542,37.87832],[126.8032,37.88021],[126.80206,37.87952],[126.80019,37.87988],[126.79831,37.88087],[126.797,37.88281],[126.79693,37.8842],[126.79772,37.88508],[126.79985,37.88611],[126.8,37.88679],[126.79866,37.89282],[126.8052,37.89122],[126.8071,37.89127],[126.81167,37.89369],[126.81833,37.90035],[126.82327,37.90978],[126.82568,37.91462],[126.827,37.9182],[126.8297,37.93493],[126.83266,37.94758],[126.83246,37.95222],[126.83366,37.95635],[126.83741,37.95454],[126.84031,37.95447],[126.84265,37.95375],[126.84545,37.952],[126.84868,37.94833],[126.85019,37.94742],[126.85871,37.94786],[126.86459,37.94913],[126.87172,37.94778],[126.87631,37.94512],[126.88048,37.94328],[126.88897,37.94256],[126.89215,37.9413],[126.89387,37.941],[126.90194,37.94169],[126.90291,37.94096],[126.90584,37.93688],[126.90654,37.93472],[126.90387,37.93008],[126.9026,37.92847],[126.90076,37.9271],[126.89765,37.9267]]]}},{"type":"Feature","properties":{"adm_cd2":"4148037000","adm_nm":"경기도 파주시 적성면","sggnm":"파주시"},"geometry":{"type":"Polygon","coordinates":[[[126.99609,38.0014],[127.00099,37.99625],[127.00552,37.99451],[127.0103,37.99323],[127.01315,37.99352],[127.01487,37.9926],[127.01556,37.99175],[127.01704,37.98693],[127.01673,37.98627],[127.0159,37.98578],[127.0126,37.98457],[127.01129,37.97612],[127.01052,37.9754],[127.00853,37.97384],[127.00644,37.97325],[127.00466,37.97323],[127.00078,37.97393],[126.99732,37.97365],[126.99635,37.9732],[126.99122,37.96694],[126.98952,37.96377],[126.98852,37.96009],[126.98176,37.95659],[126.97912,37.95408],[126.97742,37.94861],[126.97744,37.94614],[126.97621,37.94431],[126.97336,37.94203],[126.97032,37.94203],[126.96689,37.93934],[126.96482,37.93902],[126.96443,37.93831],[126.96409,37.93294],[126.96505,37.92824],[126.96305,37.92708],[126.96184,37.92527],[126.96155,37.92428],[126.962,37.92291],[126.96002,37.92016],[126.95717,37.92227],[126.95633,37.92234],[126.9496,37.91897],[126.94965,37.91826],[126.95056,37.9168],[126.95473,37.91247],[126.95316,37.90871],[126.95084,37.90721],[126.94918,37.90535],[126.94762,37.90257],[126.94673,37.89964],[126.94711,37.89844],[126.94854,37.89675],[126.94818,37.89376],[126.946,37.88846],[126.94253,37.89177],[126.9401,37.8931],[126.93623,37.89882],[126.93425,37.8991],[126.9324,37.89889],[126.92924,37.89972],[126.92545,37.9016],[126.91723,37.90748],[126.91527,37.91068],[126.91185,37.91072],[126.9102,37.91153],[126.9096,37.91225],[126.90737,37.91777],[126.90722,37.92079],[126.90554,37.92134],[126.90355,37.92317],[126.90316,37.92424],[126.90076,37.9271],[126.9026,37.92847],[126.90387,37.93008],[126.90654,37.93472],[126.90584,37.93688],[126.90291,37.94096],[126.90194,37.94169],[126.89387,37.941],[126.89215,37.9413],[126.88897,37.94256],[126.88048,37.94328],[126.87631,37.94512],[126.87172,37.94778],[126.86459,37.94913],[126.85871,37.94786],[126.85019,37.94742],[126.84868,37.94833],[126.84545,37.952],[126.84265,37.95375],[126.84031,37.95447],[126.83741,37.95454],[126.83366,37.95635],[126.83579,37.95984],[126.83578,37.96379],[126.83678,37.96473],[126.83781,37.97331],[126.83881,37.97762],[126.84023,37.98095],[126.84398,37.98501],[126.84809,37.98704],[126.85277,37.98756],[126.85494,37.98724],[126.86256,37.98013],[126.86597,37.97736],[126.87184,37.97115],[126.87874,37.96767],[126.88137,37.96682],[126.88548,37.96615],[126.88776,37.96614],[126.89152,37.96707],[126.89346,37.96803],[126.89436,37.96881],[126.89546,37.9711],[126.89514,37.97311],[126.89267,37.97828],[126.89198,37.98084],[126.89157,37.98248],[126.89118,37.98707],[126.89174,37.99238],[126.89415,37.99715],[126.89428,37.99804],[126.89396,37.99897],[126.89469,37.99945],[126.89546,37.99937],[126.8964,37.99832],[126.89824,37.99714],[126.90484,37.99442],[126.90808,37.99251],[126.92163,37.98593],[126.92783,37.98345],[126.9317,37.98228],[126.9372,37.98171],[126.94091,37.98239],[126.94379,37.98356],[126.95246,37.988],[126.95659,37.99172],[126.96166,37.99765],[126.96957,38.00333],[126.97866,38.00366],[126.98208,38.00469],[126.98581,38.00314],[126.99215,38.00337],[126.99609,38.0014]]]}},{"type":"Feature","properties":{"adm_cd2":"4148052000","adm_nm":"경기도 파주시 금촌2동","sggnm":"파주시"},"geometry":{"type":"Polygon","coordinates":[[[126.79735,37.74882],[126.7957,37.74787],[126.79472,37.74686],[126.79254,37.74618],[126.78382,37.74754],[126.7809,37.7472],[126.77668,37.74617],[126.77239,37.74646],[126.76788,37.74763],[126.76627,37.74668],[126.76478,37.74654],[126.76256,37.74783],[126.76108,37.74933],[126.75988,37.75216],[126.76016,37.75323],[126.76143,37.75444],[126.76253,37.75626],[126.76224,37.75965],[126.76476,37.75852],[126.76531,37.75775],[126.77362,37.75727],[126.77368,37.75407],[126.78303,37.75429],[126.78427,37.75408],[126.79624,37.74994],[126.79939,37.74914],[126.79735,37.74882]]]}},{"type":"Feature","properties":{"adm_cd2":"4148051000","adm_nm":"경기도 파주시 금촌1동","sggnm":"파주시"},"geometry":{"type":"Polygon","coordinates":[[[126.80268,37.76084],[126.8015,37.75811],[126.79737,37.75801],[126.79626,37.75759],[126.79491,37.75477],[126.79939,37.74914],[126.79624,37.74994],[126.78427,37.75408],[126.78303,37.75429],[126.77368,37.75407],[126.77362,37.75727],[126.76531,37.75775],[126.76476,37.75852],[126.76224,37.75965],[126.75805,37.7627],[126.76054,37.76431],[126.76435,37.76551],[126.76724,37.76493],[126.77145,37.76543],[126.77781,37.7679],[126.77922,37.76817],[126.77985,37.76796],[126.78327,37.76883],[126.78729,37.77034],[126.78768,37.77082],[126.78977,37.77042],[126.79223,37.76888],[126.79418,37.76609],[126.7943,37.76538],[126.79663,37.76292],[126.80401,37.76205],[126.80268,37.76084]]]}},{"type":"Feature","properties":{"adm_cd2":"4148053000","adm_nm":"경기도 파주시 금촌3동","sggnm":"파주시"},"geometry":{"type":"Polygon","coordinates":[[[126.78729,37.77034],[126.78327,37.76883],[126.77985,37.76796],[126.77922,37.76817],[126.77781,37.7679],[126.77145,37.76543],[126.76724,37.76493],[126.76435,37.76551],[126.76054,37.76431],[126.75805,37.7627],[126.7473,37.76583],[126.74676,37.76546],[126.74687,37.76431],[126.74116,37.76093],[126.73927,37.76105],[126.73598,37.7622],[126.73561,37.76191],[126.73553,37.76017],[126.7346,37.75756],[126.73349,37.75822],[126.73141,37.76084],[126.7241,37.77083],[126.72513,37.7775],[126.72379,37.77963],[126.72167,37.77985],[126.72076,37.78063],[126.72122,37.7822],[126.7227,37.78378],[126.72183,37.78713],[126.7218,37.78836],[126.72301,37.79235],[126.72697,37.79926],[126.7278,37.79936],[126.73316,37.79825],[126.73686,37.79815],[126.74403,37.79934],[126.74792,37.80065],[126.75108,37.80037],[126.75136,37.79614],[126.75177,37.79589],[126.75335,37.79692],[126.75458,37.79852],[126.75904,37.80195],[126.76074,37.8006],[126.76129,37.79947],[126.76287,37.79839],[126.76149,37.79252],[126.76202,37.79163],[126.76277,37.79126],[126.76517,37.78573],[126.7691,37.78349],[126.77388,37.78006],[126.77696,37.77879],[126.78013,37.77848],[126.781,37.77781],[126.78188,37.7762],[126.78247,37.77258],[126.7832,37.77186],[126.78483,37.77187],[126.78691,37.7714],[126.78768,37.77082],[126.78729,37.77034]]]}},{"type":"Feature","properties":{"adm_cd2":"4148059000","adm_nm":"경기도 파주시 운정5동","sggnm":"파주시"},"geometry":{"type":"Polygon","coordinates":[[[126.70493,37.71761],[126.69967,37.71916],[126.69933,37.7212],[126.69963,37.72237],[126.70157,37.72288],[126.7024,37.72351],[126.70435,37.72698],[126.70576,37.72782],[126.70748,37.72942],[126.70835,37.73071],[126.71205,37.73353],[126.71697,37.73889],[126.72096,37.73925],[126.72639,37.74158],[126.72669,37.74292],[126.72783,37.74434],[126.7328,37.74579],[126.73555,37.74797],[126.73639,37.74831],[126.73734,37.74823],[126.73766,37.7474],[126.73704,37.74673],[126.73567,37.74681],[126.73475,37.74476],[126.73587,37.74268],[126.73669,37.73932],[126.73761,37.73716],[126.73764,37.736],[126.73386,37.7347],[126.72958,37.73269],[126.72439,37.7294],[126.72473,37.72712],[126.72484,37.71612],[126.71873,37.71633],[126.70497,37.71561],[126.70493,37.71761]]]}},{"type":"Feature","properties":{"adm_cd2":"4148055000","adm_nm":"경기도 파주시 운정1동","sggnm":"파주시"},"geometry":{"type":"Polygon","coordinates":[[[126.77199,37.7395],[126.77202,37.73716],[126.7684,37.72869],[126.76642,37.7248],[126.76317,37.71663],[126.7589,37.71721],[126.75035,37.71664],[126.74681,37.71722],[126.74798,37.72048],[126.75147,37.72588],[126.75184,37.72802],[126.75135,37.73103],[126.74877,37.73525],[126.74716,37.73426],[126.74647,37.73306],[126.74357,37.73324],[126.74215,37.73301],[126.7415,37.73432],[126.74104,37.73694],[126.74863,37.73954],[126.75825,37.745],[126.76068,37.74541],[126.76924,37.7452],[126.77199,37.7395]]]}},{"type":"Feature","properties":{"adm_cd2":"4148056000","adm_nm":"경기도 파주시 운정2동","sggnm":"파주시"},"geometry":{"type":"Polygon","coordinates":[[[126.7415,37.73432],[126.74215,37.73301],[126.74357,37.73324],[126.74647,37.73306],[126.74716,37.73426],[126.74877,37.73525],[126.75135,37.73103],[126.75184,37.72802],[126.75147,37.72588],[126.74798,37.72048],[126.74681,37.71722],[126.74338,37.71809],[126.7392,37.71835],[126.73697,37.71819],[126.73189,37.71699],[126.73193,37.72357],[126.7309,37.72578],[126.72688,37.73107],[126.73386,37.7347],[126.74104,37.73694],[126.7415,37.73432]]]}},{"type":"Feature","properties":{"adm_cd2":"4148057000","adm_nm":"경기도 파주시 운정3동","sggnm":"파주시"},"geometry":{"type":"Polygon","coordinates":[[[126.76134,37.71195],[126.76113,37.70399],[126.76008,37.70333],[126.75553,37.70489],[126.75404,37.70473],[126.75345,37.70429],[126.75059,37.70348],[126.74802,37.70314],[126.74388,37.70443],[126.74017,37.70505],[126.73613,37.70463],[126.72989,37.70494],[126.72798,37.70704],[126.73025,37.7079],[126.73038,37.70821],[126.73145,37.71195],[126.73189,37.71699],[126.73697,37.71819],[126.7392,37.71835],[126.74338,37.71809],[126.7486,37.71677],[126.75035,37.71664],[126.7589,37.71721],[126.76317,37.71663],[126.76134,37.71195]]]}},{"type":"Feature","properties":{"adm_cd2":"4150025000","adm_nm":"경기도 이천시 장호원읍","sggnm":"이천시"},"geometry":{"type":"Polygon","coordinates":[[[127.63117,37.16391],[127.63019,37.15932],[127.62913,37.15762],[127.62861,37.15583],[127.62894,37.1531],[127.63018,37.14954],[127.63312,37.14526],[127.63488,37.14368],[127.63709,37.14231],[127.63783,37.14103],[127.63415,37.12373],[127.63405,37.12154],[127.63507,37.11715],[127.63443,37.10598],[127.63498,37.10285],[127.63334,37.09839],[127.63195,37.09684],[127.62285,37.09287],[127.61656,37.08888],[127.61025,37.08618],[127.6037,37.08605],[127.60128,37.08574],[127.60071,37.08534],[127.59785,37.08666],[127.59373,37.08675],[127.59221,37.08724],[127.59012,37.08915],[127.58925,37.09187],[127.58415,37.09452],[127.57587,37.09701],[127.57471,37.09685],[127.57351,37.09624],[127.56806,37.09807],[127.56455,37.09816],[127.56283,37.09892],[127.56121,37.10053],[127.56067,37.10122],[127.56117,37.1063],[127.55969,37.10764],[127.55954,37.10819],[127.56116,37.11236],[127.56362,37.11658],[127.56406,37.11712],[127.56457,37.11696],[127.56594,37.11765],[127.567,37.11917],[127.56759,37.12131],[127.56225,37.12785],[127.55817,37.13353],[127.55905,37.13731],[127.55871,37.13936],[127.55644,37.14236],[127.55552,37.14921],[127.554,37.1507],[127.55392,37.15191],[127.55481,37.15694],[127.55571,37.15883],[127.55789,37.1602],[127.56273,37.16469],[127.56667,37.16589],[127.57032,37.16907],[127.57051,37.17023],[127.57252,37.1713],[127.57278,37.17202],[127.57532,37.1743],[127.57715,37.17516],[127.57761,37.17623],[127.5776,37.17718],[127.57445,37.18243],[127.57273,37.18367],[127.57235,37.18474],[127.5732,37.18599],[127.57637,37.18916],[127.57815,37.1895],[127.5786,37.18868],[127.58048,37.18747],[127.58381,37.18696],[127.59062,37.18794],[127.59303,37.18963],[127.596,37.18963],[127.5981,37.18793],[127.5993,37.18311],[127.59976,37.1829],[127.60167,37.18337],[127.60356,37.18037],[127.60484,37.17891],[127.6098,37.17497],[127.61139,37.17438],[127.61239,37.17338],[127.61398,37.17015],[127.61408,37.16766],[127.61522,37.16403],[127.6158,37.16334],[127.61823,37.16252],[127.61947,37.16244],[127.62533,37.16488],[127.62665,37.16598],[127.62965,37.16642],[127.6305,37.1661],[127.63117,37.16391]]]}},{"type":"Feature","properties":{"adm_cd2":"4150025300","adm_nm":"경기도 이천시 부발읍","sggnm":"이천시"},"geometry":{"type":"Polygon","coordinates":[[[127.5288,37.3162],[127.53359,37.31408],[127.53608,37.31345],[127.5373,37.3136],[127.54261,37.31306],[127.54472,37.31224],[127.54607,37.31092],[127.54636,37.30994],[127.54639,37.30143],[127.54305,37.29644],[127.54273,37.29475],[127.53681,37.2897],[127.53552,37.28936],[127.53457,37.28952],[127.53438,37.28928],[127.53067,37.27924],[127.52919,37.27352],[127.52996,37.26747],[127.53236,37.26066],[127.53274,37.2573],[127.53318,37.2562],[127.53629,37.25325],[127.53707,37.25161],[127.53737,37.24663],[127.53577,37.24521],[127.53281,37.24354],[127.52969,37.24293],[127.52555,37.24049],[127.52517,37.23933],[127.52685,37.23138],[127.52696,37.22946],[127.52523,37.22715],[127.52261,37.22472],[127.5198,37.22267],[127.5164,37.22325],[127.51198,37.22133],[127.51149,37.22028],[127.51073,37.22138],[127.5097,37.22416],[127.51094,37.22652],[127.51403,37.22888],[127.51756,37.23264],[127.51632,37.23466],[127.50944,37.23918],[127.50671,37.24019],[127.50124,37.24106],[127.4986,37.24672],[127.49868,37.24758],[127.49916,37.24807],[127.49996,37.24819],[127.49977,37.249],[127.49567,37.24924],[127.49526,37.24861],[127.49584,37.24628],[127.49549,37.24574],[127.49436,37.24543],[127.47925,37.24608],[127.47836,37.24652],[127.4771,37.24894],[127.47468,37.25026],[127.47306,37.25159],[127.46965,37.25276],[127.46858,37.25274],[127.46428,37.25496],[127.4641,37.25524],[127.46443,37.25614],[127.46353,37.25787],[127.45941,37.25871],[127.45691,37.26155],[127.45663,37.26235],[127.46365,37.27018],[127.46526,37.2716],[127.47584,37.28446],[127.47663,37.28615],[127.47614,37.28931],[127.47627,37.29099],[127.47787,37.29307],[127.48127,37.29296],[127.48539,37.29365],[127.49786,37.29865],[127.49863,37.29936],[127.49955,37.30116],[127.50082,37.30268],[127.5038,37.30411],[127.50664,37.30488],[127.50908,37.3068],[127.51063,37.30891],[127.51203,37.31013],[127.51431,37.3111],[127.51773,37.31201],[127.51974,37.31328],[127.52094,37.31467],[127.52163,37.31695],[127.52285,37.31915],[127.52689,37.31821],[127.52905,37.31707],[127.5288,37.3162]]]}},{"type":"Feature","properties":{"adm_cd2":"4150031000","adm_nm":"경기도 이천시 신둔면","sggnm":"이천시"},"geometry":{"type":"Polygon","coordinates":[[[127.44732,37.34977],[127.44686,37.34662],[127.44737,37.34396],[127.44739,37.3419],[127.44585,37.34074],[127.44549,37.34009],[127.44722,37.33586],[127.44849,37.33394],[127.45562,37.32878],[127.45742,37.3254],[127.45449,37.32493],[127.45304,37.32515],[127.44926,37.32284],[127.45634,37.31805],[127.45889,37.31531],[127.46205,37.31088],[127.46334,37.3063],[127.46192,37.30283],[127.45925,37.29981],[127.4569,37.30156],[127.45264,37.30292],[127.45048,37.30311],[127.44086,37.30266],[127.43868,37.30293],[127.43573,37.3042],[127.43147,37.30497],[127.42972,37.30625],[127.42833,37.30596],[127.4274,37.30508],[127.42692,37.305],[127.42301,37.30487],[127.41782,37.30544],[127.41392,37.30307],[127.40889,37.30301],[127.40527,37.30038],[127.4075,37.29928],[127.40873,37.29828],[127.40927,37.29718],[127.40904,37.29407],[127.40655,37.28986],[127.40576,37.28512],[127.4038,37.28566],[127.40178,37.2873],[127.39848,37.28724],[127.39082,37.28628],[127.38705,37.28503],[127.38513,37.282],[127.3811,37.27933],[127.37516,37.28004],[127.3683,37.28294],[127.36549,37.28562],[127.36315,37.28882],[127.3604,37.28835],[127.3589,37.28846],[127.35693,37.29369],[127.35754,37.29551],[127.35711,37.29881],[127.3566,37.29937],[127.35511,37.3],[127.35449,37.30067],[127.35447,37.30137],[127.35703,37.30367],[127.35772,37.30507],[127.36131,37.30719],[127.36432,37.30768],[127.36494,37.30849],[127.36495,37.30993],[127.36362,37.31217],[127.36341,37.31581],[127.365,37.31658],[127.36739,37.31512],[127.36836,37.3149],[127.3696,37.31523],[127.37212,37.317],[127.37268,37.31872],[127.37591,37.32073],[127.3768,37.32069],[127.37839,37.31934],[127.38148,37.31901],[127.38717,37.31889],[127.39031,37.31969],[127.39251,37.32098],[127.39263,37.32222],[127.39364,37.32354],[127.39786,37.3261],[127.39991,37.32724],[127.40503,37.32767],[127.40798,37.33092],[127.41248,37.33393],[127.41497,37.33411],[127.42063,37.33865],[127.42155,37.3403],[127.42119,37.34178],[127.42194,37.34291],[127.42368,37.34411],[127.43,37.34657],[127.43379,37.35081],[127.43533,37.35441],[127.44246,37.35844],[127.44385,37.35769],[127.44884,37.35219],[127.44732,37.34977]]]}},{"type":"Feature","properties":{"adm_cd2":"4150032000","adm_nm":"경기도 이천시 백사면","sggnm":"이천시"},"geometry":{"type":"Polygon","coordinates":[[[127.52689,37.31821],[127.52285,37.31915],[127.52163,37.31695],[127.52094,37.31467],[127.51872,37.31254],[127.51203,37.31013],[127.51063,37.30891],[127.50908,37.3068],[127.50664,37.30488],[127.5038,37.30411],[127.50105,37.30283],[127.49786,37.29865],[127.48539,37.29365],[127.48302,37.29314],[127.47852,37.29293],[127.47658,37.29362],[127.47199,37.29616],[127.47066,37.29614],[127.46906,37.29558],[127.46711,37.29559],[127.46508,37.29582],[127.46229,37.29668],[127.46081,37.29767],[127.45925,37.29981],[127.46192,37.30283],[127.46334,37.3063],[127.46205,37.31088],[127.45889,37.31531],[127.45634,37.31805],[127.44926,37.32284],[127.45304,37.32515],[127.45449,37.32493],[127.45742,37.3254],[127.45562,37.32878],[127.44849,37.33394],[127.44673,37.33696],[127.44549,37.34009],[127.44585,37.34074],[127.44739,37.3419],[127.44737,37.34396],[127.44686,37.34662],[127.44732,37.34977],[127.44884,37.35219],[127.45081,37.35251],[127.4548,37.35412],[127.4561,37.35595],[127.46022,37.3582],[127.46252,37.35879],[127.46377,37.35814],[127.46468,37.35836],[127.46901,37.36102],[127.47049,37.36152],[127.47491,37.35737],[127.47577,37.35684],[127.47691,37.35687],[127.47818,37.35592],[127.48387,37.35057],[127.48526,37.35028],[127.48724,37.34905],[127.48795,37.3462],[127.48952,37.34236],[127.49979,37.33973],[127.50209,37.33791],[127.50825,37.33824],[127.51031,37.33958],[127.51258,37.33969],[127.5136,37.33939],[127.51557,37.33756],[127.5169,37.3345],[127.52085,37.33001],[127.5218,37.32966],[127.52563,37.32983],[127.52694,37.32953],[127.52927,37.32646],[127.52654,37.32247],[127.52717,37.32192],[127.52895,37.32124],[127.52954,37.32047],[127.5297,37.31955],[127.52905,37.31707],[127.52689,37.31821]]]}},{"type":"Feature","properties":{"adm_cd2":"4150033000","adm_nm":"경기도 이천시 호법면","sggnm":"이천시"},"geometry":{"type":"Polygon","coordinates":[[[127.44377,37.20607],[127.4408,37.19907],[127.43949,37.194],[127.43622,37.1908],[127.43537,37.19043],[127.43399,37.19061],[127.43313,37.19153],[127.42869,37.19212],[127.4266,37.19178],[127.42058,37.18842],[127.41846,37.18582],[127.41655,37.18452],[127.41404,37.18377],[127.41113,37.18347],[127.4105,37.18411],[127.40971,37.18415],[127.40503,37.18164],[127.40357,37.18033],[127.40186,37.18018],[127.39902,37.18096],[127.39446,37.18082],[127.38828,37.18141],[127.38433,37.18209],[127.38238,37.18274],[127.3821,37.18366],[127.38239,37.18449],[127.38193,37.18673],[127.38121,37.18756],[127.37529,37.1851],[127.37224,37.18603],[127.37204,37.18976],[127.37393,37.18991],[127.37597,37.191],[127.37821,37.19555],[127.37265,37.20187],[127.37104,37.20284],[127.37038,37.20392],[127.36938,37.20472],[127.36829,37.20926],[127.36877,37.21029],[127.37382,37.21601],[127.37552,37.21597],[127.37663,37.21541],[127.3788,37.21505],[127.38178,37.21592],[127.38181,37.21772],[127.38334,37.21855],[127.39246,37.2191],[127.39488,37.22398],[127.39526,37.22611],[127.39492,37.22739],[127.39308,37.22806],[127.39281,37.22874],[127.3925,37.23086],[127.39438,37.2355],[127.39444,37.23749],[127.39425,37.23817],[127.39056,37.2432],[127.391,37.24487],[127.39393,37.24684],[127.39461,37.24677],[127.39786,37.24489],[127.40401,37.24275],[127.40376,37.24188],[127.40409,37.24151],[127.40602,37.24183],[127.40926,37.24421],[127.4093,37.24538],[127.41195,37.24842],[127.41692,37.25216],[127.4174,37.25324],[127.41727,37.25422],[127.41869,37.25558],[127.42082,37.25608],[127.42349,37.25123],[127.42417,37.25055],[127.42552,37.24994],[127.42837,37.24978],[127.42964,37.24874],[127.43088,37.24825],[127.43264,37.2482],[127.4359,37.2497],[127.43659,37.25152],[127.43773,37.25205],[127.44392,37.25152],[127.44656,37.25314],[127.44712,37.25294],[127.44827,37.24906],[127.44876,37.24369],[127.44815,37.23767],[127.44683,37.23538],[127.44248,37.23104],[127.44199,37.23003],[127.44172,37.2289],[127.44201,37.22574],[127.44274,37.22196],[127.44337,37.22054],[127.44255,37.21824],[127.44051,37.21578],[127.44054,37.21325],[127.44103,37.21222],[127.44321,37.21165],[127.44917,37.2113],[127.44377,37.20607]]]}},{"type":"Feature","properties":{"adm_cd2":"4150034000","adm_nm":"경기도 이천시 마장면","sggnm":"이천시"},"geometry":{"type":"Polygon","coordinates":[[[127.35693,37.29369],[127.3589,37.28846],[127.3604,37.28835],[127.36315,37.28882],[127.36549,37.28562],[127.36822,37.283],[127.37516,37.28004],[127.38118,37.27934],[127.38513,37.282],[127.38705,37.28503],[127.39082,37.28628],[127.39848,37.28724],[127.40178,37.2873],[127.4038,37.28566],[127.40661,37.28495],[127.41096,37.28329],[127.4127,37.28197],[127.4145,37.27922],[127.41437,37.27403],[127.41679,37.27239],[127.41642,37.27028],[127.41734,37.26412],[127.41934,37.26133],[127.42156,37.25914],[127.42082,37.25608],[127.41815,37.2552],[127.41727,37.25422],[127.4174,37.25324],[127.41692,37.25216],[127.41195,37.24842],[127.4093,37.24538],[127.40926,37.24421],[127.40602,37.24183],[127.40409,37.24151],[127.40376,37.24188],[127.40401,37.24275],[127.39786,37.24489],[127.39461,37.24677],[127.39393,37.24684],[127.39113,37.24505],[127.39056,37.2432],[127.39425,37.23817],[127.39444,37.23749],[127.39438,37.2355],[127.3925,37.23086],[127.39281,37.22874],[127.39308,37.22806],[127.39492,37.22739],[127.39526,37.22611],[127.39488,37.22398],[127.39246,37.2191],[127.38334,37.21855],[127.38181,37.21772],[127.38178,37.21592],[127.3788,37.21505],[127.37663,37.21541],[127.37552,37.21597],[127.37382,37.21601],[127.36877,37.21029],[127.36829,37.20926],[127.3693,37.20488],[127.37038,37.20392],[127.36205,37.20111],[127.36109,37.20043],[127.35684,37.20063],[127.35614,37.20119],[127.35619,37.20238],[127.35592,37.20262],[127.35341,37.20343],[127.3516,37.20338],[127.3484,37.20436],[127.34724,37.20612],[127.34519,37.20751],[127.34218,37.20808],[127.3411,37.2092],[127.33958,37.21207],[127.33853,37.21629],[127.33775,37.21643],[127.33704,37.21745],[127.33187,37.22],[127.33087,37.22304],[127.33339,37.22716],[127.3342,37.23141],[127.3345,37.23528],[127.33416,37.23882],[127.3331,37.23973],[127.33115,37.24312],[127.33344,37.24932],[127.33607,37.25163],[127.33857,37.25239],[127.33694,37.25532],[127.33618,37.25778],[127.33644,37.26051],[127.33671,37.26124],[127.33903,37.2622],[127.34018,37.26316],[127.34088,37.265],[127.34096,37.26577],[127.3388,37.27054],[127.33886,37.27134],[127.34068,37.27282],[127.34331,37.27318],[127.34503,37.27403],[127.34908,37.27681],[127.34815,37.27924],[127.34319,37.28236],[127.34246,37.28604],[127.34172,37.28709],[127.34015,37.28811],[127.34317,37.29106],[127.346,37.29125],[127.34713,37.29056],[127.34739,37.29],[127.34801,37.29001],[127.35308,37.29232],[127.35456,37.29433],[127.35714,37.2946],[127.35693,37.29369]]]}},{"type":"Feature","properties":{"adm_cd2":"4150035000","adm_nm":"경기도 이천시 대월면","sggnm":"이천시"},"geometry":{"type":"Polygon","coordinates":[[[127.52761,37.22739],[127.5287,37.22228],[127.53008,37.21779],[127.52973,37.21503],[127.52987,37.21177],[127.53147,37.20823],[127.53147,37.20535],[127.5308,37.20501],[127.53008,37.20276],[127.53128,37.19999],[127.53109,37.19813],[127.52881,37.1976],[127.52793,37.19699],[127.52624,37.19523],[127.52589,37.19394],[127.51929,37.1873],[127.51796,37.18672],[127.51429,37.18398],[127.51373,37.1832],[127.51314,37.18123],[127.51102,37.17942],[127.50905,37.17829],[127.50847,37.17703],[127.50811,37.175],[127.5052,37.17209],[127.50031,37.17247],[127.49979,37.17406],[127.50012,37.17606],[127.49872,37.17862],[127.4933,37.18026],[127.4916,37.18395],[127.49182,37.18533],[127.49271,37.1866],[127.49245,37.18796],[127.49178,37.18903],[127.49086,37.18938],[127.48661,37.18925],[127.48622,37.18913],[127.48576,37.18827],[127.4844,37.18851],[127.48236,37.19016],[127.47904,37.19363],[127.47809,37.19489],[127.47739,37.19658],[127.47809,37.19835],[127.47622,37.19933],[127.47493,37.19925],[127.47241,37.1977],[127.47209,37.19709],[127.47144,37.19962],[127.4717,37.20133],[127.47038,37.20745],[127.46928,37.20884],[127.46919,37.21326],[127.46708,37.2155],[127.46575,37.21902],[127.46525,37.22584],[127.47057,37.23376],[127.47039,37.23441],[127.46967,37.2345],[127.4692,37.23494],[127.46883,37.23634],[127.46902,37.23666],[127.47128,37.2395],[127.47324,37.24031],[127.47608,37.24275],[127.47468,37.25026],[127.47722,37.24884],[127.47836,37.24652],[127.47925,37.24608],[127.49436,37.24543],[127.49549,37.24574],[127.49584,37.24628],[127.49526,37.24861],[127.49567,37.24924],[127.49977,37.249],[127.49996,37.24819],[127.49916,37.24807],[127.49868,37.24758],[127.4986,37.24672],[127.50124,37.24106],[127.50671,37.24019],[127.50944,37.23918],[127.51632,37.23466],[127.51756,37.23264],[127.51403,37.22888],[127.51094,37.22652],[127.5097,37.22416],[127.51073,37.22138],[127.51149,37.22028],[127.51198,37.22133],[127.5164,37.22325],[127.5198,37.22267],[127.52261,37.22472],[127.5255,37.22757],[127.52761,37.22739]]]}},{"type":"Feature","properties":{"adm_cd2":"4150036000","adm_nm":"경기도 이천시 모가면","sggnm":"이천시"},"geometry":{"type":"Polygon","coordinates":[[[127.47241,37.1977],[127.47493,37.19925],[127.47622,37.19933],[127.47809,37.19835],[127.47739,37.19658],[127.47809,37.19489],[127.47904,37.19363],[127.48236,37.19016],[127.4844,37.18851],[127.48576,37.18827],[127.48622,37.18913],[127.48661,37.18925],[127.49086,37.18938],[127.49178,37.18903],[127.49245,37.18796],[127.49271,37.1866],[127.49182,37.18533],[127.4916,37.18395],[127.4933,37.18026],[127.49872,37.17862],[127.50012,37.17606],[127.49979,37.17406],[127.50031,37.17247],[127.5052,37.17209],[127.50233,37.16938],[127.50082,37.16665],[127.49796,37.15821],[127.49791,37.1572],[127.49941,37.15494],[127.49807,37.15062],[127.49975,37.14831],[127.49912,37.14701],[127.4909,37.14371],[127.48499,37.14398],[127.47714,37.14507],[127.47485,37.14385],[127.47506,37.14185],[127.47473,37.14139],[127.46649,37.14097],[127.46291,37.14159],[127.46152,37.14216],[127.46088,37.14316],[127.46087,37.14455],[127.45673,37.14746],[127.45538,37.14797],[127.45406,37.14827],[127.45033,37.14808],[127.44967,37.1486],[127.44676,37.14865],[127.446,37.14935],[127.44538,37.14943],[127.4416,37.14924],[127.43884,37.148],[127.43385,37.14829],[127.43269,37.14879],[127.43026,37.14815],[127.42982,37.14774],[127.42813,37.14908],[127.4235,37.15183],[127.4223,37.15195],[127.41792,37.15136],[127.41484,37.15208],[127.41232,37.15507],[127.41216,37.15694],[127.41043,37.16049],[127.40969,37.16438],[127.41063,37.16751],[127.41302,37.17002],[127.41415,37.17339],[127.41299,37.1766],[127.41182,37.18235],[127.41113,37.18347],[127.41404,37.18377],[127.41689,37.1847],[127.41846,37.18582],[127.42058,37.18842],[127.4266,37.19178],[127.42869,37.19212],[127.43313,37.19153],[127.43399,37.19061],[127.43486,37.19036],[127.43622,37.1908],[127.43949,37.194],[127.4408,37.19907],[127.44377,37.20607],[127.44917,37.2113],[127.44967,37.20792],[127.45327,37.20376],[127.45416,37.20314],[127.45773,37.2011],[127.4594,37.20101],[127.46239,37.19971],[127.46349,37.1985],[127.46801,37.19534],[127.47209,37.19709],[127.47241,37.1977]]]}},{"type":"Feature","properties":{"adm_cd2":"4150037000","adm_nm":"경기도 이천시 설성면","sggnm":"이천시"},"geometry":{"type":"Polygon","coordinates":[[[127.57032,37.16907],[127.56667,37.16589],[127.56273,37.16469],[127.55789,37.1602],[127.55571,37.15883],[127.55481,37.15694],[127.55396,37.15081],[127.55552,37.14921],[127.55644,37.14236],[127.55871,37.13936],[127.55905,37.13731],[127.55816,37.13357],[127.56225,37.12785],[127.56759,37.12131],[127.567,37.11917],[127.56594,37.11765],[127.56457,37.11696],[127.56406,37.11712],[127.56116,37.11236],[127.55953,37.10807],[127.56117,37.1063],[127.56067,37.10122],[127.55767,37.09949],[127.55632,37.09953],[127.55364,37.10032],[127.54533,37.10356],[127.54318,37.10384],[127.53928,37.10368],[127.53674,37.1047],[127.53467,37.10418],[127.53049,37.10174],[127.52539,37.10111],[127.52327,37.1],[127.52286,37.09925],[127.52131,37.09814],[127.51937,37.09858],[127.51927,37.1002],[127.51834,37.101],[127.51617,37.10082],[127.51441,37.10009],[127.51295,37.10011],[127.51246,37.10039],[127.51463,37.10119],[127.51405,37.10399],[127.51332,37.1055],[127.50774,37.10578],[127.50394,37.10954],[127.50294,37.11823],[127.49843,37.12384],[127.4968,37.12449],[127.49373,37.12391],[127.49248,37.12309],[127.48049,37.12663],[127.47518,37.12739],[127.47241,37.12877],[127.46996,37.12954],[127.4645,37.13006],[127.45835,37.13015],[127.45766,37.13057],[127.45345,37.13524],[127.45028,37.14147],[127.44815,37.14396],[127.44782,37.14475],[127.44971,37.14614],[127.45033,37.14808],[127.45417,37.14826],[127.45673,37.14746],[127.4598,37.14541],[127.46095,37.14448],[127.46088,37.14316],[127.46152,37.14216],[127.46291,37.14159],[127.46649,37.14097],[127.4744,37.14128],[127.47506,37.14185],[127.47485,37.14385],[127.47714,37.14507],[127.48499,37.14398],[127.4909,37.14371],[127.49912,37.14701],[127.49975,37.14831],[127.49807,37.15062],[127.49941,37.15494],[127.49791,37.1572],[127.49789,37.15784],[127.50071,37.16641],[127.50233,37.16938],[127.50785,37.17463],[127.50905,37.17829],[127.51291,37.18097],[127.51401,37.18365],[127.51597,37.18532],[127.51741,37.18481],[127.51727,37.18328],[127.51755,37.18213],[127.51975,37.18205],[127.52286,37.18124],[127.52659,37.17602],[127.5269,37.17502],[127.52679,37.17346],[127.52782,37.17298],[127.54681,37.17419],[127.55283,37.17544],[127.55669,37.17704],[127.55777,37.1782],[127.5579,37.17976],[127.55876,37.18088],[127.56039,37.18022],[127.56618,37.1764],[127.56888,37.17365],[127.56957,37.17167],[127.57051,37.17023],[127.57032,37.16907]]]}},{"type":"Feature","properties":{"adm_cd2":"4150038000","adm_nm":"경기도 이천시 율면","sggnm":"이천시"},"geometry":{"type":"Polygon","coordinates":[[[127.56283,37.09892],[127.56428,37.09824],[127.56648,37.09792],[127.56806,37.09807],[127.57351,37.09624],[127.57471,37.09685],[127.57587,37.09701],[127.5843,37.09446],[127.58925,37.09187],[127.59012,37.08915],[127.59221,37.08724],[127.59373,37.08675],[127.59785,37.08666],[127.60071,37.08534],[127.59974,37.08337],[127.60017,37.08185],[127.60114,37.08045],[127.60306,37.07906],[127.6045,37.07747],[127.60516,37.07328],[127.60507,37.07031],[127.60422,37.06855],[127.60299,37.06861],[127.60211,37.07063],[127.59589,37.07394],[127.58907,37.07274],[127.58768,37.0738],[127.58407,37.07489],[127.5795,37.07536],[127.57622,37.07395],[127.5736,37.06987],[127.56982,37.06588],[127.56648,37.06314],[127.56513,37.06027],[127.56501,37.05894],[127.56747,37.05643],[127.56792,37.05554],[127.56711,37.05252],[127.56846,37.04911],[127.56813,37.0477],[127.56241,37.04461],[127.56199,37.04382],[127.55998,37.04296],[127.55811,37.04318],[127.55043,37.0454],[127.54446,37.04871],[127.54388,37.04953],[127.54075,37.05093],[127.54011,37.05096],[127.53404,37.05473],[127.53199,37.05564],[127.5307,37.05581],[127.5279,37.05515],[127.52313,37.05544],[127.5198,37.05677],[127.51858,37.05756],[127.51826,37.0584],[127.51649,37.05802],[127.51252,37.05622],[127.51148,37.05527],[127.51,37.05258],[127.51009,37.05162],[127.50917,37.04958],[127.50469,37.04796],[127.49929,37.04777],[127.49689,37.04838],[127.49036,37.05166],[127.48996,37.05282],[127.49355,37.05653],[127.49781,37.05718],[127.50481,37.06039],[127.50723,37.06261],[127.50846,37.06407],[127.50679,37.06932],[127.50762,37.06991],[127.5111,37.0701],[127.51254,37.07135],[127.51359,37.07315],[127.51474,37.07617],[127.51469,37.077],[127.51407,37.07801],[127.51492,37.08026],[127.51595,37.08133],[127.5186,37.08237],[127.51737,37.08367],[127.51619,37.08438],[127.51562,37.08572],[127.51482,37.09344],[127.51348,37.09557],[127.51116,37.0962],[127.51053,37.09677],[127.51082,37.09917],[127.51183,37.10018],[127.51246,37.10039],[127.51306,37.10008],[127.51441,37.10009],[127.51617,37.10082],[127.51834,37.101],[127.51927,37.1002],[127.51937,37.09858],[127.52131,37.09814],[127.52286,37.09925],[127.52327,37.1],[127.52539,37.10111],[127.53049,37.10174],[127.53467,37.10418],[127.53674,37.1047],[127.53928,37.10368],[127.54318,37.10384],[127.54533,37.10356],[127.55364,37.10032],[127.55665,37.09947],[127.55802,37.09959],[127.56067,37.10122],[127.56283,37.09892]]]}},{"type":"Feature","properties":{"adm_cd2":"4150051000","adm_nm":"경기도 이천시 창전동","sggnm":"이천시"},"geometry":{"type":"Polygon","coordinates":[[[127.44382,37.28031],[127.44044,37.28044],[127.44078,37.28293],[127.43977,37.28363],[127.43826,37.28383],[127.4361,37.28578],[127.43481,37.28724],[127.43497,37.28836],[127.43555,37.28892],[127.44104,37.28787],[127.44111,37.28723],[127.44072,37.28654],[127.44124,37.28615],[127.44318,37.28596],[127.44638,37.28677],[127.44944,37.28701],[127.45307,37.28495],[127.45496,37.28285],[127.45426,37.28207],[127.45381,37.28247],[127.44924,37.27708],[127.44382,37.28031]]]}},{"type":"Feature","properties":{"adm_cd2":"4150052000","adm_nm":"경기도 이천시 중리동","sggnm":"이천시"},"geometry":{"type":"Polygon","coordinates":[[[127.44382,37.28031],[127.44924,37.27708],[127.45089,37.2746],[127.45903,37.27305],[127.46153,37.27176],[127.46526,37.2716],[127.46365,37.27018],[127.45663,37.26235],[127.45671,37.26195],[127.45941,37.25871],[127.46353,37.25787],[127.46443,37.25614],[127.4641,37.25524],[127.46428,37.25496],[127.46858,37.25274],[127.46965,37.25276],[127.47231,37.25198],[127.47468,37.25026],[127.47608,37.24275],[127.47324,37.24031],[127.47128,37.2395],[127.46902,37.23666],[127.46883,37.23634],[127.4692,37.23494],[127.46967,37.2345],[127.47039,37.23441],[127.47057,37.23376],[127.46525,37.22584],[127.46575,37.21902],[127.46708,37.2155],[127.46919,37.21326],[127.46928,37.20884],[127.47038,37.20745],[127.4717,37.20133],[127.47144,37.19962],[127.47209,37.19709],[127.46801,37.19534],[127.46349,37.1985],[127.46239,37.19971],[127.4594,37.20101],[127.45773,37.2011],[127.45327,37.20376],[127.44952,37.20818],[127.44917,37.2113],[127.44321,37.21165],[127.44103,37.21222],[127.44054,37.21325],[127.44051,37.21578],[127.44255,37.21824],[127.44337,37.22054],[127.44274,37.22196],[127.44201,37.22574],[127.44172,37.2289],[127.44199,37.23003],[127.44248,37.23104],[127.44683,37.23538],[127.44815,37.23767],[127.44876,37.24369],[127.44827,37.24906],[127.44712,37.25294],[127.44656,37.25314],[127.44392,37.25152],[127.43773,37.25205],[127.43659,37.25152],[127.4359,37.2497],[127.43264,37.2482],[127.43049,37.24835],[127.42828,37.24981],[127.42533,37.24999],[127.42349,37.25123],[127.42082,37.25608],[127.42156,37.25914],[127.41934,37.26133],[127.41734,37.26412],[127.41642,37.27028],[127.41679,37.27239],[127.42165,37.27131],[127.42318,37.27041],[127.42906,37.27281],[127.43267,37.27626],[127.43441,37.277],[127.43548,37.27606],[127.43679,37.27638],[127.4379,37.28024],[127.44382,37.28031]]]}},{"type":"Feature","properties":{"adm_cd2":"4150053000","adm_nm":"경기도 이천시 관고동","sggnm":"이천시"},"geometry":{"type":"Polygon","coordinates":[[[127.43033,37.30488],[127.42805,37.30292],[127.42921,37.30149],[127.42913,37.29836],[127.4273,37.29816],[127.42679,37.29641],[127.42742,37.29487],[127.42992,37.29439],[127.43242,37.2908],[127.43424,37.28945],[127.43555,37.28892],[127.4349,37.28825],[127.43474,37.28759],[127.4361,37.28578],[127.43826,37.28383],[127.43977,37.28363],[127.44078,37.28293],[127.44044,37.28044],[127.4379,37.28024],[127.43679,37.27638],[127.43548,37.27606],[127.43441,37.277],[127.43267,37.27626],[127.42906,37.27281],[127.42318,37.27041],[127.42165,37.27131],[127.41679,37.27239],[127.41437,37.27403],[127.4145,37.27922],[127.4127,37.28197],[127.41096,37.28329],[127.40576,37.28512],[127.40655,37.28986],[127.40904,37.29407],[127.40927,37.29718],[127.40873,37.29828],[127.4075,37.29928],[127.40527,37.30038],[127.40889,37.30301],[127.41392,37.30307],[127.41782,37.30544],[127.42301,37.30487],[127.42692,37.305],[127.4274,37.30508],[127.42833,37.30596],[127.42944,37.30628],[127.43019,37.30607],[127.43147,37.30497],[127.43033,37.30488]]]}},{"type":"Feature","properties":{"adm_cd2":"4150051500","adm_nm":"경기도 이천시 증포동","sggnm":"이천시"},"geometry":{"type":"Polygon","coordinates":[[[127.43573,37.3042],[127.43868,37.30293],[127.44086,37.30266],[127.45048,37.30311],[127.45264,37.30292],[127.45757,37.30118],[127.45925,37.29981],[127.46081,37.29767],[127.46294,37.29642],[127.46711,37.29559],[127.46906,37.29558],[127.47107,37.2962],[127.4724,37.29602],[127.47787,37.29307],[127.47653,37.29155],[127.4762,37.2907],[127.47652,37.28559],[127.4745,37.2827],[127.46526,37.2716],[127.46153,37.27176],[127.45903,37.27305],[127.45089,37.2746],[127.44924,37.27708],[127.45381,37.28247],[127.45426,37.28207],[127.45496,37.28285],[127.45307,37.28495],[127.44944,37.28701],[127.44638,37.28677],[127.44318,37.28596],[127.44124,37.28615],[127.44072,37.28654],[127.44111,37.28723],[127.44104,37.28787],[127.4361,37.28863],[127.43443,37.28935],[127.43194,37.29132],[127.42992,37.29439],[127.42742,37.29487],[127.42679,37.29641],[127.42707,37.29774],[127.4273,37.29816],[127.42913,37.29836],[127.42921,37.30149],[127.42803,37.30288],[127.43033,37.30488],[127.43147,37.30497],[127.43573,37.3042]]]}},{"type":"Feature","properties":{"adm_cd2":"4155025000","adm_nm":"경기도 안성시 공도읍","sggnm":"안성시"},"geometry":{"type":"Polygon","coordinates":[[[127.21554,37.02144],[127.21161,37.01399],[127.2119,37.00943],[127.21415,37.00036],[127.21397,36.99928],[127.21215,36.99574],[127.2096,36.99348],[127.20899,36.99097],[127.20807,36.98978],[127.20598,36.98861],[127.20222,36.98756],[127.20123,36.98511],[127.20207,36.98475],[127.18841,36.97461],[127.18563,36.97185],[127.17968,36.96738],[127.1774,36.96629],[127.1743,36.96536],[127.17039,36.96501],[127.16798,36.96517],[127.15677,36.96723],[127.15381,36.96942],[127.14913,36.96988],[127.1443,36.97151],[127.13564,36.96784],[127.13458,36.96611],[127.13347,36.96532],[127.13174,36.96502],[127.13022,36.96525],[127.126,36.96715],[127.1195,36.96913],[127.12515,36.97524],[127.12451,36.97679],[127.13398,36.9768],[127.13397,36.97751],[127.13532,36.97756],[127.13531,36.97795],[127.13719,36.97849],[127.13641,36.98007],[127.1377,36.98006],[127.13978,36.97862],[127.14112,36.97872],[127.14114,36.97971],[127.13643,36.98293],[127.13637,36.98472],[127.13428,36.98544],[127.13123,36.98564],[127.13061,36.98668],[127.13317,36.98785],[127.13456,36.98929],[127.13618,36.99337],[127.14174,36.99514],[127.14478,36.99722],[127.14906,36.99783],[127.15392,36.99776],[127.15226,37.00258],[127.15627,37.00772],[127.15603,37.00891],[127.1549,37.01009],[127.15497,37.01094],[127.15621,37.01151],[127.15836,37.0117],[127.16813,37.01795],[127.17188,37.01883],[127.1733,37.02183],[127.17574,37.02493],[127.17474,37.02601],[127.17194,37.02607],[127.17173,37.02731],[127.17524,37.03186],[127.17608,37.03159],[127.17764,37.02859],[127.17947,37.02774],[127.18378,37.0271],[127.18509,37.02552],[127.18672,37.02229],[127.18675,37.01808],[127.18817,37.01564],[127.18895,37.01596],[127.18805,37.01778],[127.1896,37.01867],[127.19908,37.02058],[127.20459,37.02279],[127.20732,37.0245],[127.21654,37.02524],[127.21554,37.02144]]]}},{"type":"Feature","properties":{"adm_cd2":"4155031000","adm_nm":"경기도 안성시 보개면","sggnm":"안성시"},"geometry":{"type":"Polygon","coordinates":[[[127.34994,37.09738],[127.3431,37.09053],[127.33929,37.08201],[127.34033,37.0759],[127.33993,37.07436],[127.33825,37.07101],[127.33814,37.07011],[127.33803,37.06602],[127.33896,37.0623],[127.33422,37.05489],[127.33434,37.05391],[127.33577,37.05237],[127.33888,37.05083],[127.33916,37.05017],[127.33878,37.04756],[127.33727,37.0436],[127.33575,37.04011],[127.33406,37.03826],[127.33559,37.03498],[127.33662,37.03351],[127.33642,37.03152],[127.33602,37.03064],[127.34128,37.0292],[127.34752,37.02615],[127.34924,37.02429],[127.34961,37.02254],[127.35091,37.02219],[127.34755,37.0201],[127.34641,37.01849],[127.34641,37.01784],[127.34585,37.01739],[127.34164,37.01632],[127.33825,37.01451],[127.33346,37.01104],[127.32943,37.01157],[127.32009,37.00937],[127.31196,37.0098],[127.31149,37.00182],[127.31013,37.00062],[127.30679,37.00031],[127.30585,37.00063],[127.29983,37.00038],[127.2977,36.99989],[127.29451,36.99821],[127.29233,36.99803],[127.29037,36.99854],[127.28754,37.00041],[127.28757,37.00311],[127.28839,37.00381],[127.2893,37.004],[127.29062,37.0037],[127.29343,37.00495],[127.29481,37.01136],[127.29471,37.01239],[127.29384,37.01396],[127.29724,37.01519],[127.29547,37.01834],[127.28773,37.02308],[127.28615,37.02265],[127.28545,37.02198],[127.28105,37.02255],[127.28102,37.02377],[127.27866,37.02801],[127.27673,37.0329],[127.27673,37.03521],[127.27713,37.03679],[127.27605,37.03953],[127.27224,37.04508],[127.27213,37.04747],[127.27369,37.04685],[127.27761,37.04754],[127.28144,37.05166],[127.28401,37.05587],[127.28488,37.0636],[127.28219,37.06745],[127.28294,37.06883],[127.285,37.07094],[127.2857,37.07013],[127.29032,37.06971],[127.29521,37.07119],[127.29579,37.07199],[127.29571,37.07277],[127.29835,37.07445],[127.30053,37.07538],[127.30062,37.07698],[127.29996,37.07916],[127.30148,37.08151],[127.30212,37.0867],[127.3019,37.08995],[127.29829,37.09263],[127.29803,37.09332],[127.2982,37.0939],[127.29967,37.0951],[127.29959,37.09618],[127.29902,37.09814],[127.29655,37.09979],[127.29587,37.10254],[127.29928,37.10588],[127.30163,37.10712],[127.3041,37.10909],[127.3057,37.10711],[127.31063,37.10538],[127.31214,37.10711],[127.31328,37.10947],[127.31636,37.10984],[127.32035,37.11314],[127.32672,37.11944],[127.32959,37.11881],[127.33006,37.11656],[127.33078,37.11682],[127.33336,37.11174],[127.33551,37.11069],[127.33969,37.10932],[127.34343,37.10402],[127.34495,37.10332],[127.34768,37.10357],[127.35232,37.10018],[127.34994,37.09738]]]}},{"type":"Feature","properties":{"adm_cd2":"4155032000","adm_nm":"경기도 안성시 금광면","sggnm":"안성시"},"geometry":{"type":"Polygon","coordinates":[[[127.3928,37.02789],[127.39211,37.02446],[127.3912,37.0233],[127.39097,37.0217],[127.39346,37.01406],[127.3953,37.01281],[127.3975,37.01066],[127.39799,37.00891],[127.3963,37.00584],[127.3952,37.00289],[127.39504,36.99981],[127.39553,36.99838],[127.39404,36.99794],[127.39254,36.9965],[127.39162,36.99388],[127.3918,36.99331],[127.3907,36.99088],[127.38536,36.98506],[127.38494,36.9844],[127.38492,36.98366],[127.38608,36.98139],[127.38961,36.98016],[127.39412,36.9773],[127.3996,36.97004],[127.40186,36.96775],[127.39807,36.96432],[127.3966,36.96399],[127.39157,36.96474],[127.38759,36.96407],[127.38533,36.96048],[127.38589,36.9598],[127.38538,36.95914],[127.38006,36.95855],[127.37913,36.95756],[127.37863,36.9558],[127.37917,36.95398],[127.37853,36.95147],[127.37637,36.94946],[127.3755,36.94818],[127.37311,36.94846],[127.37252,36.94929],[127.36205,36.94927],[127.35946,36.9485],[127.35789,36.94748],[127.35606,36.9502],[127.35598,36.95106],[127.3551,36.95167],[127.35407,36.95225],[127.35163,36.95268],[127.34974,36.95257],[127.34351,36.94798],[127.34281,36.94629],[127.34343,36.9443],[127.34305,36.94352],[127.3422,36.9431],[127.33867,36.94277],[127.33218,36.93952],[127.33109,36.93819],[127.32703,36.93578],[127.32455,36.93579],[127.32318,36.93643],[127.31649,36.93465],[127.31503,36.93222],[127.30915,36.92909],[127.30038,36.9292],[127.29849,36.9298],[127.29706,36.92983],[127.29657,36.92957],[127.29728,36.93222],[127.29836,36.93449],[127.29714,36.93561],[127.29897,36.93917],[127.30038,36.94058],[127.3014,36.94242],[127.30132,36.94502],[127.2937,36.95466],[127.29632,36.95572],[127.29792,36.95691],[127.29927,36.96221],[127.29902,36.96383],[127.29839,36.9641],[127.2981,36.96476],[127.29803,36.96931],[127.29665,36.97014],[127.29562,36.97019],[127.29429,36.97115],[127.29248,36.97486],[127.29193,36.9784],[127.28995,36.98071],[127.28727,36.98287],[127.28659,36.98551],[127.28658,36.98602],[127.28711,36.98672],[127.28799,36.9864],[127.29013,36.9873],[127.28933,36.99276],[127.29565,36.99338],[127.29302,36.99486],[127.29037,36.99854],[127.29233,36.99803],[127.29451,36.99821],[127.2977,36.99989],[127.29983,37.00038],[127.30585,37.00063],[127.30679,37.00031],[127.31013,37.00062],[127.31149,37.00182],[127.31196,37.0098],[127.32009,37.00937],[127.32943,37.01157],[127.33346,37.01104],[127.33825,37.01451],[127.34164,37.01632],[127.34585,37.01739],[127.34641,37.01784],[127.34641,37.01849],[127.34755,37.0201],[127.35091,37.02219],[127.35241,37.02365],[127.36102,37.02792],[127.36146,37.029],[127.36531,37.03273],[127.36733,37.03239],[127.36957,37.03133],[127.37204,37.03096],[127.37428,37.03007],[127.38322,37.03086],[127.39001,37.03108],[127.3928,37.02789]]]}},{"type":"Feature","properties":{"adm_cd2":"4155033000","adm_nm":"경기도 안성시 서운면","sggnm":"안성시"},"geometry":{"type":"Polygon","coordinates":[[[127.29562,36.97019],[127.29665,36.97014],[127.29803,36.96931],[127.2981,36.96476],[127.29839,36.9641],[127.29902,36.96383],[127.29927,36.96221],[127.29792,36.95691],[127.29632,36.95572],[127.2937,36.95466],[127.30132,36.94502],[127.3014,36.94242],[127.30038,36.94058],[127.29897,36.93917],[127.29714,36.93561],[127.29836,36.93449],[127.29728,36.93222],[127.29657,36.92957],[127.29565,36.9287],[127.30408,36.91514],[127.30346,36.91343],[127.29779,36.90263],[127.29409,36.89912],[127.2921,36.89751],[127.29067,36.89685],[127.28976,36.89471],[127.2898,36.89382],[127.28856,36.89353],[127.28482,36.89569],[127.27953,36.90024],[127.27933,36.90052],[127.2805,36.90281],[127.28033,36.90427],[127.27856,36.90607],[127.27491,36.90832],[127.27176,36.91331],[127.27016,36.91325],[127.26694,36.91376],[127.26157,36.91477],[127.25913,36.91561],[127.25758,36.91654],[127.25406,36.92181],[127.25312,36.92226],[127.24976,36.92144],[127.24884,36.92085],[127.24821,36.91921],[127.24608,36.91803],[127.24402,36.9174],[127.23947,36.9194],[127.23758,36.92065],[127.23609,36.92383],[127.23554,36.92401],[127.23365,36.92362],[127.22885,36.92439],[127.22607,36.92657],[127.22021,36.9303],[127.21653,36.93037],[127.21261,36.92972],[127.21073,36.93041],[127.20988,36.9313],[127.21016,36.93412],[127.2116,36.93565],[127.21186,36.93679],[127.21167,36.93788],[127.21129,36.93831],[127.21329,36.93833],[127.21519,36.94102],[127.21759,36.94308],[127.22337,36.9432],[127.22372,36.94652],[127.2262,36.94681],[127.23494,36.94614],[127.24322,36.94688],[127.24399,36.94713],[127.24956,36.95294],[127.25108,36.95311],[127.25964,36.95743],[127.26332,36.96189],[127.26379,36.96661],[127.26277,36.96877],[127.26269,36.97062],[127.26553,36.97548],[127.26732,36.97776],[127.26809,36.9794],[127.26921,36.97971],[127.27494,36.97447],[127.27677,36.97232],[127.27916,36.97221],[127.2845,36.96765],[127.28751,36.96826],[127.29425,36.97124],[127.29562,36.97019]]]}},{"type":"Feature","properties":{"adm_cd2":"4155034000","adm_nm":"경기도 안성시 미양면","sggnm":"안성시"},"geometry":{"type":"Polygon","coordinates":[[[127.26553,36.97548],[127.26256,36.97025],[127.26277,36.96877],[127.26379,36.96661],[127.26322,36.96157],[127.25964,36.95743],[127.25108,36.95311],[127.24956,36.95294],[127.24399,36.94713],[127.24257,36.94675],[127.23494,36.94614],[127.2262,36.94681],[127.22372,36.94652],[127.22337,36.9432],[127.21759,36.94308],[127.21519,36.94102],[127.21379,36.9388],[127.21329,36.93833],[127.2125,36.93819],[127.21129,36.93831],[127.20589,36.94178],[127.20683,36.94608],[127.20448,36.95015],[127.20189,36.95211],[127.19539,36.95207],[127.19197,36.95235],[127.19011,36.95286],[127.18879,36.95389],[127.18798,36.95524],[127.1819,36.95753],[127.1808,36.95686],[127.17994,36.95789],[127.17767,36.95827],[127.17799,36.9598],[127.17708,36.96071],[127.17587,36.96106],[127.17604,36.96207],[127.17234,36.96319],[127.16989,36.96248],[127.16505,36.96202],[127.16127,36.96417],[127.15539,36.96572],[127.1554,36.96642],[127.15677,36.96723],[127.1697,36.96504],[127.1743,36.96536],[127.1774,36.96629],[127.18124,36.96843],[127.18563,36.97185],[127.18841,36.97461],[127.20207,36.98475],[127.20437,36.98547],[127.21063,36.98946],[127.21204,36.98953],[127.21627,36.98747],[127.21742,36.98719],[127.22216,36.98789],[127.22375,36.98849],[127.225,36.98958],[127.22629,36.99156],[127.22696,36.99332],[127.22866,36.99617],[127.23545,37.00074],[127.24021,37.00236],[127.24367,37.00191],[127.24647,37.00071],[127.24704,36.99785],[127.24698,36.99627],[127.24824,36.99528],[127.25126,36.99446],[127.25679,36.99111],[127.25943,36.98774],[127.25893,36.98669],[127.2594,36.98551],[127.26515,36.97942],[127.26732,36.97776],[127.26553,36.97548]]]}},{"type":"Feature","properties":{"adm_cd2":"4155035000","adm_nm":"경기도 안성시 대덕면","sggnm":"안성시"},"geometry":{"type":"Polygon","coordinates":[[[127.28488,37.0636],[127.28401,37.05587],[127.28144,37.05166],[127.27829,37.04807],[127.27761,37.04754],[127.27497,37.04705],[127.27369,37.04685],[127.27213,37.04747],[127.26763,37.04635],[127.26206,37.04647],[127.2593,37.0469],[127.25252,37.04318],[127.25403,37.03847],[127.2561,37.0349],[127.25944,37.0307],[127.26099,37.03006],[127.2619,37.02591],[127.26204,37.02263],[127.25552,37.02392],[127.25351,37.02399],[127.24555,37.02248],[127.24382,37.02182],[127.24191,37.02052],[127.24108,37.01883],[127.24137,37.01799],[127.24232,37.01705],[127.24304,37.01366],[127.24213,37.01161],[127.24216,37.00863],[127.241,37.00682],[127.23995,37.00612],[127.23928,37.00219],[127.23545,37.00074],[127.22866,36.99617],[127.22696,36.99332],[127.2268,36.99238],[127.22453,36.98908],[127.22216,36.98789],[127.21742,36.98719],[127.21627,36.98747],[127.21204,36.98953],[127.2112,36.98964],[127.20437,36.98547],[127.20207,36.98475],[127.20127,36.98496],[127.202,36.98726],[127.20249,36.98776],[127.20598,36.98861],[127.20838,36.99008],[127.20899,36.99097],[127.2096,36.99348],[127.21186,36.99532],[127.21397,36.99928],[127.21408,37.00076],[127.2119,37.00943],[127.21158,37.01373],[127.21577,37.02198],[127.21658,37.02638],[127.21463,37.03085],[127.20989,37.0397],[127.20609,37.04242],[127.20294,37.04759],[127.20255,37.05012],[127.20311,37.05201],[127.20396,37.05221],[127.20708,37.05177],[127.20923,37.04978],[127.21086,37.04943],[127.213,37.0515],[127.21491,37.05185],[127.21558,37.05139],[127.21649,37.04927],[127.21819,37.0487],[127.21905,37.04879],[127.22471,37.05361],[127.22601,37.0548],[127.22666,37.05592],[127.22938,37.05811],[127.23881,37.06076],[127.24439,37.05935],[127.24776,37.0595],[127.26091,37.06556],[127.26305,37.06618],[127.26343,37.06974],[127.26472,37.07301],[127.26532,37.07331],[127.26649,37.07185],[127.26753,37.07234],[127.27518,37.07193],[127.27679,37.0702],[127.2778,37.06845],[127.27856,37.06789],[127.28009,37.06717],[127.28219,37.06745],[127.28488,37.0636]]]}},{"type":"Feature","properties":{"adm_cd2":"4155036000","adm_nm":"경기도 안성시 양성면","sggnm":"안성시"},"geometry":{"type":"Polygon","coordinates":[[[127.26877,37.15424],[127.26925,37.1525],[127.26954,37.15144],[127.26803,37.14933],[127.26915,37.14714],[127.27091,37.14552],[127.27225,37.14481],[127.27312,37.14331],[127.27193,37.14103],[127.2721,37.1394],[127.27307,37.13501],[127.27436,37.13364],[127.27325,37.1302],[127.27264,37.12665],[127.27281,37.12496],[127.27621,37.12262],[127.27721,37.12054],[127.27725,37.11818],[127.27642,37.11416],[127.27536,37.1123],[127.27174,37.10961],[127.27288,37.10237],[127.26896,37.10148],[127.26779,37.10206],[127.26662,37.10335],[127.26546,37.10375],[127.26324,37.10419],[127.25933,37.10416],[127.25306,37.10177],[127.24961,37.10093],[127.24695,37.09936],[127.24469,37.0959],[127.24086,37.09183],[127.24006,37.09163],[127.23677,37.09209],[127.2349,37.09122],[127.23406,37.09002],[127.23246,37.09061],[127.23094,37.08958],[127.22842,37.08666],[127.22813,37.08581],[127.22925,37.08387],[127.22864,37.08087],[127.22696,37.07828],[127.23254,37.07658],[127.23728,37.07705],[127.24082,37.07433],[127.24293,37.07251],[127.24377,37.07122],[127.24403,37.06962],[127.24345,37.06802],[127.24453,37.06557],[127.24924,37.06008],[127.24776,37.0595],[127.24555,37.05926],[127.24266,37.05964],[127.23881,37.06076],[127.22938,37.05811],[127.22666,37.05592],[127.22601,37.0548],[127.21984,37.04924],[127.21875,37.04872],[127.21649,37.04927],[127.21558,37.05139],[127.21491,37.05185],[127.213,37.0515],[127.21086,37.04943],[127.20923,37.04978],[127.20708,37.05177],[127.20323,37.05211],[127.20256,37.05029],[127.20277,37.04795],[127.20609,37.04242],[127.20989,37.0397],[127.21618,37.0276],[127.21658,37.02638],[127.21654,37.02524],[127.20732,37.0245],[127.20459,37.02279],[127.19908,37.02058],[127.1896,37.01867],[127.18805,37.01778],[127.18895,37.01596],[127.18817,37.01564],[127.18675,37.01808],[127.18672,37.02229],[127.18509,37.02552],[127.18378,37.0271],[127.17947,37.02774],[127.17764,37.02859],[127.17608,37.03159],[127.17524,37.03186],[127.17172,37.03501],[127.16989,37.03564],[127.17088,37.03759],[127.17376,37.04004],[127.17393,37.04525],[127.1731,37.04681],[127.17349,37.04748],[127.17493,37.04835],[127.17691,37.04848],[127.17813,37.04904],[127.17831,37.04968],[127.17795,37.05034],[127.17569,37.05207],[127.17492,37.05347],[127.17488,37.05733],[127.17587,37.06262],[127.17456,37.0646],[127.17417,37.06746],[127.17477,37.06851],[127.17739,37.0697],[127.17879,37.07115],[127.17691,37.07364],[127.17682,37.07484],[127.18076,37.07774],[127.1823,37.07779],[127.18489,37.08093],[127.18623,37.08449],[127.18881,37.08655],[127.19238,37.08709],[127.19527,37.08907],[127.1976,37.093],[127.19891,37.09686],[127.20232,37.1004],[127.20502,37.10242],[127.20706,37.10318],[127.20859,37.10439],[127.20967,37.10607],[127.20986,37.10722],[127.20862,37.10972],[127.20932,37.11227],[127.20999,37.11235],[127.21205,37.11057],[127.2147,37.11093],[127.21605,37.11187],[127.22016,37.11343],[127.22322,37.1129],[127.22617,37.11394],[127.2271,37.11533],[127.22939,37.11713],[127.23386,37.11768],[127.23645,37.12125],[127.24302,37.1225],[127.24581,37.12205],[127.25052,37.1227],[127.25103,37.123],[127.25196,37.12456],[127.25338,37.129],[127.25291,37.13088],[127.25116,37.1336],[127.25333,37.13698],[127.25371,37.13809],[127.25281,37.1412],[127.25128,37.14267],[127.25026,37.14524],[127.2535,37.14686],[127.25548,37.15134],[127.26047,37.15207],[127.26167,37.15408],[127.2638,37.15587],[127.26694,37.15533],[127.26877,37.15424]]]}},{"type":"Feature","properties":{"adm_cd2":"4155038000","adm_nm":"경기도 안성시 원곡면","sggnm":"안성시"},"geometry":{"type":"Polygon","coordinates":[[[127.18489,37.08093],[127.1823,37.07779],[127.18076,37.07774],[127.17682,37.07484],[127.17691,37.07364],[127.17879,37.07115],[127.17739,37.0697],[127.17477,37.06851],[127.17417,37.06746],[127.17456,37.0646],[127.17587,37.06262],[127.17488,37.05733],[127.17492,37.05347],[127.17569,37.05207],[127.17795,37.05034],[127.17831,37.04968],[127.17813,37.04904],[127.17691,37.04848],[127.17493,37.04835],[127.17349,37.04748],[127.1731,37.04681],[127.17393,37.04525],[127.17376,37.04004],[127.17088,37.03759],[127.16989,37.03564],[127.17172,37.03501],[127.17524,37.03186],[127.17173,37.02731],[127.17194,37.02607],[127.17474,37.02601],[127.17573,37.02483],[127.1733,37.02183],[127.17188,37.01883],[127.16813,37.01795],[127.15836,37.0117],[127.15621,37.01151],[127.15497,37.01094],[127.1549,37.01009],[127.15603,37.00891],[127.15627,37.00772],[127.15226,37.00258],[127.15108,37.00251],[127.14885,37.00817],[127.14617,37.01049],[127.14481,37.01115],[127.14428,37.01401],[127.14537,37.01668],[127.15253,37.02155],[127.15307,37.02947],[127.14495,37.03139],[127.13719,37.03387],[127.12633,37.03333],[127.12644,37.03357],[127.12231,37.03506],[127.11884,37.03163],[127.11694,37.02721],[127.11564,37.02749],[127.11241,37.02908],[127.10705,37.03292],[127.10533,37.03519],[127.10529,37.03575],[127.10989,37.04077],[127.11229,37.04197],[127.11343,37.04177],[127.11477,37.04216],[127.11967,37.04609],[127.12074,37.04835],[127.12218,37.05042],[127.12389,37.05156],[127.12661,37.05209],[127.12739,37.05252],[127.13062,37.05811],[127.12817,37.06347],[127.1257,37.06469],[127.12024,37.06271],[127.11847,37.06267],[127.11542,37.06473],[127.11398,37.06509],[127.10653,37.06493],[127.10404,37.06615],[127.10231,37.06868],[127.10272,37.073],[127.10482,37.07442],[127.10375,37.07524],[127.10364,37.07575],[127.10807,37.07654],[127.10988,37.07596],[127.12145,37.07641],[127.12421,37.07754],[127.12644,37.08159],[127.12639,37.08227],[127.12511,37.0866],[127.12306,37.09135],[127.12594,37.09063],[127.13217,37.09146],[127.13385,37.09241],[127.13579,37.09169],[127.13597,37.09081],[127.13734,37.08914],[127.14211,37.08783],[127.14471,37.09085],[127.14628,37.09141],[127.1537,37.09101],[127.1618,37.0889],[127.16308,37.08784],[127.1662,37.0866],[127.17308,37.08587],[127.17626,37.08767],[127.17904,37.08761],[127.18212,37.08707],[127.18421,37.08607],[127.18623,37.08449],[127.18489,37.08093]]]}},{"type":"Feature","properties":{"adm_cd2":"4155039000","adm_nm":"경기도 안성시 일죽면","sggnm":"안성시"},"geometry":{"type":"Polygon","coordinates":[[[127.44971,37.14614],[127.44783,37.14492],[127.44802,37.14419],[127.45028,37.14147],[127.45345,37.13524],[127.45796,37.13035],[127.46996,37.12954],[127.47241,37.12877],[127.47518,37.12739],[127.48049,37.12663],[127.49248,37.12309],[127.49373,37.12391],[127.4968,37.12449],[127.49749,37.12436],[127.49882,37.12348],[127.50294,37.11823],[127.50389,37.10966],[127.50486,37.10841],[127.50774,37.10578],[127.51318,37.10562],[127.51394,37.10429],[127.5146,37.10112],[127.51183,37.10018],[127.51091,37.09932],[127.51053,37.09677],[127.51116,37.0962],[127.51348,37.09557],[127.51482,37.09344],[127.51562,37.08572],[127.51619,37.08438],[127.51737,37.08367],[127.5186,37.08237],[127.51595,37.08133],[127.51492,37.08026],[127.51407,37.07801],[127.51469,37.077],[127.51474,37.07617],[127.51359,37.07315],[127.51254,37.07135],[127.5111,37.0701],[127.50762,37.06991],[127.50679,37.06932],[127.50846,37.06407],[127.50723,37.06261],[127.50481,37.06039],[127.49781,37.05718],[127.49355,37.05653],[127.4897,37.05249],[127.48179,37.05332],[127.47137,37.05254],[127.46804,37.053],[127.46867,37.05394],[127.46921,37.05618],[127.46612,37.05989],[127.46343,37.06068],[127.45955,37.05974],[127.45848,37.05999],[127.45658,37.06064],[127.44671,37.06609],[127.4426,37.07088],[127.44096,37.07399],[127.44066,37.07566],[127.43839,37.07927],[127.43698,37.08011],[127.43645,37.08076],[127.43647,37.08124],[127.43989,37.08627],[127.44261,37.08933],[127.44343,37.09145],[127.4436,37.09372],[127.44536,37.0976],[127.44934,37.09883],[127.45252,37.10094],[127.45172,37.10176],[127.44964,37.10286],[127.44433,37.10323],[127.44016,37.10517],[127.43729,37.10613],[127.42927,37.1074],[127.42766,37.10876],[127.4269,37.11131],[127.42511,37.11271],[127.42566,37.11311],[127.42341,37.11445],[127.42027,37.11573],[127.41521,37.1157],[127.41398,37.11621],[127.41266,37.11788],[127.41257,37.11943],[127.41373,37.12157],[127.41501,37.12283],[127.41747,37.1238],[127.42091,37.12607],[127.42141,37.12768],[127.42418,37.13113],[127.42561,37.13397],[127.42615,37.13643],[127.42644,37.13861],[127.42562,37.14074],[127.42586,37.14304],[127.42729,37.14592],[127.42954,37.14701],[127.43026,37.14815],[127.43269,37.14879],[127.43385,37.14829],[127.43884,37.148],[127.4416,37.14924],[127.44587,37.14941],[127.44659,37.1487],[127.44967,37.1486],[127.45033,37.14808],[127.44971,37.14614]]]}},{"type":"Feature","properties":{"adm_cd2":"4155040000","adm_nm":"경기도 안성시 죽산면","sggnm":"안성시"},"geometry":{"type":"Polygon","coordinates":[[[127.46859,37.05159],[127.46843,37.05065],[127.46613,37.04927],[127.4636,37.04834],[127.46127,37.04706],[127.45772,37.0436],[127.45719,37.04223],[127.45721,37.04059],[127.45934,37.03897],[127.45975,37.03648],[127.45974,37.03547],[127.45806,37.03297],[127.45784,37.03021],[127.4593,37.02719],[127.45941,37.02537],[127.45885,37.02256],[127.45801,37.02058],[127.45682,37.02056],[127.45428,37.02143],[127.44959,37.01821],[127.44833,37.01645],[127.44764,37.01258],[127.4467,37.01103],[127.444,37.01191],[127.44111,37.01162],[127.43838,37.00992],[127.43703,37.00795],[127.43446,37.00526],[127.42973,37.00188],[127.42672,37.00279],[127.4222,37.00477],[127.41945,37.00313],[127.41798,37.00142],[127.41509,36.99966],[127.41421,36.99959],[127.41343,37.00009],[127.41203,37.00028],[127.40969,36.9994],[127.40815,36.99818],[127.40196,36.99878],[127.39697,36.99817],[127.39543,36.99844],[127.39504,36.99981],[127.3952,37.00289],[127.3963,37.00584],[127.39799,37.00891],[127.3975,37.01066],[127.3953,37.01281],[127.39346,37.01406],[127.39097,37.0217],[127.3912,37.0233],[127.39211,37.02446],[127.3928,37.02789],[127.39001,37.03108],[127.39354,37.03826],[127.39171,37.03935],[127.38781,37.04082],[127.3844,37.04305],[127.38278,37.04542],[127.38135,37.04855],[127.38182,37.05187],[127.38102,37.05314],[127.37994,37.05403],[127.37801,37.05721],[127.37804,37.06015],[127.37897,37.06087],[127.37994,37.06294],[127.38014,37.07043],[127.381,37.07428],[127.38488,37.07488],[127.39031,37.07412],[127.39728,37.07373],[127.39996,37.07395],[127.4004,37.07549],[127.39994,37.07655],[127.40093,37.08039],[127.40239,37.08176],[127.40529,37.08288],[127.40717,37.08226],[127.40848,37.08143],[127.40992,37.08139],[127.41608,37.08941],[127.41659,37.09154],[127.41612,37.09309],[127.41628,37.09574],[127.41984,37.09737],[127.42106,37.09753],[127.42172,37.09728],[127.42376,37.09884],[127.42418,37.0997],[127.4211,37.10579],[127.42107,37.10651],[127.42459,37.10944],[127.4242,37.11042],[127.42307,37.11119],[127.42511,37.11271],[127.4269,37.11131],[127.42766,37.10876],[127.42927,37.1074],[127.43729,37.10613],[127.44016,37.10517],[127.44433,37.10323],[127.44964,37.10286],[127.45172,37.10176],[127.45252,37.10094],[127.44934,37.09883],[127.44536,37.0976],[127.4436,37.09372],[127.44343,37.09145],[127.44261,37.08933],[127.43989,37.08627],[127.4368,37.08188],[127.43645,37.08076],[127.43839,37.07927],[127.44066,37.07566],[127.44096,37.07399],[127.4426,37.07088],[127.44671,37.06609],[127.45658,37.06064],[127.45848,37.05999],[127.45955,37.05974],[127.46343,37.06068],[127.46612,37.05989],[127.46921,37.05618],[127.46867,37.05394],[127.46804,37.053],[127.46859,37.05159]]]}},{"type":"Feature","properties":{"adm_cd2":"4155041000","adm_nm":"경기도 안성시 삼죽면","sggnm":"안성시"},"geometry":{"type":"Polygon","coordinates":[[[127.41659,37.09154],[127.41608,37.08941],[127.40992,37.08139],[127.40848,37.08143],[127.40717,37.08226],[127.40515,37.08287],[127.40239,37.08176],[127.40093,37.08039],[127.39994,37.07655],[127.4004,37.07549],[127.39996,37.07395],[127.39728,37.07373],[127.39031,37.07412],[127.38488,37.07488],[127.381,37.07428],[127.38014,37.07043],[127.37994,37.06294],[127.37897,37.06087],[127.37804,37.06015],[127.37802,37.05715],[127.37994,37.05403],[127.38102,37.05314],[127.38182,37.05187],[127.38135,37.04855],[127.38278,37.04542],[127.3844,37.04305],[127.38781,37.04082],[127.39171,37.03935],[127.39354,37.03826],[127.39001,37.03108],[127.38322,37.03086],[127.37428,37.03007],[127.37204,37.03096],[127.36957,37.03133],[127.36733,37.03239],[127.36531,37.03273],[127.36146,37.029],[127.36102,37.02792],[127.35241,37.02365],[127.35091,37.02219],[127.34961,37.02254],[127.34924,37.02429],[127.34752,37.02615],[127.34128,37.0292],[127.33602,37.03064],[127.33642,37.03152],[127.33662,37.03351],[127.33559,37.03498],[127.33406,37.03826],[127.33575,37.04011],[127.33727,37.0436],[127.33878,37.04756],[127.33916,37.05017],[127.33888,37.05083],[127.33577,37.05237],[127.33434,37.05391],[127.33422,37.05489],[127.33896,37.0623],[127.33803,37.06602],[127.33814,37.07011],[127.33825,37.07101],[127.33993,37.07436],[127.34033,37.0759],[127.33929,37.08201],[127.3431,37.09053],[127.34994,37.09738],[127.35232,37.10018],[127.35345,37.09999],[127.35442,37.1006],[127.35507,37.10373],[127.35827,37.10729],[127.35909,37.10757],[127.36122,37.10751],[127.36899,37.1068],[127.373,37.10582],[127.37405,37.10496],[127.37436,37.10262],[127.37494,37.10203],[127.37695,37.1011],[127.37888,37.10294],[127.3792,37.1052],[127.38171,37.10592],[127.38414,37.10594],[127.38764,37.10823],[127.38979,37.10814],[127.39323,37.1065],[127.39408,37.10544],[127.39382,37.10438],[127.39795,37.09643],[127.39899,37.09538],[127.40197,37.09388],[127.41554,37.09341],[127.41612,37.09309],[127.41659,37.09154]]]}},{"type":"Feature","properties":{"adm_cd2":"4155042000","adm_nm":"경기도 안성시 고삼면","sggnm":"안성시"},"geometry":{"type":"Polygon","coordinates":[[[127.30163,37.10712],[127.29928,37.10588],[127.29587,37.10254],[127.29655,37.09979],[127.29902,37.09814],[127.29959,37.09618],[127.29967,37.0951],[127.2982,37.0939],[127.29803,37.09332],[127.29829,37.09263],[127.3019,37.08995],[127.30212,37.0867],[127.30148,37.08151],[127.29996,37.07916],[127.30062,37.07698],[127.30053,37.07538],[127.29835,37.07445],[127.29571,37.07277],[127.29579,37.07199],[127.29507,37.07111],[127.29007,37.06965],[127.2857,37.07013],[127.28506,37.07098],[127.28294,37.06883],[127.28219,37.06745],[127.28009,37.06717],[127.2778,37.06845],[127.27679,37.0702],[127.27518,37.07193],[127.26753,37.07234],[127.26649,37.07185],[127.26532,37.07331],[127.26472,37.07301],[127.26343,37.06974],[127.26305,37.06618],[127.26091,37.06556],[127.2512,37.06127],[127.24924,37.06008],[127.24453,37.06557],[127.24345,37.06802],[127.24403,37.06962],[127.24377,37.07122],[127.24293,37.07251],[127.24082,37.07433],[127.23728,37.07705],[127.23254,37.07658],[127.22696,37.07828],[127.22864,37.08087],[127.22925,37.08387],[127.22817,37.0856],[127.22829,37.08629],[127.23094,37.08958],[127.23257,37.09064],[127.23406,37.09002],[127.2349,37.09122],[127.23677,37.09209],[127.24067,37.0917],[127.24469,37.0959],[127.24695,37.09936],[127.24944,37.10086],[127.25306,37.10177],[127.25933,37.10416],[127.26324,37.10419],[127.26546,37.10375],[127.26662,37.10335],[127.26779,37.10206],[127.26896,37.10148],[127.27284,37.1023],[127.27174,37.10961],[127.27536,37.1123],[127.27642,37.11416],[127.27725,37.11818],[127.27721,37.12054],[127.27689,37.12166],[127.27621,37.12262],[127.2728,37.12504],[127.27264,37.12665],[127.27325,37.1302],[127.27436,37.13364],[127.27911,37.13412],[127.28182,37.13406],[127.2823,37.13387],[127.28413,37.13082],[127.28627,37.13202],[127.28788,37.13147],[127.28861,37.12968],[127.29231,37.12665],[127.29292,37.12477],[127.29284,37.1235],[127.29324,37.12293],[127.29493,37.1212],[127.29661,37.12078],[127.29714,37.12033],[127.29908,37.11684],[127.2998,37.11249],[127.30334,37.11176],[127.30421,37.1095],[127.3041,37.10909],[127.30163,37.10712]]]}},{"type":"Feature","properties":{"adm_cd2":"4155051000","adm_nm":"경기도 안성시 안성1동","sggnm":"안성시"},"geometry":{"type":"Polygon","coordinates":[[[127.29302,36.99486],[127.29565,36.99338],[127.28933,36.99276],[127.29013,36.9873],[127.28799,36.9864],[127.28711,36.98672],[127.28677,36.98633],[127.28655,36.98574],[127.28727,36.98287],[127.2824,36.98188],[127.27889,36.98185],[127.27772,36.98682],[127.27297,36.99001],[127.27354,36.99681],[127.27414,36.99742],[127.27362,37.00113],[127.27047,37.00092],[127.27127,37.00719],[127.27215,37.01071],[127.27121,37.01091],[127.27168,37.01445],[127.27218,37.01516],[127.27351,37.01597],[127.277,37.01644],[127.27927,37.0162],[127.28082,37.01738],[127.28163,37.01863],[127.2815,37.01941],[127.28085,37.02013],[127.28105,37.02255],[127.28545,37.02198],[127.28615,37.02265],[127.28773,37.02308],[127.29547,37.01834],[127.29724,37.01519],[127.29384,37.01396],[127.29471,37.01239],[127.29481,37.01136],[127.29343,37.00495],[127.29062,37.0037],[127.2893,37.004],[127.28839,37.00381],[127.28757,37.00311],[127.28754,37.00041],[127.29037,36.99854],[127.29302,36.99486]]]}},{"type":"Feature","properties":{"adm_cd2":"4155052000","adm_nm":"경기도 안성시 안성2동","sggnm":"안성시"},"geometry":{"type":"Polygon","coordinates":[[[127.27047,37.00092],[127.27362,37.00113],[127.27414,36.99742],[127.27354,36.99681],[127.27297,36.99001],[127.27772,36.98682],[127.27889,36.98185],[127.2824,36.98188],[127.28727,36.98287],[127.28995,36.98071],[127.29193,36.9784],[127.29248,36.97486],[127.29425,36.97124],[127.28751,36.96826],[127.2845,36.96765],[127.27916,36.97221],[127.27677,36.97232],[127.27494,36.97447],[127.26921,36.97971],[127.26809,36.9794],[127.26732,36.97776],[127.26515,36.97942],[127.2594,36.98551],[127.25893,36.98669],[127.25943,36.98774],[127.25679,36.99111],[127.25126,36.99446],[127.24824,36.99528],[127.24698,36.99627],[127.24704,36.99785],[127.24647,37.00071],[127.24367,37.00191],[127.2412,37.00236],[127.23928,37.00219],[127.23995,37.00612],[127.241,37.00682],[127.24216,37.00863],[127.24213,37.01161],[127.24241,37.01241],[127.2468,37.01227],[127.25509,37.01351],[127.25891,37.01302],[127.26235,37.01416],[127.26493,37.01358],[127.26598,37.01276],[127.26678,37.00871],[127.26825,37.0078],[127.27127,37.00719],[127.27047,37.00092]]]}},{"type":"Feature","properties":{"adm_cd2":"4155053000","adm_nm":"경기도 안성시 안성3동","sggnm":"안성시"},"geometry":{"type":"Polygon","coordinates":[[[127.28085,37.02013],[127.2815,37.01941],[127.28163,37.01863],[127.28082,37.01738],[127.27927,37.0162],[127.277,37.01644],[127.27351,37.01597],[127.27218,37.01516],[127.27168,37.01445],[127.27121,37.01091],[127.27215,37.01071],[127.27127,37.00719],[127.26825,37.0078],[127.26678,37.00871],[127.26598,37.01276],[127.26493,37.01358],[127.26235,37.01416],[127.25891,37.01302],[127.25509,37.01351],[127.2468,37.01227],[127.24241,37.01241],[127.24304,37.01366],[127.24296,37.01435],[127.24232,37.01705],[127.24137,37.01799],[127.24108,37.01883],[127.24191,37.02052],[127.24382,37.02182],[127.24555,37.02248],[127.25264,37.02389],[127.25552,37.02392],[127.26204,37.02263],[127.2619,37.02591],[127.26099,37.03006],[127.25944,37.0307],[127.2561,37.0349],[127.25403,37.03847],[127.25252,37.04318],[127.2593,37.0469],[127.26206,37.04647],[127.26763,37.04635],[127.27213,37.04747],[127.27224,37.04508],[127.27605,37.03953],[127.27713,37.03679],[127.27673,37.03521],[127.27673,37.0329],[127.27866,37.02801],[127.28102,37.02377],[127.28085,37.02013]]]}},{"type":"Feature","properties":{"adm_cd2":"4157025000","adm_nm":"경기도 김포시 통진읍","sggnm":"김포시"},"geometry":{"type":"Polygon","coordinates":[[[126.6427,37.68261],[126.64206,37.67973],[126.63995,37.67923],[126.63284,37.67869],[126.63408,37.67513],[126.63375,37.67495],[126.62843,37.67762],[126.62402,37.67258],[126.61888,37.67539],[126.61452,37.67685],[126.61061,37.67959],[126.60753,37.67831],[126.60628,37.67594],[126.60734,37.67216],[126.60886,37.67142],[126.60528,37.67161],[126.60177,37.67334],[126.60094,37.67202],[126.5984,37.66999],[126.59506,37.66983],[126.59269,37.67053],[126.5907,37.67043],[126.58972,37.66583],[126.58424,37.66186],[126.58086,37.66407],[126.57887,37.66933],[126.57591,37.67192],[126.57652,37.6754],[126.57528,37.68085],[126.57332,37.68148],[126.56802,37.68192],[126.56518,37.68151],[126.56384,37.68195],[126.56299,37.68278],[126.56473,37.68339],[126.56535,37.68421],[126.56505,37.68541],[126.56087,37.69149],[126.55959,37.69179],[126.55914,37.69231],[126.5604,37.69818],[126.56624,37.70028],[126.56954,37.69979],[126.57115,37.7],[126.57415,37.70173],[126.57445,37.70316],[126.57554,37.70457],[126.57832,37.70586],[126.58082,37.70576],[126.58271,37.70824],[126.58569,37.71445],[126.58309,37.7162],[126.58227,37.71714],[126.58211,37.7235],[126.58409,37.72415],[126.58963,37.72421],[126.59772,37.72624],[126.60181,37.73072],[126.60078,37.73427],[126.59905,37.73609],[126.60287,37.73576],[126.60856,37.73384],[126.61023,37.7303],[126.61819,37.72679],[126.61499,37.72219],[126.61383,37.71689],[126.61442,37.71533],[126.61714,37.71472],[126.61878,37.71252],[126.62111,37.70705],[126.62617,37.70647],[126.62878,37.70394],[126.62826,37.70203],[126.63116,37.70021],[126.63004,37.69621],[126.63199,37.69325],[126.63265,37.69283],[126.63106,37.68441],[126.63501,37.68445],[126.63812,37.68522],[126.64249,37.68455],[126.64393,37.68373],[126.6441,37.68347],[126.6427,37.68261]]]}},{"type":"Feature","properties":{"adm_cd2":"4157025300","adm_nm":"경기도 김포시 고촌읍","sggnm":"김포시"},"geometry":{"type":"Polygon","coordinates":[[[126.74883,37.63445],[126.76091,37.62823],[126.76143,37.62758],[126.76415,37.62579],[126.76824,37.62369],[126.77489,37.62175],[126.78251,37.61659],[126.78875,37.61375],[126.79853,37.61048],[126.80494,37.60402],[126.80289,37.60462],[126.80093,37.60434],[126.79792,37.60075],[126.7971,37.59891],[126.79725,37.59659],[126.79906,37.59211],[126.80081,37.58901],[126.80079,37.588],[126.79883,37.58822],[126.79834,37.58779],[126.79703,37.58418],[126.79591,37.58316],[126.79482,37.58331],[126.79367,37.5816],[126.78705,37.58555],[126.78411,37.58259],[126.78193,37.58391],[126.7801,37.58436],[126.77336,37.58512],[126.77089,37.58604],[126.76807,37.58806],[126.76731,37.58803],[126.76404,37.5859],[126.76308,37.58489],[126.76155,37.58531],[126.7577,37.58479],[126.75556,37.58274],[126.75564,37.58124],[126.75474,37.58043],[126.75182,37.57957],[126.74993,37.58095],[126.75003,37.58368],[126.74916,37.5848],[126.74628,37.58712],[126.74533,37.58879],[126.74454,37.59154],[126.74362,37.59335],[126.73903,37.59369],[126.73798,37.5935],[126.73705,37.59318],[126.73668,37.59219],[126.73502,37.59047],[126.72901,37.59294],[126.72513,37.592],[126.72451,37.59294],[126.73342,37.59875],[126.73398,37.5995],[126.74056,37.60918],[126.73874,37.61012],[126.74134,37.6113],[126.74132,37.61176],[126.73989,37.61256],[126.73884,37.61414],[126.7389,37.61475],[126.73945,37.61518],[126.74306,37.61606],[126.74323,37.61647],[126.73848,37.62051],[126.73723,37.62106],[126.73345,37.62105],[126.73321,37.62304],[126.73374,37.62638],[126.73355,37.62702],[126.73003,37.63084],[126.72888,37.63089],[126.7281,37.63144],[126.72823,37.63198],[126.7298,37.63279],[126.7358,37.64155],[126.74883,37.63445]]]}},{"type":"Feature","properties":{"adm_cd2":"4157025600","adm_nm":"경기도 김포시 양촌읍","sggnm":"김포시"},"geometry":{"type":"Polygon","coordinates":[[[126.66633,37.68776],[126.66637,37.68606],[126.66679,37.68416],[126.66846,37.68018],[126.67128,37.67649],[126.67346,37.67491],[126.67017,37.67212],[126.66851,37.66973],[126.66817,37.66762],[126.66719,37.66465],[126.66653,37.6636],[126.66461,37.66297],[126.6637,37.66216],[126.66434,37.66036],[126.66434,37.65877],[126.66367,37.65745],[126.65707,37.64945],[126.65456,37.64528],[126.65253,37.64107],[126.65182,37.64221],[126.65149,37.64403],[126.65052,37.64509],[126.64792,37.64483],[126.64407,37.64606],[126.64245,37.64735],[126.64112,37.64982],[126.63967,37.64958],[126.63862,37.65223],[126.64029,37.65495],[126.63531,37.65649],[126.63339,37.65288],[126.63267,37.65241],[126.62468,37.65075],[126.62297,37.65013],[126.61783,37.64572],[126.62107,37.63758],[126.62771,37.63544],[126.63658,37.63382],[126.64163,37.6317],[126.64492,37.6286],[126.64227,37.62773],[126.63948,37.62776],[126.63695,37.62603],[126.63698,37.62343],[126.63657,37.62049],[126.63434,37.61941],[126.63281,37.61692],[126.63142,37.61346],[126.62929,37.61096],[126.62775,37.6069],[126.62769,37.60597],[126.6234,37.6028],[126.61958,37.60389],[126.61475,37.60587],[126.61246,37.60543],[126.60906,37.60415],[126.60711,37.60127],[126.60412,37.59883],[126.59272,37.59298],[126.56575,37.58608],[126.56365,37.58697],[126.56306,37.58948],[126.56473,37.59291],[126.56751,37.5953],[126.57882,37.60295],[126.58126,37.60419],[126.59082,37.61616],[126.59271,37.61517],[126.59807,37.62248],[126.60494,37.62966],[126.60562,37.63189],[126.60713,37.63455],[126.60714,37.63507],[126.60579,37.63687],[126.60723,37.64198],[126.60486,37.64292],[126.60217,37.64335],[126.60148,37.64417],[126.60142,37.64487],[126.604,37.65043],[126.60636,37.65164],[126.61038,37.65101],[126.61104,37.65599],[126.62186,37.66395],[126.61958,37.66518],[126.61852,37.66457],[126.61577,37.66441],[126.61326,37.66541],[126.61036,37.66717],[126.60976,37.66818],[126.61087,37.66984],[126.60886,37.67142],[126.60734,37.67216],[126.60622,37.67553],[126.60753,37.67831],[126.61061,37.67959],[126.61452,37.67685],[126.61888,37.67539],[126.62402,37.67258],[126.62843,37.67762],[126.63375,37.67495],[126.63408,37.67513],[126.63284,37.67869],[126.63995,37.67923],[126.64206,37.67973],[126.6427,37.68261],[126.64335,37.68302],[126.64661,37.68236],[126.64808,37.68278],[126.65458,37.69209],[126.65713,37.69258],[126.66705,37.68914],[126.66633,37.68776]]]}},{"type":"Feature","properties":{"adm_cd2":"4157034000","adm_nm":"경기도 김포시 대곶면","sggnm":"김포시"},"geometry":{"type":"MultiPolygon","coordinates":[[[[126.55087,37.59994],[126.55155,37.59978],[126.5518,37.59927],[126.55066,37.59625],[126.54963,37.59584],[126.54924,37.59622],[126.5472,37.6024],[126.54805,37.60473],[126.54924,37.60465],[126.54902,37.60414],[126.54982,37.60013],[126.55034,37.59945],[126.55087,37.59994]]],[[[126.56436,37.6816],[126.56802,37.68192],[126.57332,37.68148],[126.57528,37.68085],[126.57652,37.6754],[126.57591,37.67192],[126.57887,37.66933],[126.58086,37.66407],[126.58424,37.66186],[126.58972,37.66583],[126.5907,37.67043],[126.59269,37.67053],[126.59506,37.66983],[126.5984,37.66999],[126.60094,37.67202],[126.60177,37.67334],[126.60528,37.67161],[126.60886,37.67142],[126.61087,37.66984],[126.60976,37.66818],[126.61036,37.66717],[126.61326,37.66541],[126.61577,37.66441],[126.61852,37.66457],[126.61958,37.66518],[126.62186,37.66395],[126.61104,37.65599],[126.61038,37.65101],[126.60636,37.65164],[126.604,37.65043],[126.60142,37.64487],[126.60148,37.64417],[126.60217,37.64335],[126.60486,37.64292],[126.60723,37.64198],[126.60579,37.63687],[126.60714,37.63507],[126.60713,37.63455],[126.60562,37.63189],[126.60494,37.62966],[126.59807,37.62248],[126.59271,37.61517],[126.59082,37.61616],[126.58126,37.60419],[126.57882,37.60295],[126.56606,37.59417],[126.56239,37.59706],[126.5594,37.60056],[126.55621,37.60542],[126.55417,37.6093],[126.55404,37.61453],[126.55316,37.61803],[126.55082,37.62465],[126.54956,37.62709],[126.53793,37.63682],[126.53438,37.64181],[126.52896,37.65297],[126.52889,37.65391],[126.5297,37.65589],[126.53141,37.65771],[126.53446,37.65914],[126.53552,37.66171],[126.53576,37.66502],[126.5353,37.66633],[126.52978,37.66988],[126.52524,37.67218],[126.52411,37.67318],[126.52347,37.67443],[126.52298,37.67652],[126.52325,37.67876],[126.52545,37.68741],[126.52959,37.68615],[126.53421,37.68523],[126.53891,37.68364],[126.54166,37.6848],[126.54605,37.6842],[126.54673,37.68349],[126.55076,37.68253],[126.55157,37.68254],[126.55462,37.68402],[126.56152,37.68542],[126.56299,37.68278],[126.56436,37.6816]]]]}},{"type":"Feature","properties":{"adm_cd2":"4157035000","adm_nm":"경기도 김포시 월곶면","sggnm":"김포시"},"geometry":{"type":"MultiPolygon","coordinates":[[[[126.59216,37.75687],[126.59564,37.75467],[126.59347,37.75239],[126.59313,37.74936],[126.59381,37.7478],[126.59364,37.74733],[126.59101,37.74565],[126.59074,37.74012],[126.5934,37.73721],[126.59684,37.73591],[126.59905,37.73609],[126.60078,37.73427],[126.60181,37.73072],[126.59772,37.72624],[126.58963,37.72421],[126.58409,37.72415],[126.58211,37.7235],[126.58227,37.71714],[126.58309,37.7162],[126.58569,37.71445],[126.58271,37.70824],[126.58082,37.70576],[126.57832,37.70586],[126.57554,37.70457],[126.57445,37.70316],[126.57415,37.70173],[126.57115,37.7],[126.56954,37.69979],[126.56624,37.70028],[126.5604,37.69818],[126.55914,37.69231],[126.55959,37.69179],[126.56087,37.69149],[126.56505,37.68541],[126.56535,37.68421],[126.56473,37.68339],[126.56299,37.68278],[126.56152,37.68542],[126.55462,37.68402],[126.55157,37.68254],[126.54673,37.68349],[126.54605,37.6842],[126.54166,37.6848],[126.53891,37.68364],[126.53421,37.68523],[126.52959,37.68615],[126.52545,37.68741],[126.52555,37.69269],[126.52728,37.70314],[126.52214,37.70793],[126.51851,37.71273],[126.51846,37.7216],[126.51966,37.72619],[126.52602,37.73809],[126.5274,37.74389],[126.52784,37.7484],[126.5227,37.75394],[126.51458,37.76466],[126.51456,37.76695],[126.52251,37.76899],[126.52982,37.77012],[126.53537,37.77194],[126.53633,37.7719],[126.53753,37.77121],[126.54058,37.77059],[126.55515,37.76898],[126.55884,37.76756],[126.56163,37.76505],[126.56135,37.76157],[126.56676,37.75603],[126.56889,37.75509],[126.57527,37.75379],[126.58043,37.75381],[126.58258,37.75415],[126.58907,37.75639],[126.58978,37.75724],[126.59102,37.75777],[126.59201,37.75774],[126.59216,37.75687]]],[[[126.52629,37.77343],[126.51763,37.77162],[126.51654,37.7721],[126.51577,37.77316],[126.51507,37.77543],[126.51481,37.78086],[126.51535,37.78243],[126.51767,37.7842],[126.51957,37.78646],[126.51963,37.78761],[126.51864,37.79043],[126.51887,37.79249],[126.51978,37.79269],[126.52384,37.7898],[126.52575,37.78568],[126.52717,37.78385],[126.53215,37.78077],[126.53737,37.77895],[126.53994,37.7771],[126.54044,37.77609],[126.54022,37.77536],[126.53783,37.77386],[126.52629,37.77343]]]]}},{"type":"Feature","properties":{"adm_cd2":"4157036000","adm_nm":"경기도 김포시 하성면","sggnm":"김포시"},"geometry":{"type":"Polygon","coordinates":[[[126.674,37.75001],[126.67505,37.74444],[126.67739,37.73501],[126.6848,37.72565],[126.68544,37.7237],[126.68362,37.71339],[126.67972,37.70515],[126.67655,37.70008],[126.66705,37.68914],[126.65713,37.69258],[126.65458,37.69209],[126.64808,37.68278],[126.64661,37.68236],[126.64414,37.68285],[126.64377,37.68311],[126.6441,37.68347],[126.64393,37.68373],[126.64249,37.68455],[126.63812,37.68522],[126.63501,37.68445],[126.63106,37.68441],[126.63265,37.69283],[126.63199,37.69325],[126.63004,37.69621],[126.63116,37.70021],[126.62826,37.70203],[126.62878,37.70394],[126.62617,37.70647],[126.62111,37.70705],[126.61878,37.71252],[126.61714,37.71472],[126.61442,37.71533],[126.61383,37.71689],[126.61499,37.72219],[126.61819,37.72679],[126.61023,37.7303],[126.60856,37.73384],[126.60287,37.73576],[126.59905,37.73609],[126.59684,37.73591],[126.5934,37.73721],[126.59074,37.74012],[126.59101,37.74565],[126.59364,37.74733],[126.59381,37.7478],[126.59313,37.74936],[126.59347,37.75239],[126.59564,37.75467],[126.59216,37.75687],[126.59201,37.75774],[126.59981,37.75657],[126.60185,37.75429],[126.60397,37.75323],[126.60575,37.7529],[126.60947,37.75291],[126.61124,37.75392],[126.62261,37.76228],[126.62715,37.7686],[126.6279,37.77156],[126.62882,37.77236],[126.63894,37.77843],[126.64122,37.77931],[126.64908,37.78128],[126.65618,37.78231],[126.667,37.78452],[126.66993,37.77772],[126.67289,37.76938],[126.67365,37.76427],[126.67617,37.755],[126.674,37.75001]]]}},{"type":"Feature","properties":{"adm_cd2":"4157051500","adm_nm":"경기도 김포시 김포본동","sggnm":"김포시"},"geometry":{"type":"Polygon","coordinates":[[[126.7298,37.63279],[126.7283,37.63211],[126.7281,37.63144],[126.7289,37.63081],[126.72749,37.62875],[126.72442,37.6262],[126.71972,37.62004],[126.71281,37.6235],[126.71027,37.62175],[126.70749,37.61761],[126.70787,37.61704],[126.70764,37.61675],[126.70502,37.61555],[126.70416,37.61255],[126.69982,37.61583],[126.69863,37.61746],[126.69627,37.61894],[126.69152,37.62133],[126.68745,37.62283],[126.68519,37.6242],[126.68547,37.62466],[126.68774,37.62588],[126.68862,37.62693],[126.68855,37.63254],[126.68927,37.63327],[126.69156,37.63439],[126.69538,37.63431],[126.69668,37.63478],[126.69337,37.63724],[126.69635,37.64024],[126.69358,37.64232],[126.69799,37.64635],[126.70027,37.64764],[126.70144,37.64701],[126.70394,37.64716],[126.70422,37.64742],[126.70344,37.64875],[126.70374,37.64943],[126.70535,37.65049],[126.70747,37.65114],[126.70933,37.65466],[126.71826,37.64929],[126.72839,37.64451],[126.7358,37.64155],[126.7298,37.63279]]]}},{"type":"Feature","properties":{"adm_cd2":"4157054000","adm_nm":"경기도 김포시 사우동","sggnm":"김포시"},"geometry":{"type":"Polygon","coordinates":[[[126.73528,37.61142],[126.72886,37.61474],[126.72731,37.61356],[126.72177,37.61329],[126.72007,37.61403],[126.71498,37.61269],[126.71164,37.61486],[126.71038,37.61629],[126.70787,37.61704],[126.70749,37.61761],[126.71027,37.62175],[126.71281,37.6235],[126.71972,37.62004],[126.72442,37.6262],[126.72749,37.62875],[126.72888,37.63089],[126.73003,37.63084],[126.73355,37.62702],[126.73374,37.62638],[126.73321,37.62304],[126.73345,37.62105],[126.73723,37.62106],[126.73848,37.62051],[126.74323,37.61647],[126.74306,37.61606],[126.73945,37.61518],[126.7389,37.61475],[126.73884,37.61414],[126.73989,37.61256],[126.74132,37.61176],[126.74134,37.6113],[126.73874,37.61012],[126.73528,37.61142]]]}},{"type":"Feature","properties":{"adm_cd2":"4157055000","adm_nm":"경기도 김포시 풍무동","sggnm":"김포시"},"geometry":{"type":"Polygon","coordinates":[[[126.74056,37.60918],[126.73342,37.59875],[126.72451,37.59294],[126.7216,37.59622],[126.7191,37.59793],[126.71812,37.5978],[126.71714,37.59858],[126.71318,37.60282],[126.71199,37.60479],[126.70993,37.60509],[126.70837,37.60493],[126.70663,37.60343],[126.70451,37.60265],[126.70425,37.60555],[126.70608,37.60777],[126.70628,37.61015],[126.70416,37.61255],[126.70474,37.61513],[126.70509,37.6156],[126.70712,37.61634],[126.70787,37.61704],[126.71038,37.61629],[126.71164,37.61486],[126.71498,37.61269],[126.72007,37.61403],[126.72177,37.61329],[126.72731,37.61356],[126.72886,37.61474],[126.73528,37.61142],[126.74056,37.60918]]]}},{"type":"Feature","properties":{"adm_cd2":"4157056000","adm_nm":"경기도 김포시 장기동","sggnm":"김포시"},"geometry":{"type":"Polygon","coordinates":[[[126.69156,37.63439],[126.68927,37.63327],[126.68855,37.63254],[126.68862,37.62693],[126.68774,37.62588],[126.68547,37.62466],[126.68519,37.6242],[126.68168,37.62653],[126.68085,37.6274],[126.68074,37.62864],[126.68007,37.62964],[126.67517,37.62995],[126.67442,37.63036],[126.67408,37.63223],[126.67094,37.63436],[126.66563,37.63624],[126.66245,37.63693],[126.66108,37.63672],[126.65944,37.63823],[126.66117,37.64019],[126.6626,37.63934],[126.66471,37.63913],[126.67178,37.64713],[126.67907,37.65188],[126.68005,37.65125],[126.68064,37.64911],[126.68202,37.6473],[126.68352,37.64707],[126.68502,37.64816],[126.68653,37.64746],[126.68885,37.64573],[126.68936,37.64366],[126.68807,37.64256],[126.69114,37.64026],[126.68943,37.63879],[126.69524,37.6343],[126.69156,37.63439]]]}},{"type":"Feature","properties":{"adm_cd2":"4157057000","adm_nm":"경기도 김포시 구래동","sggnm":"김포시"},"geometry":{"type":"Polygon","coordinates":[[[126.63391,37.64467],[126.62998,37.64393],[126.62945,37.64313],[126.63129,37.6376],[126.6272,37.63684],[126.62771,37.63544],[126.62107,37.63758],[126.61783,37.64572],[126.62297,37.65013],[126.62468,37.65075],[126.63267,37.65241],[126.63339,37.65288],[126.63531,37.65649],[126.64029,37.65495],[126.63862,37.65223],[126.63967,37.64958],[126.63356,37.6477],[126.63346,37.64632],[126.63391,37.64467]]]}},{"type":"Feature","properties":{"adm_cd2":"4157052500","adm_nm":"경기도 김포시 장기본동","sggnm":"김포시"},"geometry":{"type":"Polygon","coordinates":[[[126.67178,37.64713],[126.66471,37.63913],[126.6626,37.63934],[126.66117,37.64019],[126.65944,37.63823],[126.65794,37.63855],[126.65709,37.638],[126.65601,37.63801],[126.6565,37.63945],[126.65501,37.63959],[126.655,37.63993],[126.65253,37.64107],[126.65456,37.64528],[126.65707,37.64945],[126.66367,37.65745],[126.66434,37.65877],[126.66434,37.66036],[126.6636,37.66194],[126.6662,37.66033],[126.67269,37.65187],[126.67524,37.64943],[126.67178,37.64713]]]}},{"type":"Feature","properties":{"adm_cd2":"4157058000","adm_nm":"경기도 김포시 운양동","sggnm":"김포시"},"geometry":{"type":"Polygon","coordinates":[[[126.70933,37.65466],[126.70747,37.65114],[126.70535,37.65049],[126.70374,37.64943],[126.70344,37.64875],[126.70422,37.64742],[126.70394,37.64716],[126.70144,37.64701],[126.70027,37.64764],[126.69799,37.64635],[126.69358,37.64232],[126.69635,37.64024],[126.69337,37.63724],[126.69668,37.63478],[126.69588,37.63439],[126.69524,37.6343],[126.68943,37.63879],[126.69114,37.64026],[126.68807,37.64256],[126.68936,37.64366],[126.68885,37.64573],[126.68653,37.64746],[126.68502,37.64816],[126.68352,37.64707],[126.68202,37.6473],[126.68064,37.64911],[126.68005,37.65125],[126.67907,37.65188],[126.67524,37.64943],[126.67269,37.65187],[126.6662,37.66033],[126.6636,37.66194],[126.66461,37.66297],[126.66653,37.6636],[126.66719,37.66465],[126.66817,37.66762],[126.66851,37.66973],[126.67017,37.67212],[126.67346,37.67491],[126.70933,37.65466]]]}},{"type":"Feature","properties":{"adm_cd2":"4159325000","adm_nm":"경기도 화성시효행구 봉담읍","sggnm":"화성시효행구"},"geometry":{"type":"Polygon","coordinates":[[[126.97169,37.22736],[126.9722,37.22471],[126.97395,37.22225],[126.97661,37.222],[126.97793,37.22053],[126.97994,37.21682],[126.97979,37.2152],[126.98161,37.2133],[126.97976,37.21252],[126.97925,37.2088],[126.97999,37.20682],[126.98152,37.20573],[126.9851,37.20194],[126.98557,37.20023],[126.98417,37.1986],[126.98373,37.19758],[126.98422,37.19573],[126.98307,37.19614],[126.98236,37.19707],[126.98074,37.19778],[126.9788,37.19808],[126.97617,37.19754],[126.97629,37.19691],[126.97541,37.19657],[126.97268,37.19657],[126.97029,37.19718],[126.96788,37.1983],[126.96186,37.19686],[126.95414,37.19598],[126.9515,37.19481],[126.9502,37.19386],[126.95266,37.18928],[126.95111,37.18712],[126.94957,37.18394],[126.94977,37.18165],[126.95079,37.17876],[126.95161,37.17787],[126.95139,37.17491],[126.9486,37.17422],[126.94492,37.17217],[126.94424,37.17107],[126.94567,37.16466],[126.94492,37.15939],[126.9446,37.15866],[126.94324,37.15726],[126.94303,37.15425],[126.94387,37.1528],[126.94603,37.15058],[126.94521,37.14529],[126.94441,37.14441],[126.94183,37.14308],[126.9403,37.14348],[126.93974,37.14439],[126.9379,37.14519],[126.93568,37.14548],[126.93402,37.14456],[126.93297,37.14354],[126.9306,37.14353],[126.92942,37.14455],[126.92882,37.14617],[126.92906,37.14792],[126.93149,37.14927],[126.933,37.14949],[126.93405,37.15025],[126.93661,37.15712],[126.93805,37.15701],[126.93552,37.16117],[126.93482,37.16163],[126.93288,37.1611],[126.93035,37.16114],[126.92764,37.1616],[126.92611,37.16102],[126.92401,37.15814],[126.92182,37.15577],[126.9199,37.15432],[126.91699,37.15574],[126.91487,37.15998],[126.91536,37.16526],[126.91652,37.16731],[126.91738,37.16746],[126.91798,37.16723],[126.92135,37.16831],[126.91946,37.17053],[126.91721,37.17586],[126.91736,37.17654],[126.91944,37.17831],[126.92106,37.1792],[126.92152,37.1814],[126.92151,37.18295],[126.9198,37.18794],[126.92015,37.18857],[126.91997,37.18965],[126.91485,37.19185],[126.90421,37.19244],[126.8999,37.19404],[126.90198,37.19622],[126.90353,37.19842],[126.90468,37.199],[126.90611,37.1992],[126.90834,37.20742],[126.90758,37.2115],[126.90469,37.21392],[126.9039,37.21497],[126.90337,37.21683],[126.90536,37.21834],[126.90943,37.22422],[126.9083,37.23039],[126.90726,37.23337],[126.90834,37.23442],[126.91212,37.23554],[126.91239,37.23662],[126.91217,37.23907],[126.91259,37.24],[126.91478,37.2415],[126.9159,37.24156],[126.92469,37.23889],[126.92536,37.23832],[126.92509,37.23649],[126.92525,37.23452],[126.92621,37.23437],[126.92813,37.2353],[126.92963,37.2379],[126.92954,37.24015],[126.93014,37.24185],[126.93067,37.2427],[126.9321,37.24325],[126.93391,37.24363],[126.93781,37.24295],[126.93987,37.24197],[126.94236,37.23929],[126.94582,37.23908],[126.94727,37.23989],[126.94801,37.24141],[126.94814,37.24276],[126.9496,37.24309],[126.95384,37.24286],[126.95668,37.24519],[126.95796,37.2426],[126.95799,37.24127],[126.95735,37.2404],[126.95776,37.23976],[126.96095,37.23811],[126.96299,37.23752],[126.96695,37.23563],[126.9677,37.23484],[126.96925,37.23067],[126.97169,37.22736]]]}},{"type":"Feature","properties":{"adm_cd2":"4159125000","adm_nm":"경기도 화성시만세구 우정읍","sggnm":"화성시만세구"},"geometry":{"type":"MultiPolygon","coordinates":[[[[126.55367,37.05835],[126.55288,37.05929],[126.55585,37.063],[126.55741,37.06448],[126.55734,37.06377],[126.55776,37.06296],[126.55929,37.06179],[126.55367,37.05835]]],[[[126.73032,37.07218],[126.7303,37.07317],[126.73191,37.07772],[126.73581,37.083],[126.73576,37.08616],[126.73527,37.08811],[126.73526,37.09264],[126.73533,37.09305],[126.73583,37.09314],[126.73743,37.09179],[126.73929,37.0881],[126.73944,37.08651],[126.74195,37.08323],[126.74265,37.0799],[126.74251,37.07676],[126.74112,37.07564],[126.73383,37.07351],[126.7317,37.07223],[126.73032,37.07218]]],[[[126.5391,37.09905],[126.53719,37.10699],[126.53704,37.10894],[126.53795,37.11076],[126.5375,37.11243],[126.54017,37.11181],[126.54104,37.10976],[126.54167,37.10276],[126.53985,37.09945],[126.5391,37.09905]]],[[[126.79691,37.01206],[126.79666,37.01602],[126.79622,37.01691],[126.79503,37.01804],[126.79456,37.02579],[126.78906,37.02917],[126.75101,37.02925],[126.74882,37.0301],[126.74475,37.03632],[126.74435,37.03919],[126.7448,37.04162],[126.74837,37.04904],[126.75659,37.05639],[126.76895,37.06014],[126.77018,37.06385],[126.76659,37.0637],[126.76289,37.0628],[126.76134,37.06808],[126.76413,37.06897],[126.76431,37.07038],[126.76406,37.07189],[126.7635,37.07232],[126.76277,37.07522],[126.76367,37.0812],[126.76495,37.0847],[126.76424,37.08651],[126.7656,37.08933],[126.7666,37.08917],[126.76711,37.09094],[126.76628,37.09319],[126.76823,37.0957],[126.76984,37.0995],[126.77033,37.10148],[126.76982,37.10386],[126.76904,37.10299],[126.76635,37.10372],[126.76527,37.10495],[126.76534,37.10592],[126.75827,37.11106],[126.75817,37.11255],[126.75981,37.11712],[126.76382,37.12241],[126.76874,37.1279],[126.77217,37.1279],[126.774,37.1283],[126.77552,37.1299],[126.7761,37.1323],[126.7827,37.13512],[126.78682,37.13269],[126.78749,37.1298],[126.79493,37.12901],[126.79545,37.13067],[126.79576,37.13442],[126.80113,37.13865],[126.81038,37.14016],[126.81195,37.13941],[126.82426,37.12963],[126.82392,37.12701],[126.82448,37.12623],[126.82582,37.12543],[126.82767,37.12496],[126.8286,37.12372],[126.83104,37.11754],[126.81417,37.11632],[126.81385,37.1161],[126.81433,37.11039],[126.81484,37.10844],[126.81899,37.10706],[126.82228,37.10544],[126.82492,37.10265],[126.82978,37.10212],[126.83263,37.1005],[126.83361,37.09882],[126.8284,37.09667],[126.82751,37.09588],[126.82903,37.09125],[126.82739,37.08788],[126.82639,37.08688],[126.82392,37.0865],[126.82254,37.08511],[126.82335,37.08366],[126.81475,37.07993],[126.81416,37.08087],[126.81225,37.08131],[126.81024,37.08117],[126.80689,37.07967],[126.80669,37.07775],[126.8073,37.07447],[126.80841,37.0734],[126.8103,37.07316],[126.81207,37.0708],[126.80534,37.06692],[126.80012,37.06608],[126.79582,37.05875],[126.79582,37.05632],[126.80152,37.05213],[126.80097,37.05071],[126.80277,37.04915],[126.80749,37.04784],[126.81017,37.04757],[126.81248,37.04129],[126.81276,37.03779],[126.81275,37.02559],[126.80662,37.02558],[126.80644,37.01655],[126.80685,37.01272],[126.79691,37.01206]]]]}},{"type":"Feature","properties":{"adm_cd2":"4159125300","adm_nm":"경기도 화성시만세구 향남읍","sggnm":"화성시만세구"},"geometry":{"type":"Polygon","coordinates":[[[126.9981,37.12309],[126.99713,37.1234],[126.99488,37.12277],[126.99329,37.12158],[126.99228,37.11949],[126.99077,37.11906],[126.98678,37.12094],[126.98029,37.11981],[126.9791,37.12169],[126.97709,37.12305],[126.97644,37.12273],[126.9758,37.11974],[126.97213,37.11369],[126.97145,37.10909],[126.96817,37.10732],[126.96657,37.10805],[126.9581,37.10869],[126.95549,37.10836],[126.95504,37.108],[126.95446,37.10705],[126.95488,37.10458],[126.95475,37.10245],[126.95392,37.09959],[126.95407,37.09777],[126.9546,37.09731],[126.95424,37.09408],[126.9532,37.09275],[126.94989,37.09215],[126.94807,37.09229],[126.94482,37.09335],[126.9453,37.09505],[126.94586,37.09996],[126.94551,37.10089],[126.94362,37.10079],[126.93823,37.10344],[126.93634,37.10561],[126.93299,37.10559],[126.93227,37.10467],[126.9323,37.10375],[126.93121,37.10174],[126.92872,37.10011],[126.92567,37.09901],[126.92574,37.09682],[126.92721,37.08749],[126.92685,37.08185],[126.9207,37.07995],[126.91863,37.07972],[126.9166,37.0802],[126.91105,37.07858],[126.91093,37.07767],[126.90921,37.07604],[126.90207,37.07204],[126.90131,37.07043],[126.90082,37.07009],[126.89138,37.06703],[126.88376,37.06648],[126.88287,37.07248],[126.87853,37.08555],[126.87817,37.08831],[126.87983,37.09349],[126.88248,37.09556],[126.88684,37.10005],[126.88845,37.10359],[126.88832,37.10492],[126.88771,37.10529],[126.88705,37.10508],[126.88512,37.10707],[126.88954,37.11544],[126.89031,37.11891],[126.88968,37.12229],[126.88687,37.12433],[126.89241,37.13533],[126.89311,37.1346],[126.89484,37.13496],[126.89561,37.13635],[126.896,37.13863],[126.89741,37.14061],[126.89878,37.14105],[126.90352,37.148],[126.90639,37.14956],[126.91162,37.14753],[126.91167,37.14614],[126.91049,37.14066],[126.9141,37.14023],[126.91612,37.14063],[126.91747,37.14162],[126.92057,37.14271],[126.92248,37.14255],[126.92882,37.14617],[126.92942,37.14455],[126.9306,37.14353],[126.93297,37.14354],[126.93402,37.14456],[126.93568,37.14548],[126.9379,37.14519],[126.93974,37.14439],[126.9403,37.14348],[126.94183,37.14308],[126.94441,37.14441],[126.94521,37.14529],[126.94603,37.15058],[126.94823,37.15004],[126.95175,37.14854],[126.95238,37.14814],[126.95255,37.14553],[126.95542,37.14351],[126.95856,37.14255],[126.96669,37.14361],[126.96761,37.14434],[126.96917,37.14471],[126.97422,37.14332],[126.97882,37.14329],[126.98222,37.14145],[126.98245,37.13904],[126.98214,37.13519],[126.98312,37.13385],[126.98403,37.13357],[126.98623,37.13123],[126.98721,37.12972],[126.99058,37.12872],[126.99128,37.12879],[126.99312,37.12981],[126.99618,37.12918],[126.99732,37.12789],[126.99679,37.12611],[126.99677,37.12473],[126.99748,37.1241],[126.99914,37.12364],[126.9981,37.12309]]]}},{"type":"Feature","properties":{"adm_cd2":"4159125600","adm_nm":"경기도 화성시만세구 남양읍","sggnm":"화성시만세구"},"geometry":{"type":"Polygon","coordinates":[[[126.83838,37.26383],[126.83406,37.2577],[126.83443,37.25443],[126.8342,37.25412],[126.83077,37.25364],[126.82728,37.25148],[126.82637,37.24866],[126.82716,37.24297],[126.82539,37.23913],[126.8237,37.23685],[126.82527,37.23518],[126.82681,37.23542],[126.82797,37.23219],[126.82838,37.22984],[126.82899,37.22962],[126.83281,37.23047],[126.83552,37.23134],[126.83583,37.23215],[126.83913,37.23213],[126.84093,37.22929],[126.84337,37.2287],[126.84523,37.22916],[126.84851,37.22735],[126.84998,37.22615],[126.85096,37.2231],[126.85691,37.21422],[126.86537,37.21174],[126.86696,37.20944],[126.8658,37.2043],[126.86229,37.19988],[126.85978,37.19312],[126.85988,37.19225],[126.86069,37.19101],[126.85943,37.18834],[126.85787,37.18773],[126.85679,37.18508],[126.85988,37.1788],[126.86453,37.17556],[126.86474,37.17408],[126.8625,37.17065],[126.8627,37.16881],[126.85914,37.16537],[126.84606,37.15951],[126.84489,37.15822],[126.84303,37.15523],[126.83841,37.15258],[126.83382,37.15051],[126.83153,37.15002],[126.82459,37.14957],[126.8211,37.15038],[126.8055,37.14891],[126.80451,37.15147],[126.80045,37.15343],[126.79954,37.15359],[126.79477,37.15088],[126.79032,37.14955],[126.78749,37.15058],[126.78276,37.15121],[126.78196,37.15159],[126.78125,37.15203],[126.7818,37.15276],[126.78553,37.1549],[126.78832,37.15523],[126.79499,37.15825],[126.7976,37.16245],[126.79576,37.1662],[126.79575,37.16922],[126.79619,37.17043],[126.792,37.17315],[126.79212,37.17534],[126.79259,37.17658],[126.79557,37.17971],[126.79728,37.18633],[126.79711,37.18888],[126.79747,37.19021],[126.79796,37.19041],[126.79825,37.19255],[126.79553,37.19329],[126.79194,37.1958],[126.79066,37.19932],[126.7914,37.20163],[126.79627,37.21047],[126.79835,37.21234],[126.80021,37.21326],[126.80136,37.21337],[126.80186,37.21406],[126.79926,37.21909],[126.79906,37.22055],[126.79933,37.2219],[126.79897,37.22293],[126.79695,37.22556],[126.79523,37.22653],[126.79326,37.22917],[126.79246,37.23075],[126.79051,37.23257],[126.78641,37.23298],[126.78515,37.23451],[126.78434,37.23471],[126.7831,37.23437],[126.7816,37.23556],[126.7783,37.23925],[126.77778,37.24079],[126.77806,37.24595],[126.78936,37.24437],[126.78952,37.24782],[126.78809,37.25517],[126.79274,37.2588],[126.79304,37.25945],[126.79154,37.26136],[126.79011,37.26664],[126.79011,37.26732],[126.79229,37.26897],[126.79614,37.27092],[126.79858,37.27062],[126.80217,37.26963],[126.80928,37.26681],[126.81047,37.26719],[126.81034,37.26835],[126.80991,37.26865],[126.80902,37.26828],[126.80838,37.26841],[126.80502,37.27492],[126.80361,37.27655],[126.80057,37.27781],[126.7992,37.279],[126.79936,37.2794],[126.80108,37.27969],[126.80261,37.28294],[126.80449,37.28366],[126.80487,37.28448],[126.80687,37.28484],[126.80808,37.28587],[126.80954,37.28611],[126.81061,37.28678],[126.81272,37.28609],[126.81385,37.28504],[126.81366,37.28461],[126.81196,37.28402],[126.81197,37.28316],[126.81099,37.28327],[126.81076,37.28194],[126.81012,37.28147],[126.80982,37.28058],[126.81178,37.27905],[126.81376,37.27861],[126.81485,37.27777],[126.81601,37.27791],[126.81701,37.27747],[126.81707,37.27714],[126.82003,37.27591],[126.82114,37.2747],[126.82325,37.27389],[126.82556,37.27143],[126.82708,37.27068],[126.82894,37.27067],[126.83118,37.27367],[126.83548,37.27096],[126.83741,37.27069],[126.84092,37.26691],[126.84125,37.26632],[126.83838,37.26383]]]}},{"type":"Feature","properties":{"adm_cd2":"4159331000","adm_nm":"경기도 화성시효행구 매송면","sggnm":"화성시효행구"},"geometry":{"type":"Polygon","coordinates":[[[126.92802,37.27708],[126.92868,37.27672],[126.92753,37.27345],[126.92726,37.27143],[126.92901,37.26366],[126.93085,37.26104],[126.932,37.26056],[126.93478,37.25788],[126.93513,37.25692],[126.9395,37.25659],[126.94359,37.25684],[126.94653,37.2575],[126.94853,37.25683],[126.95005,37.25584],[126.94998,37.25382],[126.95071,37.25237],[126.95224,37.25147],[126.95272,37.24909],[126.95337,37.24813],[126.95619,37.24677],[126.95668,37.24519],[126.95384,37.24286],[126.9496,37.24309],[126.94814,37.24276],[126.94801,37.24141],[126.94686,37.23945],[126.94422,37.23899],[126.94236,37.23929],[126.93987,37.24197],[126.93781,37.24295],[126.93391,37.24363],[126.9321,37.24325],[126.93067,37.2427],[126.93014,37.24185],[126.92954,37.24015],[126.92963,37.2379],[126.92813,37.2353],[126.92621,37.23437],[126.92525,37.23452],[126.92531,37.23841],[126.92398,37.2392],[126.9219,37.23987],[126.9159,37.24156],[126.91478,37.2415],[126.91259,37.24],[126.91217,37.23907],[126.91237,37.2386],[126.91132,37.23874],[126.90485,37.24124],[126.90498,37.24216],[126.9039,37.24296],[126.9015,37.24348],[126.90021,37.24284],[126.8993,37.24276],[126.8966,37.24625],[126.89483,37.24928],[126.8896,37.25109],[126.88907,37.25341],[126.88729,37.25638],[126.88649,37.25673],[126.88373,37.25665],[126.87768,37.25806],[126.87405,37.26051],[126.86984,37.25944],[126.8676,37.25968],[126.86652,37.26148],[126.86636,37.26436],[126.86462,37.26687],[126.86343,37.267],[126.86289,37.2664],[126.86039,37.268],[126.85857,37.26989],[126.85704,37.26938],[126.85272,37.27204],[126.85822,37.27418],[126.87132,37.27471],[126.87667,37.27772],[126.87815,37.27923],[126.87853,37.28395],[126.87901,37.28504],[126.87969,37.28567],[126.8833,37.28218],[126.88618,37.28053],[126.88781,37.28079],[126.89091,37.28202],[126.89147,37.28288],[126.89109,37.28385],[126.89287,37.28645],[126.89641,37.28899],[126.8977,37.28906],[126.89955,37.2902],[126.89841,37.294],[126.9015,37.29098],[126.90555,37.28989],[126.91198,37.29015],[126.91309,37.29153],[126.91385,37.29147],[126.91613,37.28867],[126.91756,37.28539],[126.92371,37.28136],[126.92622,37.27913],[126.92737,37.2788],[126.92802,37.27708]]]}},{"type":"Feature","properties":{"adm_cd2":"4159332000","adm_nm":"경기도 화성시효행구 비봉면","sggnm":"화성시효행구"},"geometry":{"type":"Polygon","coordinates":[[[126.91212,37.23554],[126.90834,37.23442],[126.90726,37.23337],[126.9083,37.23039],[126.90943,37.22422],[126.90536,37.21834],[126.90337,37.21683],[126.9039,37.21497],[126.90469,37.21392],[126.90758,37.2115],[126.90834,37.20742],[126.90655,37.20012],[126.90611,37.1992],[126.90468,37.199],[126.90353,37.19842],[126.90012,37.19414],[126.89843,37.19505],[126.89417,37.19303],[126.89053,37.19549],[126.88892,37.19703],[126.88528,37.19732],[126.8823,37.19724],[126.87853,37.19425],[126.8759,37.19384],[126.87176,37.19701],[126.87186,37.19734],[126.87128,37.19783],[126.86333,37.20133],[126.8658,37.2043],[126.86696,37.20944],[126.86537,37.21174],[126.85691,37.21422],[126.85096,37.2231],[126.84998,37.22615],[126.84851,37.22735],[126.84523,37.22916],[126.84337,37.2287],[126.84093,37.22929],[126.83913,37.23213],[126.83583,37.23215],[126.83552,37.23134],[126.83281,37.23047],[126.82899,37.22962],[126.82838,37.22984],[126.82797,37.23219],[126.82681,37.23542],[126.82527,37.23518],[126.8237,37.23685],[126.82539,37.23913],[126.82716,37.24297],[126.82637,37.24866],[126.8275,37.25182],[126.83077,37.25364],[126.8342,37.25412],[126.83443,37.25443],[126.83406,37.2577],[126.83838,37.26383],[126.84125,37.26632],[126.84503,37.26349],[126.84423,37.26287],[126.84485,37.2616],[126.84457,37.26088],[126.84494,37.25984],[126.84577,37.25975],[126.8452,37.26086],[126.84656,37.26407],[126.84607,37.26418],[126.84546,37.26492],[126.84523,37.2659],[126.8479,37.26596],[126.84934,37.26868],[126.85272,37.27204],[126.85704,37.26938],[126.85857,37.26989],[126.86039,37.268],[126.86289,37.2664],[126.86343,37.267],[126.86462,37.26687],[126.86636,37.26436],[126.86652,37.26148],[126.86747,37.25975],[126.86984,37.25944],[126.87405,37.26051],[126.87768,37.25806],[126.88373,37.25665],[126.88699,37.25657],[126.88747,37.25625],[126.88907,37.25341],[126.8896,37.25109],[126.89483,37.24928],[126.8966,37.24625],[126.89914,37.24285],[126.90021,37.24284],[126.9015,37.24348],[126.9039,37.24296],[126.90498,37.24216],[126.90485,37.24124],[126.91132,37.23874],[126.91237,37.2386],[126.91212,37.23554]]]}},{"type":"Feature","properties":{"adm_cd2":"4159131000","adm_nm":"경기도 화성시만세구 마도면","sggnm":"화성시만세구"},"geometry":{"type":"Polygon","coordinates":[[[126.79077,37.23246],[126.79246,37.23075],[126.79326,37.22917],[126.79523,37.22653],[126.79652,37.2259],[126.79803,37.2243],[126.79933,37.2219],[126.79906,37.22055],[126.79926,37.21909],[126.80186,37.21406],[126.80136,37.21337],[126.80021,37.21326],[126.79835,37.21234],[126.79627,37.21047],[126.7914,37.20163],[126.79066,37.19932],[126.79194,37.1958],[126.79553,37.19329],[126.79825,37.19255],[126.79796,37.19041],[126.79747,37.19021],[126.79531,37.18136],[126.79035,37.17532],[126.7808,37.16668],[126.77798,37.16468],[126.77569,37.16432],[126.76644,37.16422],[126.75991,37.16473],[126.75304,37.16672],[126.74923,37.16688],[126.74652,37.16548],[126.7468,37.16171],[126.74608,37.16339],[126.74264,37.16673],[126.73541,37.1696],[126.73293,37.16925],[126.72651,37.17413],[126.72596,37.17617],[126.7185,37.17653],[126.71515,37.18178],[126.71637,37.18493],[126.71876,37.18664],[126.72042,37.18842],[126.71986,37.18925],[126.7193,37.1913],[126.71923,37.19398],[126.71893,37.19442],[126.72835,37.19846],[126.72793,37.20049],[126.72899,37.20224],[126.73351,37.20316],[126.73876,37.20518],[126.74359,37.2061],[126.74538,37.20526],[126.74658,37.20507],[126.74948,37.20669],[126.75025,37.2087],[126.75038,37.21129],[126.75386,37.21147],[126.75504,37.20752],[126.75607,37.20632],[126.75728,37.20586],[126.75809,37.2061],[126.76062,37.20791],[126.76086,37.20843],[126.7606,37.20996],[126.76155,37.21068],[126.76844,37.2109],[126.77269,37.21031],[126.77372,37.21091],[126.77427,37.21251],[126.77263,37.21502],[126.77283,37.21944],[126.78142,37.22699],[126.78251,37.2284],[126.78174,37.23439],[126.78641,37.23298],[126.79077,37.23246]]]}},{"type":"Feature","properties":{"adm_cd2":"4159132000","adm_nm":"경기도 화성시만세구 송산면","sggnm":"화성시만세구"},"geometry":{"type":"MultiPolygon","coordinates":[[[[126.65778,37.20195],[126.65769,37.20228],[126.65813,37.20296],[126.65866,37.2031],[126.65894,37.20286],[126.65892,37.20225],[126.65837,37.20181],[126.65778,37.20195]]],[[[126.66208,37.2037],[126.66028,37.20489],[126.66214,37.20571],[126.66318,37.20543],[126.66352,37.20488],[126.66313,37.20344],[126.66208,37.2037]]],[[[126.76279,37.26009],[126.762,37.26084],[126.76269,37.26133],[126.76564,37.26197],[126.76639,37.25945],[126.76279,37.26009]]],[[[126.78251,37.2284],[126.78142,37.22699],[126.77283,37.21944],[126.77263,37.21502],[126.77427,37.21251],[126.77372,37.21091],[126.77269,37.21031],[126.76844,37.2109],[126.76155,37.21068],[126.7606,37.20996],[126.76086,37.20843],[126.76062,37.20791],[126.75809,37.2061],[126.75728,37.20586],[126.75607,37.20632],[126.75504,37.20752],[126.75386,37.21147],[126.75038,37.21129],[126.75025,37.2087],[126.74948,37.20669],[126.74658,37.20507],[126.74538,37.20526],[126.74359,37.2061],[126.73876,37.20518],[126.73351,37.20316],[126.72899,37.20224],[126.72793,37.20049],[126.72835,37.19846],[126.71893,37.19442],[126.71728,37.19455],[126.71601,37.19627],[126.71611,37.1966],[126.71501,37.19758],[126.71365,37.19816],[126.71223,37.19631],[126.71005,37.19462],[126.70623,37.19278],[126.7008,37.19678],[126.70157,37.20057],[126.69983,37.2026],[126.69808,37.20238],[126.69744,37.20267],[126.69703,37.20316],[126.6978,37.20366],[126.69747,37.20407],[126.69406,37.20299],[126.69193,37.20314],[126.69203,37.20491],[126.69269,37.20635],[126.69652,37.21104],[126.69916,37.21374],[126.69898,37.21405],[126.69175,37.2143],[126.69021,37.21302],[126.68844,37.20755],[126.6849,37.20829],[126.68418,37.20945],[126.67921,37.20718],[126.67894,37.20395],[126.6768,37.20079],[126.67406,37.19969],[126.67325,37.1998],[126.67222,37.20044],[126.66623,37.20864],[126.6654,37.21168],[126.66611,37.21674],[126.66687,37.21794],[126.66813,37.218],[126.67557,37.22111],[126.67738,37.2236],[126.67354,37.22778],[126.67296,37.22958],[126.67154,37.2303],[126.67015,37.23006],[126.66857,37.22916],[126.66477,37.23364],[126.66453,37.23679],[126.66131,37.23823],[126.6567,37.2378],[126.65763,37.23595],[126.65557,37.23476],[126.65144,37.2388],[126.64808,37.24901],[126.64977,37.25159],[126.64994,37.25417],[126.65057,37.25418],[126.65237,37.25075],[126.65615,37.24801],[126.65498,37.24681],[126.66714,37.2444],[126.66821,37.24281],[126.66994,37.24285],[126.67661,37.24647],[126.68028,37.25602],[126.67859,37.25691],[126.67653,37.25683],[126.6754,37.25743],[126.67691,37.26073],[126.67825,37.26135],[126.6798,37.26059],[126.67943,37.25901],[126.67981,37.25797],[126.68112,37.25722],[126.68487,37.2594],[126.68673,37.26271],[126.68917,37.26286],[126.69086,37.26257],[126.69312,37.26152],[126.69856,37.26154],[126.70411,37.25863],[126.70899,37.25864],[126.71426,37.25678],[126.71726,37.25611],[126.71914,37.25612],[126.72167,37.2568],[126.72368,37.25752],[126.72405,37.25842],[126.72546,37.25858],[126.72659,37.25783],[126.72669,37.25596],[126.72782,37.25423],[126.72942,37.25446],[126.73403,37.25035],[126.73553,37.25073],[126.73833,37.25396],[126.74071,37.25515],[126.74509,37.25577],[126.74893,37.25578],[126.75701,37.25505],[126.75898,37.254],[126.76387,37.25281],[126.76754,37.24832],[126.77027,37.24898],[126.77248,37.24901],[126.77518,37.24793],[126.77589,37.24693],[126.77761,37.2379],[126.78174,37.23439],[126.78251,37.2284]]],[[[126.66876,37.27345],[126.66735,37.27405],[126.66668,37.27532],[126.67286,37.28089],[126.67867,37.28368],[126.68017,37.2839],[126.68497,37.28062],[126.68002,37.27438],[126.66876,37.27345]]],[[[126.74246,37.28766],[126.74538,37.28799],[126.74589,37.28408],[126.74553,37.28326],[126.74491,37.28301],[126.7414,37.283],[126.73752,37.28353],[126.73508,37.2826],[126.73432,37.28284],[126.73475,37.28594],[126.73666,37.28832],[126.73942,37.28918],[126.74062,37.289],[126.74246,37.28766]]]]}},{"type":"Feature","properties":{"adm_cd2":"4159133000","adm_nm":"경기도 화성시만세구 서신면","sggnm":"화성시만세구"},"geometry":{"type":"MultiPolygon","coordinates":[[[[126.61558,37.11959],[126.61517,37.11833],[126.61409,37.11729],[126.61302,37.11747],[126.61276,37.11826],[126.61318,37.11882],[126.61377,37.11937],[126.61558,37.11959]]],[[[126.63817,37.13935],[126.63753,37.13998],[126.63731,37.14344],[126.63826,37.1434],[126.63919,37.14227],[126.63866,37.1415],[126.63881,37.13949],[126.63817,37.13935]]],[[[126.6244,37.17684],[126.62666,37.17538],[126.63062,37.17381],[126.62829,37.1687],[126.62602,37.16596],[126.6224,37.16315],[126.61821,37.1576],[126.61447,37.15542],[126.61426,37.15598],[126.61465,37.15669],[126.61688,37.15917],[126.61747,37.16179],[126.61681,37.16535],[126.61624,37.17207],[126.61622,37.17329],[126.61675,37.17511],[126.61899,37.17766],[126.62019,37.17849],[126.62182,37.17898],[126.62464,37.17687],[126.6244,37.17684]]],[[[126.71923,37.19398],[126.7193,37.1913],[126.71986,37.18925],[126.72042,37.18842],[126.71876,37.18664],[126.71637,37.18493],[126.71515,37.18178],[126.7185,37.17653],[126.72596,37.17617],[126.72651,37.17413],[126.73293,37.16925],[126.73541,37.1696],[126.74264,37.16673],[126.74608,37.16339],[126.7468,37.16171],[126.74646,37.16],[126.74279,37.15556],[126.74247,37.15486],[126.74258,37.1538],[126.74022,37.15155],[126.73752,37.14974],[126.73631,37.14942],[126.73582,37.14986],[126.73367,37.14986],[126.73114,37.1491],[126.73208,37.14642],[126.72982,37.14154],[126.72807,37.13876],[126.72664,37.13801],[126.7235,37.13729],[126.72191,37.13659],[126.72108,37.13575],[126.71922,37.132],[126.7173,37.13076],[126.71378,37.12943],[126.71301,37.12951],[126.7113,37.1311],[126.70942,37.13149],[126.70639,37.13104],[126.7053,37.12972],[126.70503,37.12879],[126.70484,37.12314],[126.69824,37.11979],[126.6954,37.11992],[126.69238,37.11917],[126.68848,37.11612],[126.68771,37.1151],[126.68838,37.11396],[126.68728,37.11263],[126.68613,37.11192],[126.68464,37.11161],[126.68327,37.11152],[126.68255,37.11178],[126.68106,37.11257],[126.67791,37.11503],[126.67796,37.11565],[126.68089,37.1156],[126.68368,37.11743],[126.68428,37.11871],[126.6845,37.11959],[126.68388,37.12241],[126.68193,37.12844],[126.67744,37.13497],[126.67622,37.13563],[126.67458,37.13466],[126.6737,37.1347],[126.67351,37.13799],[126.67616,37.13885],[126.67901,37.14073],[126.68218,37.14735],[126.68256,37.14885],[126.68371,37.14974],[126.68989,37.15084],[126.6945,37.15236],[126.6945,37.15316],[126.69295,37.15399],[126.69073,37.15718],[126.68417,37.15968],[126.68931,37.16749],[126.68926,37.16784],[126.68887,37.16793],[126.6836,37.16325],[126.68261,37.16037],[126.67012,37.1557],[126.66393,37.15657],[126.66228,37.15577],[126.66058,37.1544],[126.65485,37.15297],[126.65066,37.15362],[126.64983,37.15402],[126.64934,37.15454],[126.64944,37.15657],[126.65037,37.1571],[126.65785,37.15924],[126.66065,37.16211],[126.66059,37.16348],[126.65877,37.16482],[126.65765,37.16737],[126.65586,37.17349],[126.65555,37.17766],[126.65376,37.17921],[126.65312,37.18024],[126.65328,37.18092],[126.65365,37.18137],[126.65462,37.18138],[126.65601,37.18093],[126.65721,37.18028],[126.6585,37.17842],[126.66086,37.17803],[126.66186,37.18011],[126.66292,37.1814],[126.66467,37.18238],[126.66505,37.18331],[126.66566,37.18619],[126.66472,37.18684],[126.66456,37.18742],[126.66615,37.18903],[126.66684,37.18921],[126.66744,37.18851],[126.66785,37.18851],[126.66973,37.18914],[126.66473,37.19147],[126.65989,37.19047],[126.65836,37.18989],[126.65451,37.18586],[126.65411,37.18367],[126.65477,37.1828],[126.6505,37.18253],[126.64962,37.18291],[126.64927,37.18376],[126.65018,37.18527],[126.65252,37.18706],[126.65515,37.18965],[126.65534,37.19038],[126.65106,37.19109],[126.65162,37.19165],[126.65727,37.19096],[126.6607,37.19653],[126.66205,37.19677],[126.66478,37.19658],[126.66574,37.19632],[126.66579,37.19576],[126.67121,37.19439],[126.66918,37.19646],[126.67075,37.19713],[126.67796,37.19761],[126.67985,37.19828],[126.68028,37.19874],[126.68035,37.19961],[126.68658,37.20221],[126.69129,37.20318],[126.69406,37.20299],[126.69747,37.20407],[126.6978,37.20366],[126.69703,37.20316],[126.69744,37.20267],[126.69808,37.20238],[126.69983,37.2026],[126.70157,37.20057],[126.7008,37.19678],[126.7061,37.19281],[126.71005,37.19462],[126.71223,37.19631],[126.71365,37.19816],[126.71501,37.19758],[126.71611,37.1966],[126.71601,37.19627],[126.71728,37.19455],[126.71893,37.19442],[126.71923,37.19398]]]]}},{"type":"Feature","properties":{"adm_cd2":"4159134000","adm_nm":"경기도 화성시만세구 팔탄면","sggnm":"화성시만세구"},"geometry":{"type":"Polygon","coordinates":[[[126.90421,37.19244],[126.91485,37.19185],[126.91997,37.18965],[126.92015,37.18857],[126.9198,37.18794],[126.92151,37.18295],[126.92152,37.1814],[126.92106,37.1792],[126.91944,37.17831],[126.91736,37.17654],[126.91721,37.17586],[126.91946,37.17053],[126.92135,37.16831],[126.91798,37.16723],[126.91688,37.16746],[126.91554,37.1659],[126.91507,37.16354],[126.91487,37.15998],[126.91699,37.15574],[126.91941,37.15437],[126.92042,37.15451],[126.92401,37.15814],[126.92611,37.16102],[126.92764,37.1616],[126.93035,37.16114],[126.93288,37.1611],[126.93482,37.16163],[126.93552,37.16117],[126.93805,37.15701],[126.93661,37.15712],[126.93405,37.15025],[126.933,37.14949],[126.93149,37.14927],[126.92906,37.14792],[126.92882,37.14617],[126.92809,37.14553],[126.92248,37.14255],[126.92057,37.14271],[126.91747,37.14162],[126.91612,37.14063],[126.9141,37.14023],[126.91049,37.14066],[126.91167,37.14614],[126.91162,37.14753],[126.90639,37.14956],[126.90352,37.148],[126.89878,37.14105],[126.89741,37.14061],[126.896,37.13863],[126.89561,37.13635],[126.89484,37.13496],[126.89311,37.1346],[126.89241,37.13533],[126.88687,37.12433],[126.88968,37.12229],[126.89031,37.11891],[126.88954,37.11544],[126.88512,37.10707],[126.88705,37.10508],[126.88771,37.10529],[126.88832,37.10492],[126.88845,37.10359],[126.88684,37.10005],[126.88248,37.09556],[126.87983,37.09349],[126.87676,37.09724],[126.87556,37.10191],[126.87418,37.10235],[126.87127,37.10257],[126.86581,37.1042],[126.86278,37.11117],[126.86188,37.11186],[126.8592,37.11212],[126.85607,37.11583],[126.84998,37.12103],[126.8491,37.12147],[126.84837,37.1225],[126.84819,37.12377],[126.84909,37.12513],[126.8487,37.12791],[126.84463,37.13057],[126.8432,37.13084],[126.84225,37.13162],[126.84129,37.13292],[126.84114,37.13492],[126.84145,37.13723],[126.84179,37.1378],[126.84227,37.1377],[126.84599,37.13908],[126.84995,37.14186],[126.84997,37.14434],[126.8461,37.14835],[126.83841,37.15258],[126.84303,37.15523],[126.84489,37.15822],[126.84606,37.15951],[126.85914,37.16537],[126.8627,37.16881],[126.8625,37.17065],[126.86474,37.17408],[126.86453,37.17556],[126.85988,37.1788],[126.85678,37.18487],[126.85787,37.18773],[126.85943,37.18834],[126.86069,37.19101],[126.85988,37.19225],[126.85978,37.19312],[126.86174,37.19875],[126.86333,37.20133],[126.87128,37.19783],[126.87186,37.19734],[126.87176,37.19701],[126.8759,37.19384],[126.87853,37.19425],[126.8823,37.19724],[126.88498,37.19732],[126.88892,37.19703],[126.89053,37.19549],[126.89417,37.19303],[126.89843,37.19505],[126.8999,37.19404],[126.90421,37.19244]]]}},{"type":"Feature","properties":{"adm_cd2":"4159135000","adm_nm":"경기도 화성시만세구 장안면","sggnm":"화성시만세구"},"geometry":{"type":"Polygon","coordinates":[[[126.87828,37.08926],[126.87822,37.08693],[126.88183,37.07603],[126.88352,37.06947],[126.88374,37.06628],[126.88253,37.06081],[126.88121,37.05829],[126.87583,37.05069],[126.87242,37.04662],[126.85804,37.0261],[126.85311,37.02],[126.84693,37.01585],[126.84323,37.01457],[126.83806,37.01365],[126.82101,37.01338],[126.80685,37.01272],[126.80644,37.01655],[126.80662,37.02558],[126.81275,37.02559],[126.81276,37.03779],[126.81248,37.04129],[126.81017,37.04757],[126.80749,37.04784],[126.80277,37.04915],[126.80097,37.05071],[126.80152,37.05213],[126.79582,37.05632],[126.79582,37.05875],[126.80012,37.06608],[126.80534,37.06692],[126.81207,37.0708],[126.8103,37.07316],[126.80841,37.0734],[126.8073,37.07447],[126.80669,37.07775],[126.80689,37.07967],[126.81024,37.08117],[126.81225,37.08131],[126.81416,37.08087],[126.81475,37.07993],[126.82335,37.08366],[126.82254,37.08511],[126.82392,37.0865],[126.82639,37.08688],[126.82739,37.08788],[126.82903,37.09125],[126.82751,37.09588],[126.8284,37.09667],[126.83361,37.09882],[126.83263,37.1005],[126.82978,37.10212],[126.82492,37.10265],[126.82228,37.10544],[126.81899,37.10706],[126.81484,37.10844],[126.81433,37.11039],[126.81385,37.1161],[126.81417,37.11632],[126.83104,37.11754],[126.8286,37.12372],[126.82767,37.12496],[126.82582,37.12543],[126.82448,37.12623],[126.82392,37.12701],[126.82426,37.12963],[126.81195,37.13941],[126.81539,37.14275],[126.81512,37.14305],[126.80765,37.14435],[126.8055,37.14891],[126.8211,37.15038],[126.82459,37.14957],[126.83153,37.15002],[126.83382,37.15051],[126.83841,37.15258],[126.8461,37.14835],[126.84993,37.14442],[126.84995,37.14186],[126.84599,37.13908],[126.84227,37.1377],[126.84179,37.1378],[126.84145,37.13723],[126.84111,37.13455],[126.84149,37.13252],[126.8432,37.13084],[126.84463,37.13057],[126.8487,37.12791],[126.84909,37.12513],[126.84818,37.12356],[126.84831,37.12263],[126.8491,37.12147],[126.84998,37.12103],[126.85607,37.11583],[126.8592,37.11212],[126.86188,37.11186],[126.86278,37.11117],[126.86581,37.1042],[126.87127,37.10257],[126.87418,37.10235],[126.87556,37.10191],[126.87676,37.09724],[126.87983,37.09349],[126.87828,37.08926]]]}},{"type":"Feature","properties":{"adm_cd2":"4159136000","adm_nm":"경기도 화성시만세구 양감면","sggnm":"화성시만세구"},"geometry":{"type":"Polygon","coordinates":[[[126.9876,37.07045],[126.98604,37.07131],[126.98463,37.07165],[126.97554,37.0706],[126.97428,37.07101],[126.97314,37.07203],[126.96883,37.07343],[126.96806,37.07297],[126.96748,37.07207],[126.9664,37.06911],[126.96478,37.06886],[126.96283,37.06963],[126.96125,37.06982],[126.95892,37.06877],[126.95645,37.06827],[126.95264,37.06823],[126.95137,37.06856],[126.94549,37.06556],[126.94409,37.0633],[126.94038,37.06081],[126.93165,37.06269],[126.93183,37.06326],[126.93024,37.0671],[126.92865,37.06804],[126.92715,37.06788],[126.92318,37.0664],[126.92205,37.0653],[126.91942,37.06519],[126.91488,37.06577],[126.91284,37.06681],[126.91271,37.06739],[126.91039,37.06883],[126.9063,37.06929],[126.90577,37.06966],[126.9049,37.07152],[126.90597,37.0722],[126.90575,37.0733],[126.90491,37.07364],[126.90921,37.07604],[126.91093,37.07767],[126.91105,37.07858],[126.9166,37.0802],[126.91863,37.07972],[126.9207,37.07995],[126.92685,37.08185],[126.92721,37.08749],[126.92574,37.09682],[126.92567,37.09901],[126.92872,37.10011],[126.93121,37.10174],[126.9323,37.10375],[126.93227,37.10467],[126.93299,37.10559],[126.93634,37.10561],[126.93823,37.10344],[126.94362,37.10079],[126.94551,37.10089],[126.94586,37.09996],[126.9453,37.09505],[126.94482,37.09335],[126.94807,37.09229],[126.94989,37.09215],[126.9532,37.09275],[126.95424,37.09408],[126.9546,37.09731],[126.95407,37.09777],[126.95392,37.09959],[126.95475,37.10245],[126.95488,37.10458],[126.95446,37.10705],[126.95504,37.108],[126.95549,37.10836],[126.9581,37.10869],[126.96657,37.10805],[126.96817,37.10732],[126.97145,37.10909],[126.97213,37.11369],[126.9758,37.11974],[126.97661,37.12283],[126.97709,37.12305],[126.9791,37.12169],[126.98029,37.11981],[126.98678,37.12094],[126.99077,37.11906],[126.99228,37.11949],[126.99329,37.12158],[126.99488,37.12277],[126.99733,37.1234],[126.99951,37.12241],[127.00234,37.12388],[127.0021,37.1219],[127.00079,37.11862],[126.99744,37.11264],[126.99666,37.11198],[126.99573,37.1082],[126.99629,37.10703],[126.99688,37.10662],[126.99785,37.10445],[126.99831,37.10057],[126.99703,37.09782],[126.99704,37.09713],[126.99893,37.09259],[126.99777,37.09126],[126.99359,37.08958],[126.99271,37.08859],[126.99173,37.08477],[126.99513,37.07005],[126.9876,37.07045]]]}},{"type":"Feature","properties":{"adm_cd2":"4159333000","adm_nm":"경기도 화성시효행구 정남면","sggnm":"화성시효행구"},"geometry":{"type":"Polygon","coordinates":[[[126.98539,37.19493],[126.99522,37.19397],[126.99744,37.19251],[126.99767,37.19049],[127.00702,37.18773],[127.00785,37.187],[127.00243,37.18205],[127.00461,37.18148],[127.00482,37.1808],[127.00456,37.18041],[127.00301,37.17914],[126.99977,37.17758],[126.9965,37.17846],[126.99515,37.17727],[126.99525,37.17501],[127.00007,37.17355],[127.00167,37.17247],[127.00416,37.16977],[127.00653,37.16806],[127.01239,37.16757],[127.01663,37.16785],[127.01905,37.16729],[127.02127,37.16643],[127.02272,37.16547],[127.02402,37.16526],[127.0281,37.16312],[127.02697,37.16066],[127.02976,37.15876],[127.03049,37.15601],[127.0301,37.1554],[127.02879,37.15498],[127.02783,37.15379],[127.02807,37.15217],[127.03013,37.14952],[127.03034,37.14637],[127.02982,37.14532],[127.03092,37.14442],[127.03334,37.13876],[127.03563,37.13602],[127.0304,37.13457],[127.03023,37.13398],[127.02887,37.13337],[127.02516,37.13279],[127.02422,37.13322],[127.02065,37.13173],[127.0175,37.12992],[127.01346,37.12898],[127.00537,37.1281],[127.00383,37.12695],[127.00243,37.12438],[126.99952,37.12351],[126.99748,37.1241],[126.99677,37.12473],[126.99679,37.12611],[126.99732,37.12789],[126.99618,37.12918],[126.99312,37.12981],[126.99128,37.12879],[126.99058,37.12872],[126.98721,37.12972],[126.98623,37.13123],[126.98403,37.13357],[126.98312,37.13385],[126.98214,37.13519],[126.98245,37.13904],[126.98222,37.14145],[126.97907,37.14318],[126.97422,37.14332],[126.96917,37.14471],[126.96761,37.14434],[126.96669,37.14361],[126.95856,37.14255],[126.95542,37.14351],[126.95255,37.14553],[126.95238,37.14814],[126.94823,37.15004],[126.94603,37.15058],[126.94387,37.1528],[126.94303,37.15425],[126.94324,37.15726],[126.9446,37.15866],[126.94492,37.15939],[126.94567,37.16466],[126.94424,37.17107],[126.94492,37.17217],[126.9486,37.17422],[126.95139,37.17491],[126.95161,37.17787],[126.95079,37.17876],[126.94977,37.18165],[126.94957,37.18394],[126.95111,37.18712],[126.95266,37.18928],[126.9502,37.19386],[126.9515,37.19481],[126.95414,37.19598],[126.96186,37.19686],[126.96788,37.1983],[126.97029,37.19718],[126.97268,37.19657],[126.97541,37.19657],[126.97629,37.19691],[126.97617,37.19754],[126.9788,37.19808],[126.98074,37.19778],[126.98236,37.19707],[126.98307,37.19614],[126.98539,37.19493]]]}},{"type":"Feature","properties":{"adm_cd2":"4159756000","adm_nm":"경기도 화성시동탄구 동탄6동","sggnm":"화성시동탄구"},"geometry":{"type":"Polygon","coordinates":[[[127.08895,37.16052],[127.084,37.16108],[127.08382,37.16085],[127.08324,37.1617],[127.07988,37.16135],[127.0789,37.16252],[127.07625,37.16217],[127.07539,37.1626],[127.0759,37.16368],[127.07347,37.16549],[127.07358,37.16643],[127.07321,37.16698],[127.07127,37.16821],[127.07137,37.16942],[127.07072,37.17046],[127.07073,37.17392],[127.07229,37.17397],[127.07303,37.17456],[127.07222,37.17598],[127.07214,37.18202],[127.07156,37.18371],[127.07106,37.18404],[127.07307,37.18709],[127.07452,37.18731],[127.07859,37.18604],[127.07918,37.18482],[127.08361,37.1842],[127.08417,37.18948],[127.08288,37.19257],[127.08277,37.19423],[127.08385,37.19726],[127.08392,37.19921],[127.08347,37.20048],[127.08463,37.20257],[127.08602,37.20363],[127.08627,37.20473],[127.09892,37.20475],[127.09875,37.1909],[127.10007,37.18956],[127.10324,37.18961],[127.10401,37.19016],[127.10425,37.18938],[127.1033,37.18846],[127.10274,37.18661],[127.10482,37.18534],[127.10843,37.18434],[127.11317,37.18396],[127.11363,37.18355],[127.11691,37.18351],[127.11427,37.18153],[127.11012,37.17945],[127.10347,37.17781],[127.09815,37.17744],[127.09769,37.17654],[127.09569,37.17492],[127.08895,37.16052]]]}},{"type":"Feature","properties":{"adm_cd2":"4159551000","adm_nm":"경기도 화성시병점구 진안동","sggnm":"화성시병점구"},"geometry":{"type":"MultiPolygon","coordinates":[[[[127.04962,37.1959],[127.047,37.19611],[127.04251,37.19764],[127.04405,37.1981],[127.04425,37.19992],[127.04378,37.20089],[127.04271,37.20092],[127.04325,37.20164],[127.04583,37.20283],[127.04719,37.20394],[127.04789,37.20497],[127.04867,37.20712],[127.04947,37.20597],[127.05283,37.20293],[127.0531,37.20201],[127.05297,37.20148],[127.05166,37.20039],[127.04994,37.19795],[127.04958,37.19684],[127.05041,37.19633],[127.04962,37.1959]]],[[[127.04422,37.22869],[127.04745,37.22614],[127.05156,37.22101],[127.05246,37.22152],[127.05334,37.22131],[127.05654,37.21864],[127.05284,37.21486],[127.05627,37.2122],[127.05622,37.21067],[127.05387,37.20813],[127.05143,37.20874],[127.05107,37.21048],[127.05353,37.21357],[127.05295,37.21423],[127.05124,37.21453],[127.04623,37.21816],[127.04549,37.21831],[127.04528,37.21573],[127.04237,37.21341],[127.04104,37.21136],[127.03889,37.21084],[127.03392,37.20693],[127.03209,37.20638],[127.03166,37.20701],[127.02381,37.20418],[127.0241,37.20504],[127.02391,37.20579],[127.02302,37.20674],[127.02179,37.20736],[127.02114,37.20841],[127.02891,37.21123],[127.02596,37.21538],[127.02544,37.21809],[127.02623,37.22003],[127.02341,37.22539],[127.02263,37.2249],[127.02396,37.22718],[127.0229,37.22951],[127.02964,37.23201],[127.0367,37.2384],[127.03714,37.2405],[127.03968,37.2435],[127.04029,37.24331],[127.04085,37.24377],[127.04104,37.24504],[127.04042,37.24633],[127.04043,37.247],[127.04109,37.24737],[127.04262,37.24675],[127.03913,37.23719],[127.04164,37.2352],[127.0445,37.23426],[127.04498,37.23379],[127.04422,37.22869]]]]}},{"type":"Feature","properties":{"adm_cd2":"4159552000","adm_nm":"경기도 화성시병점구 병점1동","sggnm":"화성시병점구"},"geometry":{"type":"Polygon","coordinates":[[[127.04459,37.20327],[127.04442,37.20221],[127.04325,37.20164],[127.04271,37.20092],[127.04378,37.20089],[127.04425,37.19992],[127.04411,37.19828],[127.0436,37.1978],[127.04154,37.19749],[127.03872,37.19833],[127.03739,37.19914],[127.03728,37.19971],[127.03689,37.19994],[127.02824,37.20013],[127.02452,37.20089],[127.02302,37.20151],[127.02381,37.20418],[127.03166,37.20701],[127.03209,37.20638],[127.03392,37.20693],[127.03892,37.21081],[127.04459,37.20327]]]}},{"type":"Feature","properties":{"adm_cd2":"4159553000","adm_nm":"경기도 화성시병점구 병점2동","sggnm":"화성시병점구"},"geometry":{"type":"Polygon","coordinates":[[[127.05051,37.21181],[127.04954,37.21073],[127.04884,37.2094],[127.04859,37.20661],[127.04789,37.20497],[127.04719,37.20394],[127.04583,37.20283],[127.04442,37.20221],[127.04459,37.20327],[127.03892,37.21081],[127.04104,37.21136],[127.04237,37.21341],[127.04528,37.21573],[127.04549,37.21831],[127.04623,37.21816],[127.05124,37.21453],[127.05322,37.21399],[127.05353,37.21357],[127.05134,37.21087],[127.05051,37.21181]]]}},{"type":"Feature","properties":{"adm_cd2":"4159554000","adm_nm":"경기도 화성시병점구 반월동","sggnm":"화성시병점구"},"geometry":{"type":"Polygon","coordinates":[[[127.06805,37.23876],[127.06843,37.23765],[127.0685,37.23715],[127.06802,37.23669],[127.068,37.23468],[127.06877,37.23011],[127.06963,37.22929],[127.07071,37.22891],[127.0726,37.22916],[127.07456,37.22813],[127.07482,37.22674],[127.07558,37.2259],[127.07322,37.22632],[127.07261,37.22612],[127.06825,37.22313],[127.06753,37.22214],[127.06822,37.22033],[127.06909,37.21972],[127.07072,37.2137],[127.06438,37.21208],[127.06322,37.21659],[127.06161,37.22065],[127.06033,37.22148],[127.05868,37.22051],[127.05654,37.21864],[127.05334,37.22131],[127.05246,37.22152],[127.05156,37.22101],[127.04745,37.22614],[127.04422,37.22869],[127.04499,37.23317],[127.04595,37.23279],[127.04663,37.23288],[127.0495,37.23409],[127.05154,37.23436],[127.05362,37.23344],[127.05383,37.23232],[127.05257,37.23148],[127.05256,37.23106],[127.05827,37.23413],[127.05942,37.23516],[127.06005,37.23626],[127.06326,37.23917],[127.0644,37.23927],[127.065,37.24004],[127.06668,37.24015],[127.06805,37.23876]]]}},{"type":"Feature","properties":{"adm_cd2":"4159351000","adm_nm":"경기도 화성시효행구 기배동","sggnm":"화성시효행구"},"geometry":{"type":"Polygon","coordinates":[[[127.00368,37.22929],[127.0081,37.22784],[127.00313,37.2228],[127.00343,37.22005],[126.99951,37.21966],[126.99733,37.21889],[126.99386,37.21687],[126.98161,37.2133],[126.97979,37.2152],[126.97994,37.21682],[126.97793,37.22053],[126.97661,37.222],[126.97395,37.22225],[126.9722,37.22471],[126.97169,37.22736],[126.97039,37.2292],[126.97282,37.22872],[126.97822,37.22957],[126.97991,37.23104],[126.98036,37.23224],[126.98572,37.23264],[126.98812,37.23359],[126.99039,37.23263],[126.99265,37.23085],[127.00368,37.22929]]]}},{"type":"Feature","properties":{"adm_cd2":"4159555000","adm_nm":"경기도 화성시병점구 화산동","sggnm":"화성시병점구"},"geometry":{"type":"Polygon","coordinates":[[[127.02341,37.22539],[127.02623,37.22003],[127.02544,37.21809],[127.02596,37.21538],[127.02891,37.21123],[127.02114,37.20841],[127.02179,37.20736],[127.02302,37.20674],[127.02404,37.20553],[127.02302,37.20151],[127.02665,37.20042],[127.02468,37.19809],[127.01753,37.19546],[127.0136,37.19481],[127.01104,37.19375],[127.00982,37.1924],[127.00785,37.187],[127.00702,37.18773],[126.99767,37.19049],[126.99744,37.19251],[126.99522,37.19397],[126.98539,37.19493],[126.98422,37.19573],[126.98373,37.19758],[126.98417,37.1986],[126.98557,37.20023],[126.9851,37.20194],[126.98152,37.20573],[126.97999,37.20682],[126.97923,37.20964],[126.97993,37.21276],[126.99386,37.21687],[126.99733,37.21889],[126.99951,37.21966],[127.00343,37.22005],[127.00313,37.2228],[127.0081,37.22784],[127.00987,37.22731],[127.0136,37.22688],[127.02137,37.22424],[127.02341,37.22539]]]}},{"type":"Feature","properties":{"adm_cd2":"4159752000","adm_nm":"경기도 화성시동탄구 동탄2동","sggnm":"화성시동탄구"},"geometry":{"type":"Polygon","coordinates":[[[127.08392,37.19921],[127.08385,37.19726],[127.08277,37.19423],[127.08288,37.19257],[127.08417,37.18948],[127.08361,37.1842],[127.07918,37.18482],[127.07859,37.18604],[127.07452,37.18731],[127.07307,37.18709],[127.07106,37.18404],[127.06659,37.18407],[127.06606,37.18432],[127.06532,37.18645],[127.06814,37.18915],[127.06864,37.19062],[127.06724,37.19102],[127.06565,37.19216],[127.06554,37.19317],[127.06568,37.19433],[127.06603,37.19467],[127.06602,37.19572],[127.06497,37.19775],[127.07742,37.20035],[127.08008,37.20069],[127.08347,37.20048],[127.08392,37.19921]]]}},{"type":"Feature","properties":{"adm_cd2":"4159751000","adm_nm":"경기도 화성시동탄구 동탄1동","sggnm":"화성시동탄구"},"geometry":{"type":"Polygon","coordinates":[[[127.08232,37.21983],[127.08874,37.21646],[127.08759,37.21347],[127.08632,37.21232],[127.08458,37.20973],[127.08646,37.20666],[127.08602,37.20363],[127.08463,37.20257],[127.08347,37.20048],[127.08008,37.20069],[127.07742,37.20035],[127.06497,37.19775],[127.06147,37.1994],[127.0595,37.19966],[127.0593,37.20463],[127.05953,37.20575],[127.06236,37.21124],[127.06361,37.21228],[127.06438,37.21208],[127.07072,37.2137],[127.06909,37.21972],[127.06822,37.22033],[127.06753,37.22214],[127.06825,37.22313],[127.07261,37.22612],[127.07322,37.22632],[127.07558,37.2259],[127.08232,37.21983]]]}},{"type":"Feature","properties":{"adm_cd2":"4159753000","adm_nm":"경기도 화성시동탄구 동탄3동","sggnm":"화성시동탄구"},"geometry":{"type":"Polygon","coordinates":[[[127.06361,37.21228],[127.06236,37.21124],[127.05953,37.20575],[127.0593,37.20463],[127.0595,37.19966],[127.06147,37.1994],[127.05662,37.19721],[127.05441,37.19746],[127.05173,37.19702],[127.05041,37.19633],[127.04958,37.19684],[127.05001,37.19806],[127.05166,37.20039],[127.05297,37.20148],[127.0531,37.20201],[127.05283,37.20293],[127.04891,37.20661],[127.04867,37.20712],[127.04884,37.2094],[127.05051,37.21181],[127.05134,37.21087],[127.05103,37.21027],[127.05143,37.20874],[127.05387,37.20813],[127.05622,37.21067],[127.05627,37.2122],[127.05284,37.21486],[127.05587,37.21823],[127.06033,37.22148],[127.06161,37.22065],[127.06322,37.21659],[127.06438,37.21208],[127.06361,37.21228]]]}},{"type":"Feature","properties":{"adm_cd2":"4161061000","adm_nm":"경기도 광주시 능평동","sggnm":"광주시"},"geometry":{"type":"Polygon","coordinates":[[[127.14196,37.3439],[127.14331,37.34512],[127.14401,37.34624],[127.14744,37.34708],[127.14667,37.34903],[127.14873,37.35096],[127.14913,37.35239],[127.15277,37.35435],[127.15697,37.35467],[127.15816,37.3552],[127.15952,37.35628],[127.15986,37.35746],[127.16068,37.3584],[127.16418,37.36018],[127.16573,37.36182],[127.16995,37.36225],[127.17241,37.36202],[127.17367,37.36159],[127.1767,37.36213],[127.17897,37.36179],[127.1809,37.36242],[127.18321,37.36377],[127.18746,37.36485],[127.18772,37.36133],[127.18912,37.35855],[127.18958,37.35681],[127.18934,37.3555],[127.19061,37.35465],[127.19098,37.35403],[127.19056,37.35295],[127.19084,37.35081],[127.19133,37.34978],[127.19252,37.34849],[127.19171,37.34718],[127.18344,37.34474],[127.1816,37.34384],[127.17876,37.34322],[127.17673,37.34442],[127.17376,37.34467],[127.16206,37.34332],[127.16152,37.34278],[127.15755,37.34107],[127.15267,37.34001],[127.1482,37.3377],[127.14186,37.33631],[127.13954,37.33884],[127.13839,37.3394],[127.13634,37.33964],[127.13754,37.33988],[127.13796,37.34117],[127.14196,37.3439]]]}},{"type":"Feature","properties":{"adm_cd2":"4161025300","adm_nm":"경기도 광주시 초월읍","sggnm":"광주시"},"geometry":{"type":"Polygon","coordinates":[[[127.36232,37.40579],[127.36141,37.40445],[127.35635,37.40284],[127.35401,37.40292],[127.35282,37.40224],[127.35236,37.40059],[127.35268,37.3998],[127.35283,37.39654],[127.35183,37.39015],[127.35014,37.38745],[127.34721,37.38607],[127.34691,37.38176],[127.34779,37.37593],[127.3458,37.37285],[127.34212,37.372],[127.33832,37.37248],[127.33297,37.37093],[127.32921,37.36937],[127.32725,37.3667],[127.32836,37.36385],[127.32818,37.36282],[127.32422,37.36111],[127.32293,37.36085],[127.31964,37.36186],[127.3174,37.36201],[127.31539,37.35634],[127.31156,37.35716],[127.31101,37.35778],[127.30796,37.35658],[127.30227,37.35362],[127.30106,37.3519],[127.29169,37.34961],[127.28994,37.34823],[127.28642,37.34738],[127.28389,37.34973],[127.28258,37.35225],[127.28353,37.356],[127.2815,37.35694],[127.27897,37.35948],[127.27739,37.36745],[127.27758,37.36905],[127.27824,37.37073],[127.27827,37.37283],[127.27326,37.37482],[127.27213,37.37479],[127.26862,37.37904],[127.26869,37.37972],[127.27047,37.38292],[127.26693,37.38895],[127.26892,37.3899],[127.27055,37.39176],[127.27611,37.39369],[127.27827,37.39564],[127.27845,37.39636],[127.28444,37.39862],[127.28139,37.40144],[127.28021,37.40299],[127.28022,37.40413],[127.27988,37.40487],[127.27542,37.4095],[127.27454,37.40981],[127.27404,37.41102],[127.27498,37.41642],[127.27596,37.41751],[127.27762,37.4186],[127.28027,37.41971],[127.28157,37.4199],[127.28133,37.4212],[127.27898,37.42308],[127.27487,37.42447],[127.27162,37.42588],[127.27131,37.42634],[127.27285,37.42858],[127.27625,37.43098],[127.27951,37.43151],[127.28115,37.43102],[127.28469,37.43207],[127.28575,37.43307],[127.2868,37.43344],[127.29189,37.43438],[127.29414,37.43444],[127.29578,37.43549],[127.29792,37.43773],[127.29814,37.43855],[127.29775,37.43924],[127.29806,37.44063],[127.29932,37.44233],[127.30282,37.44381],[127.30823,37.44089],[127.31194,37.43967],[127.31417,37.4381],[127.31505,37.4348],[127.31501,37.43028],[127.31566,37.42891],[127.31701,37.42863],[127.32241,37.4285],[127.32841,37.4296],[127.32873,37.43085],[127.32844,37.43213],[127.32895,37.43299],[127.33325,37.43595],[127.33477,37.43625],[127.33584,37.43592],[127.33953,37.43235],[127.33983,37.43097],[127.34084,37.4292],[127.34293,37.42757],[127.3452,37.42635],[127.34819,37.42553],[127.35051,37.42175],[127.35303,37.41979],[127.35488,37.41882],[127.35871,37.41854],[127.35938,37.41702],[127.35958,37.41043],[127.36154,37.4089],[127.36218,37.40772],[127.36232,37.40579]]]}},{"type":"Feature","properties":{"adm_cd2":"4161025900","adm_nm":"경기도 광주시 곤지암읍","sggnm":"광주시"},"geometry":{"type":"Polygon","coordinates":[[[127.44597,37.36082],[127.44475,37.36035],[127.44246,37.35844],[127.43584,37.3549],[127.4352,37.35426],[127.43379,37.35081],[127.43018,37.34671],[127.42368,37.34411],[127.42207,37.34303],[127.42119,37.34178],[127.42155,37.3403],[127.41983,37.33784],[127.41497,37.33411],[127.41261,37.33399],[127.40798,37.33092],[127.40503,37.32767],[127.39991,37.32724],[127.39364,37.32354],[127.39263,37.32222],[127.39245,37.32094],[127.39031,37.31969],[127.38745,37.31895],[127.38148,37.31901],[127.37839,37.31934],[127.3768,37.32069],[127.37591,37.32073],[127.37268,37.31872],[127.37212,37.317],[127.37164,37.31657],[127.3696,37.31523],[127.36836,37.3149],[127.36739,37.31512],[127.36507,37.31657],[127.36359,37.31588],[127.3619,37.31691],[127.36236,37.31783],[127.36169,37.32022],[127.35952,37.32358],[127.35555,37.32672],[127.34949,37.32696],[127.34791,37.32815],[127.34673,37.33035],[127.34374,37.33169],[127.34293,37.33435],[127.3423,37.33465],[127.33902,37.33477],[127.33784,37.33413],[127.33704,37.33419],[127.33567,37.33753],[127.33573,37.33874],[127.33928,37.34267],[127.33705,37.34563],[127.33539,37.34309],[127.33399,37.34295],[127.33295,37.34331],[127.33311,37.34414],[127.32744,37.34184],[127.31818,37.34373],[127.31597,37.34592],[127.31096,37.34592],[127.30839,37.34675],[127.30464,37.35181],[127.30106,37.3519],[127.30227,37.35362],[127.30796,37.35658],[127.31101,37.35778],[127.31156,37.35716],[127.31539,37.35634],[127.3174,37.36201],[127.31964,37.36186],[127.32293,37.36085],[127.32422,37.36111],[127.32818,37.36282],[127.32836,37.36385],[127.32725,37.3667],[127.32921,37.36937],[127.33297,37.37093],[127.33832,37.37248],[127.34212,37.372],[127.3458,37.37285],[127.34779,37.37593],[127.34691,37.38176],[127.34721,37.38607],[127.35014,37.38745],[127.35183,37.39015],[127.35283,37.39654],[127.35268,37.3998],[127.35236,37.40059],[127.35282,37.40224],[127.35401,37.40292],[127.35635,37.40284],[127.36141,37.40445],[127.36232,37.40579],[127.36239,37.40642],[127.36697,37.40531],[127.36919,37.40527],[127.37581,37.40681],[127.37934,37.40713],[127.38455,37.40948],[127.39089,37.41345],[127.39204,37.41483],[127.39352,37.41538],[127.39719,37.41573],[127.39821,37.41575],[127.39882,37.41455],[127.40018,37.41311],[127.40406,37.41008],[127.40964,37.40776],[127.41197,37.40517],[127.4129,37.40286],[127.41232,37.40077],[127.41281,37.3982],[127.41479,37.39393],[127.41742,37.38949],[127.42028,37.38661],[127.42157,37.38592],[127.42516,37.38577],[127.42974,37.38803],[127.43543,37.38642],[127.4425,37.38738],[127.4436,37.3865],[127.44453,37.38541],[127.44528,37.38133],[127.44367,37.37613],[127.44376,37.36979],[127.44592,37.36342],[127.44597,37.36082]]]}},{"type":"Feature","properties":{"adm_cd2":"4161033000","adm_nm":"경기도 광주시 도척면","sggnm":"광주시"},"geometry":{"type":"Polygon","coordinates":[[[127.36335,37.31571],[127.36343,37.31307],[127.36362,37.31217],[127.36495,37.30993],[127.36494,37.30849],[127.36432,37.30768],[127.36131,37.30719],[127.35772,37.30507],[127.35703,37.30367],[127.3545,37.30148],[127.35449,37.30067],[127.35511,37.3],[127.3566,37.29937],[127.35711,37.29881],[127.35755,37.29638],[127.35714,37.2946],[127.35456,37.29433],[127.35308,37.29232],[127.34801,37.29001],[127.34739,37.29],[127.34713,37.29056],[127.346,37.29125],[127.34317,37.29106],[127.34018,37.28816],[127.34172,37.28709],[127.34246,37.28604],[127.34319,37.28236],[127.34815,37.27924],[127.34908,37.27681],[127.34331,37.27318],[127.34043,37.27269],[127.33893,37.27143],[127.3388,37.27054],[127.33665,37.27121],[127.33089,37.27024],[127.32339,37.27359],[127.32298,37.27409],[127.31921,37.27498],[127.31655,37.27382],[127.31073,37.27328],[127.30556,37.27087],[127.30414,37.27093],[127.30277,37.26958],[127.30254,37.26826],[127.30285,37.26738],[127.30216,37.26617],[127.30103,37.26568],[127.30039,37.26618],[127.29901,37.26926],[127.29668,37.27049],[127.29148,37.27165],[127.28742,37.27084],[127.28576,37.27011],[127.28457,37.26898],[127.28118,37.2691],[127.28006,37.26963],[127.27596,37.2736],[127.27573,37.27475],[127.27626,37.27518],[127.28052,37.27704],[127.28176,37.27804],[127.27995,37.28551],[127.27855,37.28664],[127.2778,37.2904],[127.28152,37.29696],[127.28169,37.29795],[127.2786,37.30544],[127.27896,37.30674],[127.27744,37.3086],[127.27727,37.30934],[127.27949,37.31377],[127.28175,37.31643],[127.28311,37.31907],[127.28205,37.32228],[127.28232,37.32741],[127.28037,37.32808],[127.27979,37.33013],[127.28015,37.33219],[127.28111,37.33383],[127.28099,37.33459],[127.28182,37.33502],[127.28324,37.33659],[127.28367,37.33856],[127.28316,37.34404],[127.28334,37.34531],[127.28642,37.34738],[127.28994,37.34823],[127.29169,37.34961],[127.29787,37.35131],[127.30106,37.3519],[127.30464,37.35181],[127.30839,37.34675],[127.31096,37.34592],[127.31597,37.34592],[127.31818,37.34373],[127.32744,37.34184],[127.33311,37.34414],[127.33295,37.34331],[127.33399,37.34295],[127.33539,37.34309],[127.33705,37.34563],[127.33928,37.34267],[127.33573,37.33874],[127.33567,37.33753],[127.33704,37.33419],[127.33784,37.33413],[127.33902,37.33477],[127.3423,37.33465],[127.34293,37.33435],[127.34374,37.33169],[127.34673,37.33035],[127.34791,37.32815],[127.34949,37.32696],[127.35555,37.32672],[127.35952,37.32358],[127.36169,37.32022],[127.36236,37.31783],[127.3619,37.31691],[127.36359,37.31588],[127.36335,37.31571]]]}},{"type":"Feature","properties":{"adm_cd2":"4161034000","adm_nm":"경기도 광주시 퇴촌면","sggnm":"광주시"},"geometry":{"type":"Polygon","coordinates":[[[127.38084,37.48885],[127.38557,37.48178],[127.38881,37.47563],[127.38869,37.47432],[127.38653,37.46992],[127.38698,37.46736],[127.38531,37.46],[127.3821,37.45843],[127.37799,37.45878],[127.37449,37.45838],[127.36799,37.45695],[127.36771,37.45629],[127.37214,37.45199],[127.37264,37.4491],[127.37264,37.44731],[127.37226,37.44584],[127.37247,37.44481],[127.37885,37.44362],[127.3813,37.44359],[127.38231,37.44313],[127.38437,37.43746],[127.384,37.43531],[127.38448,37.43446],[127.38618,37.43287],[127.38929,37.42882],[127.39488,37.42611],[127.39885,37.42237],[127.40063,37.42138],[127.40105,37.41892],[127.39998,37.41713],[127.39821,37.41575],[127.39352,37.41538],[127.39204,37.41483],[127.39089,37.41345],[127.38455,37.40948],[127.37934,37.40713],[127.37581,37.40681],[127.36919,37.40527],[127.36697,37.40531],[127.36239,37.40642],[127.36218,37.40772],[127.36154,37.4089],[127.35958,37.41043],[127.35938,37.41702],[127.35871,37.41854],[127.35488,37.41882],[127.35303,37.41979],[127.35051,37.42175],[127.34819,37.42553],[127.3452,37.42635],[127.34293,37.42757],[127.34084,37.4292],[127.33983,37.43097],[127.33953,37.43235],[127.33556,37.43605],[127.33461,37.43625],[127.33325,37.43595],[127.32895,37.43299],[127.32844,37.43213],[127.32873,37.43085],[127.32841,37.4296],[127.32241,37.4285],[127.31701,37.42863],[127.31566,37.42891],[127.31501,37.43028],[127.31496,37.43539],[127.31449,37.43747],[127.31367,37.43866],[127.31194,37.43967],[127.30823,37.44089],[127.30282,37.44381],[127.29678,37.44413],[127.29189,37.44377],[127.2913,37.44523],[127.28668,37.44707],[127.2854,37.44847],[127.28314,37.45194],[127.28306,37.456],[127.2814,37.45819],[127.27781,37.45991],[127.27362,37.46016],[127.27003,37.45591],[127.2691,37.45586],[127.26369,37.45916],[127.26162,37.45935],[127.26007,37.4614],[127.26058,37.46537],[127.26141,37.46651],[127.26075,37.47018],[127.25897,37.47449],[127.26062,37.47456],[127.26478,37.47148],[127.26719,37.47151],[127.27008,37.47279],[127.27546,37.47279],[127.27832,37.47358],[127.27962,37.47417],[127.28098,37.47636],[127.28447,37.47837],[127.28688,37.47718],[127.29424,37.47657],[127.29616,37.47775],[127.30222,37.48483],[127.3075,37.48274],[127.30841,37.48156],[127.31177,37.47964],[127.31855,37.48222],[127.32539,37.4836],[127.32776,37.48302],[127.33137,37.47909],[127.33766,37.479],[127.34039,37.47953],[127.34374,37.48272],[127.34368,37.48603],[127.34309,37.48786],[127.34328,37.48882],[127.34586,37.49117],[127.34814,37.49036],[127.35138,37.49011],[127.3527,37.49098],[127.35464,37.49103],[127.35621,37.49147],[127.35903,37.48974],[127.36139,37.48979],[127.36671,37.49078],[127.36877,37.49058],[127.37219,37.48942],[127.37363,37.48804],[127.378,37.48894],[127.37826,37.48967],[127.37874,37.48992],[127.38048,37.48994],[127.38084,37.48885]]]}},{"type":"Feature","properties":{"adm_cd2":"4161035000","adm_nm":"경기도 광주시 남종면","sggnm":"광주시"},"geometry":{"type":"Polygon","coordinates":[[[127.3825,37.49894],[127.38048,37.48994],[127.37874,37.48992],[127.37826,37.48967],[127.378,37.48894],[127.37363,37.48804],[127.37219,37.48942],[127.36877,37.49058],[127.36671,37.49078],[127.36139,37.48979],[127.35903,37.48974],[127.35621,37.49147],[127.35464,37.49103],[127.3527,37.49098],[127.35138,37.49011],[127.34814,37.49036],[127.34586,37.49117],[127.34328,37.48882],[127.34309,37.48786],[127.34368,37.48603],[127.34374,37.48272],[127.34039,37.47953],[127.33774,37.47901],[127.33137,37.47909],[127.32776,37.48302],[127.32539,37.4836],[127.31855,37.48222],[127.31177,37.47964],[127.30841,37.48156],[127.3075,37.48274],[127.30222,37.48483],[127.29616,37.47775],[127.29434,37.4766],[127.28688,37.47718],[127.28447,37.47837],[127.28098,37.47636],[127.27962,37.47417],[127.27661,37.47294],[127.27008,37.47279],[127.26719,37.47151],[127.26486,37.47146],[127.26067,37.47453],[127.25882,37.47435],[127.25781,37.47532],[127.25703,37.47693],[127.25722,37.47817],[127.25572,37.48187],[127.25367,37.48497],[127.2537,37.48646],[127.2554,37.48791],[127.25765,37.48878],[127.25873,37.48981],[127.25918,37.49091],[127.25916,37.49207],[127.25793,37.49462],[127.25553,37.49615],[127.25327,37.50325],[127.25439,37.50596],[127.2612,37.50724],[127.26844,37.50622],[127.27142,37.50764],[127.27622,37.50823],[127.27794,37.50955],[127.27774,37.51011],[127.27821,37.51128],[127.27957,37.51258],[127.2832,37.51354],[127.28758,37.5135],[127.28798,37.50908],[127.28864,37.50767],[127.28934,37.50701],[127.2924,37.50714],[127.29787,37.50889],[127.30128,37.51055],[127.30451,37.51333],[127.31736,37.52921],[127.31978,37.53114],[127.32328,37.53331],[127.32763,37.53439],[127.34787,37.53575],[127.35233,37.53506],[127.35555,37.53415],[127.36278,37.53083],[127.36549,37.52888],[127.3683,37.52496],[127.37156,37.52012],[127.38073,37.50428],[127.38336,37.50281],[127.38359,37.50242],[127.3825,37.49894]]]}},{"type":"Feature","properties":{"adm_cd2":"4161051000","adm_nm":"경기도 광주시 경안동","sggnm":"광주시"},"geometry":{"type":"Polygon","coordinates":[[[127.26425,37.41189],[127.26213,37.41101],[127.26233,37.40832],[127.26356,37.40673],[127.26237,37.40245],[127.26076,37.40229],[127.25505,37.39866],[127.25318,37.39596],[127.25201,37.39231],[127.24921,37.39395],[127.24859,37.39545],[127.24125,37.40153],[127.24143,37.40293],[127.24224,37.40405],[127.24582,37.40439],[127.24478,37.4074],[127.24419,37.40764],[127.24445,37.40978],[127.24615,37.41154],[127.24663,37.41484],[127.25093,37.41501],[127.24992,37.41648],[127.25067,37.41712],[127.2569,37.4144],[127.25699,37.41378],[127.263,37.41331],[127.26585,37.41386],[127.26425,37.41189]]]}},{"type":"Feature","properties":{"adm_cd2":"4161055000","adm_nm":"경기도 광주시 탄벌동","sggnm":"광주시"},"geometry":{"type":"Polygon","coordinates":[[[127.25079,37.43469],[127.25059,37.43333],[127.2509,37.43098],[127.25055,37.43002],[127.24975,37.42927],[127.24836,37.42691],[127.24847,37.42496],[127.25008,37.4219],[127.25128,37.42094],[127.25213,37.41971],[127.25513,37.41896],[127.25489,37.41836],[127.25506,37.41794],[127.25466,37.41727],[127.25302,37.41738],[127.25174,37.41652],[127.25067,37.41712],[127.24992,37.41648],[127.25093,37.41501],[127.24663,37.41484],[127.24615,37.41154],[127.24445,37.40978],[127.24419,37.40764],[127.23871,37.40762],[127.2386,37.40819],[127.23758,37.40889],[127.23394,37.40907],[127.22586,37.41067],[127.22245,37.41167],[127.21814,37.41925],[127.22049,37.42007],[127.22091,37.42072],[127.21829,37.42211],[127.21427,37.42347],[127.20862,37.42455],[127.19998,37.42473],[127.19464,37.42539],[127.19336,37.4261],[127.1944,37.42987],[127.19523,37.43103],[127.1938,37.43354],[127.19366,37.43916],[127.19425,37.44085],[127.1959,37.44363],[127.19572,37.44506],[127.1973,37.44497],[127.20198,37.44587],[127.21033,37.44577],[127.21886,37.44348],[127.22218,37.44368],[127.22309,37.44436],[127.22556,37.44468],[127.22872,37.44473],[127.23023,37.44415],[127.23363,37.44467],[127.23684,37.44632],[127.23741,37.4481],[127.23811,37.45291],[127.24077,37.45609],[127.24553,37.45749],[127.24738,37.45731],[127.24653,37.45583],[127.24564,37.45277],[127.24648,37.4521],[127.24752,37.45031],[127.24809,37.44473],[127.24968,37.44356],[127.25121,37.44113],[127.25134,37.43929],[127.25221,37.43807],[127.25354,37.43708],[127.25079,37.43469]]]}},{"type":"Feature","properties":{"adm_cd2":"4161057000","adm_nm":"경기도 광주시 광남2동","sggnm":"광주시"},"geometry":{"type":"Polygon","coordinates":[[[127.21877,37.37972],[127.22226,37.3862],[127.21794,37.38802],[127.22015,37.39056],[127.22192,37.39166],[127.22374,37.39246],[127.22511,37.39226],[127.22621,37.39191],[127.22819,37.39036],[127.22961,37.3899],[127.23122,37.38891],[127.23753,37.38815],[127.23928,37.38911],[127.24005,37.38849],[127.23933,37.38773],[127.23889,37.38658],[127.23801,37.38629],[127.23742,37.38566],[127.23727,37.38474],[127.2378,37.38359],[127.23798,37.38151],[127.23607,37.37929],[127.2327,37.37678],[127.23151,37.37671],[127.23031,37.37731],[127.22537,37.37734],[127.22274,37.37638],[127.21928,37.37814],[127.21877,37.37972]]]}},{"type":"Feature","properties":{"adm_cd2":"4163025000","adm_nm":"경기도 양주시 백석읍","sggnm":"양주시"},"geometry":{"type":"Polygon","coordinates":[[[127.02501,37.821],[127.0256,37.81726],[127.02664,37.81517],[127.02643,37.81372],[127.02264,37.81115],[127.01954,37.80675],[127.01872,37.80372],[127.02009,37.80252],[127.01758,37.7984],[127.01527,37.79557],[127.01452,37.79508],[127.01189,37.79584],[127.0108,37.79465],[127.01043,37.79351],[127.01226,37.7912],[127.01259,37.78837],[127.01197,37.7881],[127.01112,37.78695],[127.00949,37.78186],[127.00575,37.78221],[127.00274,37.78116],[126.99683,37.77296],[126.99641,37.77192],[126.99615,37.76885],[126.99918,37.76493],[127.0021,37.76351],[127.00227,37.76276],[127.00137,37.76024],[127.00128,37.759],[127.00218,37.75577],[127.00334,37.75307],[127.0021,37.7514],[126.99978,37.75261],[126.99804,37.75258],[126.99267,37.75006],[126.99223,37.74894],[126.99143,37.74823],[126.98999,37.74851],[126.98953,37.74908],[126.98868,37.75249],[126.98587,37.75386],[126.97713,37.75678],[126.97554,37.76105],[126.97386,37.76319],[126.97199,37.76491],[126.96978,37.76515],[126.96777,37.76634],[126.96607,37.76661],[126.96249,37.76452],[126.95904,37.76431],[126.95585,37.76259],[126.95304,37.76397],[126.95174,37.76377],[126.95026,37.76276],[126.94903,37.76139],[126.94582,37.75919],[126.94479,37.75925],[126.94255,37.76011],[126.94043,37.7602],[126.93126,37.75567],[126.92869,37.75759],[126.9309,37.76307],[126.93391,37.76758],[126.9328,37.77069],[126.93629,37.77421],[126.93457,37.77705],[126.93338,37.77994],[126.93517,37.78275],[126.93679,37.78425],[126.93823,37.78749],[126.93938,37.78803],[126.94087,37.78812],[126.9452,37.78695],[126.94615,37.78735],[126.94884,37.791],[126.94638,37.80015],[126.94756,37.80492],[126.94891,37.80828],[126.9488,37.81017],[126.94514,37.81514],[126.94202,37.8216],[126.94149,37.82431],[126.94402,37.82592],[126.94666,37.82493],[126.95151,37.82593],[126.95465,37.82529],[126.95567,37.8248],[126.95996,37.82061],[126.96404,37.81348],[126.96632,37.81006],[126.96708,37.80962],[126.97147,37.80918],[126.97366,37.80963],[126.97946,37.81338],[126.98308,37.81664],[126.98358,37.81789],[126.98571,37.81823],[126.98469,37.81525],[126.98445,37.81042],[126.98505,37.80885],[126.9865,37.80723],[126.98927,37.80523],[126.99025,37.8051],[126.9935,37.80727],[126.99878,37.81275],[127.002,37.81712],[127.00306,37.81789],[127.00484,37.81817],[127.00711,37.82002],[127.00637,37.82142],[127.00638,37.82214],[127.01012,37.82818],[127.01286,37.82905],[127.01706,37.82949],[127.01995,37.82768],[127.02177,37.8279],[127.02501,37.821]]]}},{"type":"Feature","properties":{"adm_cd2":"4163031000","adm_nm":"경기도 양주시 은현면","sggnm":"양주시"},"geometry":{"type":"Polygon","coordinates":[[[127.00904,37.92505],[127.01103,37.92121],[127.01261,37.92065],[127.01291,37.91975],[127.01279,37.91856],[127.0079,37.91615],[127.01056,37.91034],[127.01034,37.90607],[127.01071,37.90447],[127.01248,37.90319],[127.01482,37.90297],[127.0209,37.9006],[127.02259,37.89883],[127.02443,37.89789],[127.02877,37.89893],[127.03534,37.89651],[127.03623,37.89593],[127.04626,37.89385],[127.0469,37.88773],[127.04825,37.88288],[127.05015,37.88147],[127.05207,37.87911],[127.05351,37.87659],[127.05768,37.87319],[127.05946,37.87023],[127.05881,37.86535],[127.05829,37.86364],[127.05547,37.85992],[127.05492,37.85635],[127.05291,37.85577],[127.05115,37.8517],[127.0506,37.84785],[127.04922,37.84233],[127.04648,37.84053],[127.04245,37.83949],[127.04198,37.83906],[127.04089,37.83584],[127.03956,37.83521],[127.03576,37.83499],[127.02872,37.83313],[127.02647,37.83392],[127.02331,37.83062],[127.02177,37.8279],[127.01995,37.82768],[127.01706,37.82949],[127.01752,37.83043],[127.01699,37.83229],[127.01193,37.83337],[127.00698,37.83399],[127.0049,37.83494],[126.99782,37.8399],[126.99221,37.8416],[126.99093,37.8455],[126.99089,37.84839],[126.99147,37.85019],[126.99115,37.85216],[126.99313,37.85619],[126.9996,37.85842],[127.00468,37.85848],[127.00586,37.85797],[127.007,37.8566],[127.00812,37.8574],[127.00813,37.85816],[127.00456,37.86472],[127.0074,37.86891],[127.00561,37.87279],[127.00666,37.87577],[127.00766,37.87619],[127.00887,37.87937],[127.00476,37.88241],[127.00276,37.88681],[127.0024,37.88922],[127.00488,37.89501],[127.00555,37.89754],[127.00394,37.9036],[127.00267,37.90625],[126.99914,37.91031],[126.99823,37.91415],[126.99809,37.9181],[126.99915,37.9283],[127.00131,37.93303],[127.00259,37.93325],[127.00971,37.92916],[127.01005,37.92757],[127.00904,37.92505]]]}},{"type":"Feature","properties":{"adm_cd2":"4163032000","adm_nm":"경기도 양주시 남면","sggnm":"양주시"},"geometry":{"type":"Polygon","coordinates":[[[126.97534,37.94032],[126.98101,37.93746],[126.98545,37.93889],[126.98941,37.93628],[126.99197,37.93758],[126.99309,37.93664],[126.9932,37.93451],[126.99962,37.93309],[126.9997,37.93562],[127.0012,37.93561],[127.00131,37.93303],[126.99915,37.9283],[126.99818,37.9199],[126.99823,37.91415],[126.99914,37.91031],[127.00267,37.90625],[127.00394,37.9036],[127.00555,37.89754],[127.00488,37.89501],[127.0024,37.88922],[127.00276,37.88681],[127.00476,37.88241],[127.00887,37.87937],[127.00766,37.87619],[127.00666,37.87577],[127.00561,37.87279],[127.0074,37.86891],[127.00456,37.86472],[127.00813,37.85816],[127.00812,37.8574],[127.007,37.8566],[127.00586,37.85797],[127.00468,37.85848],[127.0014,37.85853],[126.9996,37.85842],[126.99424,37.85675],[126.99313,37.85619],[126.99128,37.85253],[126.99111,37.85173],[126.99147,37.85019],[126.98987,37.85069],[126.98272,37.85085],[126.97533,37.85258],[126.97351,37.85448],[126.97286,37.85646],[126.97677,37.86183],[126.97659,37.86515],[126.96513,37.86221],[126.96286,37.86224],[126.96171,37.86371],[126.96138,37.86516],[126.96201,37.86884],[126.96428,37.87226],[126.96537,37.87513],[126.96491,37.87709],[126.96421,37.87784],[126.96308,37.87784],[126.96189,37.87916],[126.96026,37.88245],[126.95845,37.88468],[126.95399,37.88557],[126.94728,37.88599],[126.946,37.88846],[126.94818,37.89376],[126.94854,37.89675],[126.94711,37.89844],[126.94673,37.89964],[126.94762,37.90257],[126.94918,37.90535],[126.95084,37.90721],[126.95316,37.90871],[126.95473,37.91247],[126.95056,37.9168],[126.94965,37.91826],[126.9496,37.91897],[126.95633,37.92234],[126.95717,37.92227],[126.96002,37.92016],[126.962,37.92291],[126.96155,37.92428],[126.96184,37.92527],[126.96305,37.92708],[126.96505,37.92824],[126.96409,37.93294],[126.96443,37.93831],[126.96482,37.93902],[126.96689,37.93934],[126.97032,37.94203],[126.97336,37.94203],[126.97534,37.94032]]]}},{"type":"Feature","properties":{"adm_cd2":"4163033000","adm_nm":"경기도 양주시 광적면","sggnm":"양주시"},"geometry":{"type":"Polygon","coordinates":[[[126.99089,37.84839],[126.99093,37.8455],[126.99221,37.8416],[126.99782,37.8399],[127.0049,37.83494],[127.00698,37.83399],[127.01193,37.83337],[127.01699,37.83229],[127.01752,37.83043],[127.01735,37.82975],[127.01665,37.82935],[127.01286,37.82905],[127.01001,37.82808],[127.00638,37.82214],[127.00637,37.82142],[127.00711,37.82002],[127.00484,37.81817],[127.00306,37.81789],[127.002,37.81712],[126.99878,37.81275],[126.9935,37.80727],[126.99025,37.8051],[126.98961,37.80508],[126.9865,37.80723],[126.98505,37.80885],[126.9844,37.81067],[126.98443,37.81357],[126.98571,37.81823],[126.98358,37.81789],[126.98308,37.81664],[126.97946,37.81338],[126.97366,37.80963],[126.97147,37.80918],[126.96708,37.80962],[126.96632,37.81006],[126.96404,37.81348],[126.95996,37.82061],[126.95567,37.8248],[126.95465,37.82529],[126.95151,37.82593],[126.94666,37.82493],[126.94402,37.82592],[126.94149,37.82431],[126.94202,37.8216],[126.94514,37.81514],[126.9488,37.81017],[126.94891,37.80828],[126.94756,37.80492],[126.94638,37.80015],[126.94884,37.791],[126.94615,37.78735],[126.9452,37.78695],[126.94087,37.78812],[126.93938,37.78803],[126.93823,37.78749],[126.93812,37.78694],[126.9321,37.78878],[126.92721,37.78508],[126.92128,37.78821],[126.91952,37.79039],[126.9146,37.79168],[126.91204,37.79208],[126.90649,37.79097],[126.90389,37.79095],[126.9053,37.79664],[126.90555,37.8021],[126.90672,37.80359],[126.90988,37.80465],[126.91191,37.80615],[126.91164,37.80824],[126.90879,37.81051],[126.90872,37.81201],[126.91013,37.81462],[126.91022,37.81648],[126.90562,37.82005],[126.90288,37.82355],[126.90231,37.82472],[126.90299,37.82639],[126.90919,37.82854],[126.91136,37.82864],[126.913,37.83603],[126.91193,37.83846],[126.91238,37.84024],[126.91393,37.84107],[126.91933,37.84163],[126.92533,37.84159],[126.92644,37.83857],[126.92728,37.83805],[126.93298,37.83857],[126.93649,37.84079],[126.93451,37.84624],[126.93562,37.84939],[126.93711,37.85045],[126.93887,37.8525],[126.9385,37.85406],[126.93977,37.85699],[126.94283,37.86255],[126.94508,37.86468],[126.94634,37.86699],[126.94612,37.86829],[126.94493,37.87033],[126.94426,37.87363],[126.94567,37.87547],[126.9471,37.87947],[126.94649,37.88047],[126.94808,37.88465],[126.94728,37.88599],[126.95399,37.88557],[126.95845,37.88468],[126.96026,37.88245],[126.96189,37.87916],[126.96308,37.87784],[126.96421,37.87784],[126.96491,37.87709],[126.96537,37.87513],[126.96428,37.87226],[126.96201,37.86884],[126.96138,37.86516],[126.96171,37.86371],[126.96286,37.86224],[126.96513,37.86221],[126.97659,37.86515],[126.97677,37.86183],[126.97286,37.85646],[126.97351,37.85448],[126.97533,37.85258],[126.98272,37.85085],[126.98987,37.85069],[126.99147,37.85019],[126.99089,37.84839]]]}},{"type":"Feature","properties":{"adm_cd2":"4163034000","adm_nm":"경기도 양주시 장흥면","sggnm":"양주시"},"geometry":{"type":"Polygon","coordinates":[[[127.00277,37.75093],[127.00298,37.74984],[127.00243,37.74458],[127.0029,37.7439],[127.00457,37.74318],[127.00316,37.74252],[127.0022,37.74057],[127.00311,37.73865],[127.0098,37.73012],[127.00968,37.72906],[127.00873,37.72807],[127.01089,37.72625],[127.01222,37.72613],[127.01263,37.72576],[127.01263,37.72372],[127.0115,37.72235],[127.0136,37.71933],[127.01414,37.71921],[127.01357,37.71736],[127.01276,37.71651],[127.01338,37.71416],[127.01953,37.70804],[127.01939,37.70726],[127.01547,37.70328],[127.01585,37.70103],[127.01494,37.69855],[127.01449,37.69827],[127.01195,37.69824],[127.00884,37.69461],[127.00806,37.69055],[127.00809,37.68903],[127.00869,37.6883],[127.00896,37.68711],[127.00863,37.68487],[127.00829,37.68468],[127.00586,37.68522],[127.00386,37.68514],[126.99799,37.68382],[126.9938,37.68025],[126.99116,37.67941],[126.98928,37.68155],[126.98086,37.68594],[126.97766,37.68631],[126.97535,37.68617],[126.97299,37.68668],[126.96577,37.69236],[126.95996,37.69149],[126.95585,37.69256],[126.95444,37.69265],[126.95275,37.69007],[126.95255,37.68921],[126.95101,37.68772],[126.9479,37.6869],[126.94479,37.68513],[126.94308,37.67943],[126.94471,37.67693],[126.94458,37.67645],[126.94293,37.67309],[126.93982,37.67076],[126.93816,37.67143],[126.93195,37.67236],[126.93006,37.67229],[126.92803,37.6707],[126.92178,37.67193],[126.92081,37.67186],[126.92043,37.67146],[126.92064,37.67104],[126.92036,37.66959],[126.91297,37.66873],[126.91134,37.6687],[126.90805,37.67026],[126.90614,37.6734],[126.9064,37.67486],[126.90688,37.67542],[126.90729,37.67428],[126.90949,37.67372],[126.9103,37.6738],[126.91138,37.67439],[126.91241,37.67562],[126.9145,37.679],[126.91476,37.67994],[126.91402,37.6822],[126.91415,37.68791],[126.91579,37.6911],[126.91874,37.69418],[126.92174,37.69903],[126.92275,37.70259],[126.92241,37.70307],[126.92339,37.70598],[126.92467,37.70787],[126.92454,37.71173],[126.92047,37.71368],[126.92308,37.71624],[126.92504,37.71991],[126.92508,37.72048],[126.92426,37.72131],[126.92307,37.72501],[126.9236,37.72765],[126.92341,37.72857],[126.92204,37.7292],[126.92189,37.73018],[126.92261,37.73194],[126.92643,37.73513],[126.92857,37.73603],[126.93006,37.7359],[126.93102,37.73751],[126.93031,37.74011],[126.93006,37.74284],[126.93229,37.7445],[126.93299,37.74538],[126.92974,37.74812],[126.92971,37.74853],[126.93155,37.75187],[126.932,37.75392],[126.93165,37.75536],[126.93126,37.75567],[126.94043,37.7602],[126.94255,37.76011],[126.94479,37.75925],[126.94582,37.75919],[126.94903,37.76139],[126.95026,37.76276],[126.95174,37.76377],[126.95304,37.76397],[126.95585,37.76259],[126.95904,37.76431],[126.96249,37.76452],[126.96607,37.76661],[126.96777,37.76634],[126.96978,37.76515],[126.97199,37.76491],[126.97386,37.76319],[126.97554,37.76105],[126.97713,37.75678],[126.98587,37.75386],[126.98868,37.75249],[126.98953,37.74908],[126.98999,37.74851],[126.99143,37.74823],[126.99223,37.74894],[126.99267,37.75006],[126.99804,37.75258],[126.99978,37.75261],[127.00277,37.75093]]]}},{"type":"Feature","properties":{"adm_cd2":"4163051000","adm_nm":"경기도 양주시 양주1동","sggnm":"양주시"},"geometry":{"type":"Polygon","coordinates":[[[127.0566,37.79978],[127.05403,37.7969],[127.05201,37.79574],[127.0518,37.79372],[127.05449,37.7915],[127.0551,37.78927],[127.05799,37.7892],[127.06018,37.7896],[127.06449,37.78734],[127.06773,37.78641],[127.06796,37.78595],[127.06788,37.78322],[127.06573,37.78012],[127.06505,37.77968],[127.06284,37.7755],[127.0611,37.76907],[127.06172,37.76678],[127.06429,37.76359],[127.06025,37.76212],[127.05647,37.76171],[127.05422,37.76232],[127.05276,37.76137],[127.05086,37.76094],[127.04648,37.7632],[127.04117,37.76674],[127.03508,37.76772],[127.02907,37.76732],[127.02842,37.76697],[127.02547,37.76695],[127.02264,37.76728],[127.01871,37.76859],[127.01728,37.76856],[127.0106,37.76617],[127.0047,37.76318],[127.00227,37.76276],[127.0021,37.76351],[126.99918,37.76493],[126.99615,37.76885],[126.99641,37.77192],[126.99683,37.77296],[127.00274,37.78116],[127.00575,37.78221],[127.00949,37.78186],[127.01112,37.78695],[127.01197,37.7881],[127.01259,37.78837],[127.01226,37.7912],[127.01043,37.79351],[127.0108,37.79465],[127.01189,37.79584],[127.01452,37.79508],[127.01527,37.79557],[127.01758,37.7984],[127.02009,37.80252],[127.01872,37.80372],[127.01954,37.80675],[127.02264,37.81115],[127.02635,37.81362],[127.02664,37.81517],[127.02948,37.81556],[127.03208,37.81675],[127.03583,37.81584],[127.03739,37.81501],[127.03937,37.81331],[127.04277,37.80946],[127.04353,37.80999],[127.04746,37.81059],[127.05339,37.80996],[127.05428,37.80963],[127.05793,37.8067],[127.05805,37.80553],[127.05748,37.80427],[127.05736,37.80285],[127.0575,37.80133],[127.0566,37.79978]]]}},{"type":"Feature","properties":{"adm_cd2":"4163052000","adm_nm":"경기도 양주시 양주2동","sggnm":"양주시"},"geometry":{"type":"Polygon","coordinates":[[[127.11875,37.80904],[127.11709,37.80393],[127.11806,37.79996],[127.11719,37.7959],[127.11293,37.7885],[127.10595,37.78318],[127.10621,37.78173],[127.10592,37.78055],[127.10434,37.77967],[127.10346,37.77868],[127.09471,37.77718],[127.08468,37.77361],[127.083,37.77268],[127.08154,37.77067],[127.07914,37.76953],[127.07805,37.76964],[127.07405,37.7685],[127.07045,37.76583],[127.0654,37.76366],[127.06429,37.76359],[127.06393,37.76385],[127.06165,37.76692],[127.0611,37.76907],[127.06284,37.7755],[127.06505,37.77968],[127.06573,37.78012],[127.06788,37.78322],[127.0679,37.78615],[127.06449,37.78734],[127.06018,37.7896],[127.05799,37.7892],[127.0551,37.78927],[127.05449,37.7915],[127.0518,37.79372],[127.05201,37.79574],[127.05403,37.7969],[127.0566,37.79978],[127.0575,37.80133],[127.06136,37.80221],[127.06203,37.80167],[127.06417,37.80266],[127.06734,37.81107],[127.06896,37.81053],[127.07015,37.80869],[127.0719,37.80868],[127.07384,37.80966],[127.07618,37.81028],[127.07692,37.8117],[127.07773,37.81184],[127.07752,37.81252],[127.07848,37.81322],[127.0799,37.81201],[127.07933,37.81014],[127.08175,37.80781],[127.08391,37.80797],[127.08525,37.80746],[127.08653,37.80752],[127.08946,37.8084],[127.0912,37.80816],[127.09253,37.80911],[127.09426,37.80923],[127.09478,37.80979],[127.09451,37.81008],[127.09574,37.81089],[127.09731,37.81135],[127.09891,37.8113],[127.09931,37.81099],[127.10192,37.81125],[127.10288,37.81272],[127.10652,37.81457],[127.10627,37.81567],[127.10696,37.81534],[127.10841,37.81587],[127.10988,37.81597],[127.11434,37.814],[127.11832,37.8112],[127.11983,37.80969],[127.11875,37.80904]]]}},{"type":"Feature","properties":{"adm_cd2":"4163053000","adm_nm":"경기도 양주시 회천1동","sggnm":"양주시"},"geometry":{"type":"Polygon","coordinates":[[[127.09147,37.87121],[127.09598,37.8674],[127.09886,37.86628],[127.10287,37.86559],[127.10256,37.86465],[127.10021,37.86069],[127.09897,37.85914],[127.09695,37.85792],[127.09451,37.85387],[127.09204,37.85293],[127.09215,37.85191],[127.09005,37.84728],[127.08733,37.84821],[127.08524,37.84989],[127.08426,37.8491],[127.08407,37.84781],[127.08145,37.84737],[127.08027,37.84611],[127.0776,37.84806],[127.07638,37.84842],[127.07607,37.84754],[127.07733,37.84587],[127.07653,37.84425],[127.07493,37.84338],[127.07414,37.84191],[127.07256,37.8421],[127.0718,37.8418],[127.07099,37.84044],[127.06915,37.83953],[127.06662,37.84141],[127.06412,37.8414],[127.0648,37.84034],[127.06658,37.84041],[127.06776,37.83847],[127.06776,37.83749],[127.06419,37.83734],[127.06337,37.83605],[127.06558,37.83307],[127.06596,37.83184],[127.06444,37.83188],[127.06396,37.83298],[127.0616,37.834],[127.05864,37.83794],[127.05693,37.84167],[127.05653,37.84323],[127.05675,37.84539],[127.05706,37.84596],[127.05683,37.84825],[127.05503,37.85542],[127.05498,37.85753],[127.05587,37.86072],[127.05718,37.86209],[127.05854,37.86434],[127.05946,37.87023],[127.06039,37.86935],[127.06222,37.8691],[127.06519,37.87137],[127.06616,37.87163],[127.06842,37.87064],[127.07269,37.87181],[127.07373,37.87279],[127.0775,37.87102],[127.0812,37.87104],[127.08348,37.87163],[127.08788,37.87208],[127.09147,37.87121]]]}},{"type":"Feature","properties":{"adm_cd2":"4163054000","adm_nm":"경기도 양주시 회천2동","sggnm":"양주시"},"geometry":{"type":"Polygon","coordinates":[[[127.06511,37.83005],[127.06168,37.82674],[127.06222,37.82595],[127.06349,37.8254],[127.06458,37.82357],[127.06339,37.82073],[127.06413,37.81628],[127.06581,37.81193],[127.06734,37.81107],[127.06417,37.80266],[127.06203,37.80167],[127.06136,37.80221],[127.05739,37.80136],[127.05748,37.80427],[127.05805,37.80553],[127.05793,37.8067],[127.05386,37.80981],[127.04746,37.81059],[127.04353,37.80999],[127.04277,37.80946],[127.03937,37.81331],[127.03739,37.81501],[127.03583,37.81584],[127.03208,37.81675],[127.02948,37.81556],[127.02664,37.81517],[127.0256,37.81726],[127.02501,37.821],[127.02177,37.8279],[127.02331,37.83062],[127.02647,37.83392],[127.02872,37.83313],[127.03576,37.83499],[127.03956,37.83521],[127.04089,37.83584],[127.04198,37.83906],[127.04245,37.83949],[127.04648,37.84053],[127.0488,37.84193],[127.04922,37.84233],[127.04968,37.8438],[127.05115,37.8517],[127.05267,37.85542],[127.05291,37.85577],[127.05492,37.85635],[127.05683,37.84825],[127.05706,37.84596],[127.05651,37.84335],[127.05693,37.84167],[127.05864,37.83794],[127.0616,37.834],[127.06396,37.83298],[127.06511,37.83005]]]}},{"type":"Feature","properties":{"adm_cd2":"4163055000","adm_nm":"경기도 양주시 회천3동","sggnm":"양주시"},"geometry":{"type":"Polygon","coordinates":[[[127.07363,37.84095],[127.07452,37.84067],[127.07769,37.8379],[127.08029,37.83873],[127.08213,37.83876],[127.07997,37.8361],[127.08057,37.83634],[127.08145,37.83619],[127.08127,37.83584],[127.0792,37.834],[127.07771,37.83171],[127.07703,37.83201],[127.07656,37.8318],[127.07594,37.83046],[127.07464,37.82893],[127.07482,37.82792],[127.07272,37.82504],[127.07199,37.82327],[127.07173,37.82133],[127.0723,37.82049],[127.07512,37.81947],[127.07848,37.81322],[127.07752,37.81252],[127.07773,37.81184],[127.07692,37.8117],[127.07618,37.81028],[127.07111,37.80854],[127.07015,37.80869],[127.06896,37.81053],[127.06677,37.81122],[127.06581,37.81193],[127.06413,37.81628],[127.06339,37.82073],[127.06458,37.82357],[127.06349,37.8254],[127.06222,37.82595],[127.06168,37.82674],[127.06511,37.83005],[127.06444,37.83188],[127.06596,37.83184],[127.06558,37.83307],[127.06337,37.83605],[127.06419,37.83734],[127.06776,37.83749],[127.06776,37.83847],[127.06658,37.84041],[127.0648,37.84034],[127.06412,37.8414],[127.06662,37.84141],[127.06915,37.83953],[127.07099,37.84044],[127.0718,37.8418],[127.07256,37.8421],[127.0736,37.84181],[127.07363,37.84095]]]}},{"type":"Feature","properties":{"adm_cd2":"4163058000","adm_nm":"경기도 양주시 옥정2동","sggnm":"양주시"},"geometry":{"type":"Polygon","coordinates":[[[127.07964,37.82586],[127.08114,37.82572],[127.08669,37.82668],[127.09394,37.82672],[127.09538,37.82697],[127.09554,37.82596],[127.09822,37.82172],[127.10049,37.82018],[127.1027,37.81975],[127.10283,37.81838],[127.10256,37.8173],[127.10326,37.81646],[127.10627,37.81567],[127.10652,37.81457],[127.10288,37.81272],[127.10192,37.81125],[127.09931,37.81099],[127.09891,37.8113],[127.09731,37.81135],[127.09574,37.81089],[127.09451,37.81008],[127.09478,37.80979],[127.09426,37.80923],[127.09253,37.80911],[127.0912,37.80816],[127.08946,37.8084],[127.08729,37.80763],[127.08525,37.80746],[127.08391,37.80797],[127.08175,37.80781],[127.07933,37.81014],[127.0799,37.81201],[127.07848,37.81322],[127.07512,37.81947],[127.0723,37.82049],[127.07173,37.82133],[127.07199,37.82327],[127.07272,37.82504],[127.07482,37.82792],[127.07964,37.82586]]]}},{"type":"Feature","properties":{"adm_cd2":"4165025000","adm_nm":"경기도 포천시 소흘읍","sggnm":"포천시"},"geometry":{"type":"Polygon","coordinates":[[[127.15568,37.8356],[127.15613,37.83444],[127.15727,37.83294],[127.16186,37.83071],[127.16287,37.82971],[127.16343,37.82804],[127.16396,37.82318],[127.16487,37.8214],[127.16585,37.81705],[127.16768,37.81508],[127.16908,37.81493],[127.1697,37.81341],[127.17347,37.8083],[127.17497,37.81111],[127.17714,37.81049],[127.1776,37.80779],[127.17795,37.8074],[127.17966,37.80629],[127.18133,37.80592],[127.18217,37.80618],[127.18384,37.80601],[127.18614,37.80547],[127.192,37.80011],[127.19104,37.79832],[127.18579,37.79377],[127.18503,37.79061],[127.18304,37.78656],[127.181,37.78345],[127.18089,37.78175],[127.18266,37.77594],[127.17944,37.77275],[127.18083,37.76786],[127.18031,37.76469],[127.18091,37.7631],[127.17945,37.76234],[127.17703,37.75982],[127.17626,37.75734],[127.17556,37.75663],[127.17326,37.75511],[127.16626,37.75294],[127.1598,37.75305],[127.159,37.7533],[127.15718,37.7547],[127.15376,37.7555],[127.14941,37.75544],[127.14671,37.75484],[127.14318,37.75884],[127.13966,37.76407],[127.13343,37.76229],[127.12701,37.76365],[127.12543,37.7633],[127.12651,37.76562],[127.12735,37.76543],[127.1291,37.76689],[127.12867,37.77063],[127.12807,37.77184],[127.12012,37.77399],[127.11892,37.7736],[127.11564,37.77376],[127.11577,37.77468],[127.11541,37.77643],[127.11175,37.77891],[127.11069,37.7794],[127.10434,37.77967],[127.10592,37.78055],[127.10621,37.78173],[127.10595,37.78318],[127.11293,37.7885],[127.11639,37.79438],[127.11719,37.7959],[127.11806,37.79996],[127.11709,37.80393],[127.11827,37.80768],[127.11875,37.80904],[127.11983,37.80969],[127.12201,37.81208],[127.12191,37.81376],[127.12103,37.81505],[127.12019,37.81736],[127.12078,37.82363],[127.12191,37.82511],[127.12189,37.82815],[127.12039,37.83092],[127.1182,37.83232],[127.11806,37.83327],[127.11962,37.83379],[127.12114,37.83323],[127.12216,37.83323],[127.12646,37.83525],[127.12689,37.83593],[127.13285,37.83937],[127.13469,37.83988],[127.14832,37.84073],[127.15496,37.83965],[127.15555,37.8384],[127.15568,37.8356]]]}},{"type":"Feature","properties":{"adm_cd2":"4165031000","adm_nm":"경기도 포천시 군내면","sggnm":"포천시"},"geometry":{"type":"Polygon","coordinates":[[[127.25852,37.8482],[127.2551,37.84551],[127.25181,37.8438],[127.2426,37.84621],[127.23621,37.84952],[127.2361,37.85117],[127.2351,37.85205],[127.23269,37.85192],[127.23102,37.85124],[127.22521,37.85179],[127.2242,37.85203],[127.22341,37.85275],[127.22108,37.85382],[127.21753,37.85332],[127.21388,37.85534],[127.21175,37.85531],[127.20512,37.85378],[127.20398,37.85303],[127.20359,37.85163],[127.19646,37.84964],[127.19436,37.85043],[127.19334,37.85188],[127.19191,37.85685],[127.19284,37.85877],[127.19445,37.85951],[127.19679,37.86218],[127.19675,37.86405],[127.19627,37.86521],[127.19275,37.86903],[127.18939,37.86937],[127.18424,37.8708],[127.18693,37.87346],[127.18736,37.8737],[127.18893,37.87359],[127.18955,37.8741],[127.19075,37.87674],[127.19395,37.88005],[127.19758,37.88235],[127.19833,37.88416],[127.19961,37.89103],[127.20183,37.89299],[127.20466,37.89625],[127.20993,37.90383],[127.21163,37.90524],[127.21376,37.90553],[127.21771,37.90997],[127.22256,37.91412],[127.22405,37.91501],[127.22547,37.91471],[127.22544,37.91274],[127.22695,37.90832],[127.23401,37.91088],[127.23949,37.91204],[127.24233,37.91334],[127.24319,37.91529],[127.24776,37.9175],[127.24835,37.91727],[127.25017,37.91132],[127.25128,37.9063],[127.2531,37.90441],[127.25137,37.90226],[127.25033,37.90182],[127.24995,37.8998],[127.25052,37.89451],[127.2522,37.89185],[127.253,37.88608],[127.25618,37.88506],[127.25864,37.88496],[127.26204,37.88424],[127.26338,37.88034],[127.26328,37.87856],[127.26401,37.87562],[127.26524,37.87397],[127.26581,37.87256],[127.26712,37.87164],[127.26781,37.87042],[127.26831,37.86847],[127.26762,37.86731],[127.26677,37.86316],[127.26634,37.86021],[127.26653,37.85738],[127.26094,37.85319],[127.25879,37.85214],[127.25837,37.85076],[127.25862,37.84958],[127.25918,37.8495],[127.25852,37.8482]]]}},{"type":"Feature","properties":{"adm_cd2":"4165032000","adm_nm":"경기도 포천시 내촌면","sggnm":"포천시"},"geometry":{"type":"Polygon","coordinates":[[[127.28034,37.85389],[127.28632,37.84828],[127.28402,37.84603],[127.28238,37.84532],[127.27903,37.84234],[127.27857,37.83941],[127.2763,37.83591],[127.27415,37.83062],[127.27413,37.82647],[127.27513,37.82497],[127.27583,37.8247],[127.27923,37.81661],[127.2774,37.80882],[127.27785,37.80637],[127.2784,37.80611],[127.27875,37.80546],[127.27083,37.79459],[127.27052,37.79378],[127.27121,37.79155],[127.27216,37.79039],[127.2719,37.78865],[127.27097,37.78629],[127.26841,37.78516],[127.26735,37.78296],[127.26625,37.77904],[127.26336,37.77693],[127.26175,37.77439],[127.26095,37.77262],[127.26152,37.77107],[127.26038,37.77012],[127.25973,37.7684],[127.25879,37.76866],[127.25355,37.76772],[127.25158,37.76621],[127.24047,37.76271],[127.23649,37.76219],[127.23576,37.76094],[127.23341,37.75846],[127.23219,37.75769],[127.23068,37.75733],[127.22762,37.75428],[127.22508,37.75344],[127.22163,37.75502],[127.22203,37.75693],[127.22075,37.75792],[127.21891,37.75842],[127.21341,37.76102],[127.21298,37.76151],[127.21265,37.76465],[127.21096,37.76461],[127.20528,37.76124],[127.20478,37.76164],[127.20474,37.76329],[127.2005,37.76399],[127.19861,37.76329],[127.19092,37.76258],[127.18729,37.76342],[127.18617,37.76435],[127.18416,37.76474],[127.18142,37.76382],[127.18091,37.7631],[127.18031,37.76469],[127.18083,37.76786],[127.17944,37.77275],[127.18266,37.77594],[127.18089,37.78175],[127.18111,37.78372],[127.18304,37.78656],[127.18503,37.79061],[127.18579,37.79377],[127.19104,37.79832],[127.192,37.80011],[127.19652,37.8061],[127.19944,37.8075],[127.2022,37.81479],[127.20424,37.81567],[127.20739,37.81505],[127.20807,37.81519],[127.20986,37.81652],[127.20903,37.8178],[127.20941,37.82018],[127.21308,37.82004],[127.21556,37.81904],[127.21613,37.81768],[127.21605,37.81697],[127.21669,37.81573],[127.22173,37.81412],[127.22502,37.81059],[127.22676,37.8101],[127.23192,37.81002],[127.23503,37.81178],[127.23825,37.815],[127.24454,37.819],[127.2454,37.82897],[127.24513,37.83102],[127.24449,37.83234],[127.24455,37.83303],[127.24729,37.83927],[127.25163,37.84209],[127.25181,37.8438],[127.2551,37.84551],[127.25852,37.8482],[127.25918,37.8495],[127.26427,37.8506],[127.26772,37.84999],[127.27542,37.85189],[127.2782,37.85544],[127.27909,37.85569],[127.28036,37.85543],[127.28034,37.85389]]]}},{"type":"Feature","properties":{"adm_cd2":"4165033000","adm_nm":"경기도 포천시 가산면","sggnm":"포천시"},"geometry":{"type":"Polygon","coordinates":[[[127.25163,37.84209],[127.24729,37.83927],[127.24455,37.83303],[127.24449,37.83234],[127.24513,37.83102],[127.2454,37.82897],[127.24454,37.819],[127.23825,37.815],[127.23503,37.81178],[127.2314,37.80984],[127.22676,37.8101],[127.22502,37.81059],[127.22173,37.81412],[127.21666,37.81576],[127.216,37.8171],[127.21613,37.81768],[127.21578,37.81857],[127.21529,37.81925],[127.21308,37.82004],[127.20953,37.82023],[127.20902,37.81791],[127.20982,37.81643],[127.20769,37.81504],[127.20424,37.81567],[127.2022,37.81479],[127.19944,37.8075],[127.1966,37.80619],[127.192,37.80011],[127.18614,37.80547],[127.18384,37.80601],[127.18217,37.80618],[127.18133,37.80592],[127.17966,37.80629],[127.17795,37.8074],[127.1776,37.80779],[127.17714,37.81049],[127.17497,37.81111],[127.17347,37.8083],[127.1697,37.81341],[127.16908,37.81493],[127.16768,37.81508],[127.16585,37.81705],[127.16487,37.8214],[127.16396,37.82318],[127.16343,37.82804],[127.16287,37.82971],[127.16186,37.83071],[127.15732,37.83289],[127.15595,37.83479],[127.15547,37.8366],[127.15555,37.8384],[127.15834,37.84346],[127.16458,37.84549],[127.16399,37.84735],[127.16413,37.84806],[127.1665,37.84866],[127.1687,37.84988],[127.17258,37.85438],[127.17354,37.85597],[127.17314,37.85893],[127.17368,37.85976],[127.17585,37.86158],[127.17893,37.86234],[127.18045,37.86314],[127.18276,37.86528],[127.18315,37.86667],[127.183,37.86918],[127.18424,37.8708],[127.18939,37.86937],[127.19275,37.86903],[127.19627,37.86521],[127.19675,37.86405],[127.19679,37.86218],[127.19445,37.85951],[127.19284,37.85877],[127.19191,37.85685],[127.19334,37.85188],[127.19447,37.85038],[127.19646,37.84964],[127.20359,37.85163],[127.20398,37.85303],[127.20512,37.85378],[127.21175,37.85531],[127.21388,37.85534],[127.21753,37.85332],[127.22108,37.85382],[127.22341,37.85275],[127.2242,37.85203],[127.22521,37.85179],[127.23102,37.85124],[127.23269,37.85192],[127.2351,37.85205],[127.2361,37.85117],[127.23621,37.84952],[127.2426,37.84621],[127.25181,37.8438],[127.25163,37.84209]]]}},{"type":"Feature","properties":{"adm_cd2":"4165034000","adm_nm":"경기도 포천시 신북면","sggnm":"포천시"},"geometry":{"type":"Polygon","coordinates":[[[127.14432,37.98746],[127.14401,37.9853],[127.14897,37.98062],[127.15575,37.97767],[127.16026,37.97734],[127.1622,37.97831],[127.16404,37.98049],[127.16561,37.98128],[127.17201,37.97877],[127.17434,37.97921],[127.17937,37.97873],[127.18071,37.97661],[127.17997,37.97194],[127.18126,37.96846],[127.18284,37.96768],[127.19087,37.96714],[127.19465,37.96723],[127.19558,37.96841],[127.19565,37.97002],[127.19944,37.97477],[127.20343,37.97259],[127.20377,37.97176],[127.20368,37.97074],[127.20511,37.9693],[127.20673,37.96898],[127.20807,37.96831],[127.20985,37.96616],[127.21098,37.96566],[127.21346,37.96374],[127.21554,37.96322],[127.21785,37.96409],[127.21896,37.9621],[127.21829,37.96025],[127.21758,37.95963],[127.21723,37.95879],[127.21723,37.95745],[127.21748,37.95618],[127.21822,37.95477],[127.21913,37.95408],[127.21969,37.95412],[127.22014,37.95658],[127.22159,37.9581],[127.22561,37.96073],[127.23057,37.96228],[127.23105,37.96314],[127.23087,37.96379],[127.23179,37.96709],[127.23339,37.96741],[127.23706,37.96747],[127.24298,37.96968],[127.24518,37.96925],[127.25023,37.96642],[127.25543,37.9654],[127.25899,37.96542],[127.26068,37.96388],[127.25919,37.95801],[127.25628,37.95467],[127.25568,37.95243],[127.25217,37.95245],[127.25099,37.94494],[127.24864,37.94069],[127.24658,37.93854],[127.2455,37.93646],[127.2476,37.93327],[127.24935,37.92386],[127.2484,37.92091],[127.24764,37.92013],[127.24776,37.9175],[127.24319,37.91529],[127.24233,37.91334],[127.23949,37.91204],[127.23401,37.91088],[127.22695,37.90832],[127.22544,37.91274],[127.22547,37.91471],[127.22357,37.91485],[127.21771,37.90997],[127.21376,37.90553],[127.21163,37.90524],[127.20993,37.90383],[127.20928,37.9028],[127.20297,37.90471],[127.1967,37.90439],[127.1945,37.90466],[127.19073,37.90575],[127.18884,37.90813],[127.18553,37.90957],[127.1827,37.91162],[127.1785,37.91142],[127.17621,37.9124],[127.17303,37.91159],[127.16842,37.90819],[127.16749,37.90623],[127.16342,37.90429],[127.16111,37.90178],[127.15937,37.89864],[127.15904,37.89655],[127.15701,37.89558],[127.15346,37.89602],[127.14966,37.89792],[127.15027,37.90058],[127.14971,37.90138],[127.14775,37.90271],[127.14673,37.9028],[127.14675,37.90442],[127.14786,37.90663],[127.14663,37.91081],[127.14596,37.91187],[127.14399,37.91267],[127.13876,37.91403],[127.13624,37.9131],[127.13512,37.91332],[127.13348,37.91552],[127.13284,37.91592],[127.12913,37.91634],[127.12738,37.91597],[127.12712,37.91566],[127.12197,37.91648],[127.1209,37.91703],[127.12023,37.91779],[127.1182,37.92261],[127.11525,37.9283],[127.10948,37.93552],[127.10814,37.93815],[127.10801,37.93909],[127.10234,37.94078],[127.09605,37.94365],[127.09641,37.94525],[127.09629,37.94682],[127.09558,37.94902],[127.09631,37.95018],[127.09803,37.95107],[127.09912,37.95246],[127.09924,37.95458],[127.09883,37.95533],[127.09558,37.95647],[127.09449,37.95719],[127.09257,37.95923],[127.09224,37.96005],[127.09269,37.96384],[127.09414,37.96801],[127.09254,37.97086],[127.09171,37.97144],[127.09267,37.9749],[127.09238,37.9767],[127.09092,37.97988],[127.09038,37.98207],[127.09081,37.98755],[127.09143,37.98813],[127.0948,37.98911],[127.10057,37.9897],[127.10795,37.98885],[127.11154,37.98931],[127.11409,37.98647],[127.11733,37.98574],[127.1202,37.9795],[127.12078,37.97942],[127.12343,37.98029],[127.1296,37.98386],[127.13053,37.98466],[127.13205,37.98738],[127.13199,37.98773],[127.13255,37.98829],[127.14054,37.99201],[127.14329,37.99126],[127.14432,37.98746]]]}},{"type":"Feature","properties":{"adm_cd2":"4165035000","adm_nm":"경기도 포천시 창수면","sggnm":"포천시"},"geometry":{"type":"Polygon","coordinates":[[[127.18811,38.06489],[127.18934,38.06458],[127.19102,38.06362],[127.19239,38.06166],[127.19683,38.05901],[127.19782,38.05863],[127.19874,38.05876],[127.19935,38.05936],[127.19959,38.06126],[127.19934,38.06194],[127.19792,38.06332],[127.19785,38.06396],[127.19801,38.06485],[127.19874,38.06595],[127.20067,38.06687],[127.20332,38.06679],[127.20442,38.06769],[127.20583,38.06673],[127.2084,38.06811],[127.21445,38.06942],[127.21546,38.06929],[127.21882,38.06813],[127.21929,38.06736],[127.21833,38.06665],[127.21749,38.06498],[127.21756,38.06196],[127.21635,38.05881],[127.21687,38.05704],[127.21842,38.05609],[127.22362,38.05388],[127.23611,38.05372],[127.23948,38.0516],[127.24147,38.05085],[127.23918,38.04844],[127.23549,38.04859],[127.22477,38.04215],[127.21934,38.041],[127.21736,38.04177],[127.21666,38.04157],[127.21429,38.03952],[127.21254,38.03692],[127.2105,38.03227],[127.20812,38.03281],[127.20738,38.0324],[127.20575,38.02723],[127.20804,38.0248],[127.20837,38.02396],[127.20791,38.02354],[127.20466,38.02239],[127.20391,38.02179],[127.20361,38.0203],[127.20426,38.01931],[127.20408,38.01888],[127.20068,38.01557],[127.19604,38.01578],[127.19596,38.01477],[127.1966,38.01303],[127.2027,38.00922],[127.20671,38.00613],[127.20693,38.00549],[127.20459,38.0018],[127.2025,38.00048],[127.20061,37.99839],[127.20103,37.99802],[127.20537,37.99695],[127.20678,37.99399],[127.21154,37.99515],[127.21558,37.9938],[127.21655,37.99283],[127.21675,37.99209],[127.21628,37.99129],[127.21651,37.98885],[127.21926,37.98486],[127.21914,37.98439],[127.21769,37.98334],[127.21743,37.98272],[127.21916,37.97839],[127.22203,37.97784],[127.22261,37.97717],[127.22305,37.97442],[127.22199,37.97202],[127.22262,37.97073],[127.22404,37.96983],[127.22604,37.96958],[127.23132,37.96769],[127.23179,37.96709],[127.23087,37.96379],[127.23105,37.96314],[127.23057,37.96228],[127.22561,37.96073],[127.22159,37.9581],[127.22014,37.95658],[127.21963,37.95408],[127.21834,37.95461],[127.21748,37.95618],[127.21725,37.95734],[127.21723,37.95879],[127.21758,37.95963],[127.21829,37.96025],[127.21896,37.9621],[127.21785,37.96409],[127.21554,37.96322],[127.21346,37.96374],[127.21098,37.96566],[127.20985,37.96616],[127.20807,37.96831],[127.20673,37.96898],[127.20511,37.9693],[127.20368,37.97074],[127.20377,37.97176],[127.20343,37.97259],[127.19944,37.97477],[127.19565,37.97002],[127.19558,37.96841],[127.19465,37.96723],[127.19087,37.96714],[127.18284,37.96768],[127.18126,37.96846],[127.17997,37.97194],[127.18071,37.97661],[127.17937,37.97873],[127.17434,37.97921],[127.17201,37.97877],[127.16561,37.98128],[127.16404,37.98049],[127.1622,37.97831],[127.16026,37.97734],[127.15575,37.97767],[127.14897,37.98062],[127.14388,37.98554],[127.14432,37.98746],[127.14329,37.99126],[127.14482,37.99192],[127.1454,37.99282],[127.14687,37.99564],[127.14684,37.99772],[127.14564,38.00095],[127.1408,38.00553],[127.14024,38.01148],[127.14261,38.01442],[127.1452,38.01496],[127.14532,38.01565],[127.14288,38.01834],[127.1392,38.02143],[127.13871,38.02285],[127.13952,38.02427],[127.13979,38.02545],[127.13958,38.02613],[127.13916,38.02668],[127.1372,38.02768],[127.13549,38.02926],[127.13518,38.03084],[127.13535,38.03138],[127.13715,38.03331],[127.13802,38.03542],[127.13779,38.03744],[127.13481,38.03918],[127.1336,38.03897],[127.12815,38.03668],[127.12602,38.03653],[127.12444,38.03707],[127.12254,38.03907],[127.11825,38.03864],[127.1154,38.03988],[127.11436,38.03998],[127.11547,38.04056],[127.11788,38.04266],[127.11796,38.04391],[127.11458,38.04723],[127.11228,38.05096],[127.11229,38.05141],[127.11319,38.05431],[127.1148,38.05744],[127.11717,38.06065],[127.11898,38.06143],[127.12258,38.06162],[127.12373,38.06143],[127.12484,38.05996],[127.12569,38.05969],[127.12931,38.06093],[127.13012,38.06141],[127.13115,38.06283],[127.13491,38.06561],[127.13826,38.06646],[127.13872,38.0675],[127.13834,38.0691],[127.13854,38.06966],[127.13966,38.07138],[127.14115,38.07274],[127.14218,38.07323],[127.14421,38.0735],[127.14768,38.06968],[127.1471,38.06523],[127.1462,38.06345],[127.14625,38.06273],[127.14685,38.05914],[127.14874,38.0577],[127.15088,38.05808],[127.15228,38.05877],[127.15369,38.06007],[127.15566,38.06263],[127.15696,38.06339],[127.1595,38.0634],[127.16467,38.06138],[127.16635,38.06135],[127.16746,38.06181],[127.16855,38.063],[127.16889,38.06387],[127.17092,38.06552],[127.17376,38.06642],[127.17705,38.06606],[127.1836,38.06386],[127.18811,38.06489]]]}},{"type":"Feature","properties":{"adm_cd2":"4165036000","adm_nm":"경기도 포천시 영중면","sggnm":"포천시"},"geometry":{"type":"Polygon","coordinates":[[[127.23932,38.0474],[127.24084,38.04406],[127.24615,38.04068],[127.24747,38.04079],[127.24965,38.04207],[127.25124,38.04206],[127.26264,38.03932],[127.27119,38.03616],[127.27904,38.03512],[127.28054,38.03516],[127.28388,38.03619],[127.28484,38.03725],[127.28524,38.03878],[127.2886,38.03849],[127.29069,38.03677],[127.2946,38.03641],[127.2959,38.03657],[127.295,38.03182],[127.2949,38.0253],[127.29464,38.02483],[127.28955,38.02193],[127.28861,38.02066],[127.28863,38.02002],[127.27929,38.01766],[127.27687,38.01579],[127.2766,38.01505],[127.27708,38.01405],[127.27709,38.01322],[127.27545,38.0088],[127.2756,38.0081],[127.27746,38.00707],[127.28169,38.00353],[127.2808,38.00122],[127.28088,38.00051],[127.28333,37.99862],[127.28387,37.99787],[127.28526,37.99529],[127.28545,37.99366],[127.28589,37.99291],[127.28839,37.99064],[127.29317,37.98887],[127.29471,37.9877],[127.30017,37.9829],[127.30116,37.97993],[127.3006,37.97658],[127.3014,37.97233],[127.30011,37.96897],[127.29933,37.9682],[127.29365,37.96455],[127.29105,37.96316],[127.28798,37.96206],[127.28509,37.9573],[127.27951,37.95546],[127.27479,37.95756],[127.27339,37.95788],[127.27216,37.95776],[127.26531,37.95568],[127.26478,37.95496],[127.26341,37.95412],[127.26212,37.95382],[127.2589,37.95387],[127.25628,37.95467],[127.25944,37.95862],[127.26068,37.96388],[127.25899,37.96542],[127.25543,37.9654],[127.25023,37.96642],[127.24518,37.96925],[127.24298,37.96968],[127.23706,37.96747],[127.23339,37.96741],[127.23179,37.96709],[127.23132,37.96769],[127.22604,37.96958],[127.22404,37.96983],[127.22262,37.97073],[127.22199,37.97202],[127.22305,37.97442],[127.22261,37.97717],[127.22203,37.97784],[127.21922,37.97829],[127.21743,37.98272],[127.21769,37.98334],[127.2191,37.98434],[127.21928,37.9848],[127.21651,37.98885],[127.21628,37.99129],[127.21676,37.9918],[127.21655,37.99283],[127.21558,37.9938],[127.21154,37.99515],[127.20678,37.99399],[127.20537,37.99695],[127.20103,37.99802],[127.20061,37.99839],[127.2025,38.00048],[127.20459,38.0018],[127.20693,38.00549],[127.20671,38.00613],[127.2027,38.00922],[127.1966,38.01303],[127.19596,38.01477],[127.19604,38.01578],[127.20068,38.01557],[127.20408,38.01888],[127.20426,38.01931],[127.20361,38.0203],[127.20391,38.02179],[127.20466,38.02239],[127.20791,38.02354],[127.20837,38.02396],[127.20804,38.0248],[127.20575,38.02723],[127.20738,38.0324],[127.20812,38.03281],[127.2105,38.03227],[127.21254,38.03692],[127.21429,38.03952],[127.21692,38.04175],[127.21842,38.04154],[127.21934,38.041],[127.22477,38.04215],[127.23549,38.04859],[127.23918,38.04844],[127.23932,38.0474]]]}},{"type":"Feature","properties":{"adm_cd2":"4165037000","adm_nm":"경기도 포천시 일동면","sggnm":"포천시"},"geometry":{"type":"Polygon","coordinates":[[[127.31081,38.02833],[127.31087,38.02625],[127.3102,38.02325],[127.309,38.02232],[127.30891,38.01854],[127.30947,38.01629],[127.31408,38.01035],[127.31422,38.00893],[127.31045,38.00299],[127.30886,38.00274],[127.30821,38.00218],[127.31028,38.00022],[127.31293,38.00043],[127.31545,38.00308],[127.32255,38.0041],[127.32355,38.00391],[127.32614,38.00227],[127.32737,38.00036],[127.32855,38.00019],[127.33228,38.00306],[127.3364,38.00472],[127.33939,38.00505],[127.34181,38.00735],[127.34313,38.00757],[127.34475,38.00712],[127.34499,38.00617],[127.34567,38.00577],[127.34947,38.00471],[127.35212,38.00441],[127.35516,38.00452],[127.35655,38.00331],[127.35731,38.00191],[127.36575,37.99551],[127.36842,37.99455],[127.37123,37.99278],[127.37186,37.99207],[127.37788,37.98887],[127.37841,37.98772],[127.3784,37.98563],[127.38001,37.98448],[127.38359,37.98332],[127.38504,37.98241],[127.38395,37.98111],[127.38394,37.98006],[127.38412,37.97793],[127.38539,37.97615],[127.38245,37.97422],[127.38184,37.97227],[127.38264,37.9697],[127.38009,37.96663],[127.3779,37.96534],[127.37614,37.96153],[127.37744,37.9594],[127.37917,37.95892],[127.37973,37.95778],[127.37951,37.95647],[127.37697,37.95359],[127.37683,37.95293],[127.37875,37.95112],[127.38235,37.95045],[127.38313,37.94958],[127.38491,37.94709],[127.384,37.94413],[127.38428,37.94354],[127.38282,37.94276],[127.38169,37.94081],[127.37981,37.93913],[127.37754,37.93877],[127.37455,37.93653],[127.37195,37.93386],[127.36989,37.93062],[127.3661,37.92883],[127.3643,37.92595],[127.3569,37.92206],[127.35583,37.92165],[127.35463,37.92165],[127.35031,37.92233],[127.3485,37.92505],[127.34744,37.92607],[127.34518,37.92721],[127.34393,37.92679],[127.33996,37.92426],[127.33729,37.92377],[127.33303,37.9265],[127.33098,37.92591],[127.33043,37.92362],[127.32899,37.92203],[127.32766,37.9224],[127.32228,37.92202],[127.31234,37.92247],[127.31095,37.92213],[127.31002,37.9197],[127.3062,37.91899],[127.30195,37.91971],[127.30029,37.92024],[127.29944,37.92087],[127.29674,37.91968],[127.29512,37.91536],[127.28719,37.91579],[127.28263,37.91709],[127.27863,37.91966],[127.27231,37.92254],[127.27152,37.92515],[127.26769,37.92816],[127.26325,37.93871],[127.2624,37.94334],[127.26139,37.94564],[127.2609,37.94632],[127.25983,37.94651],[127.2588,37.94712],[127.25775,37.95093],[127.25568,37.95243],[127.25628,37.95467],[127.2589,37.95387],[127.26212,37.95382],[127.26341,37.95412],[127.26478,37.95496],[127.26531,37.95568],[127.27216,37.95776],[127.27339,37.95788],[127.27479,37.95756],[127.27951,37.95546],[127.28509,37.9573],[127.28798,37.96206],[127.29105,37.96316],[127.29365,37.96455],[127.29933,37.9682],[127.30011,37.96897],[127.3014,37.97233],[127.3006,37.97658],[127.30116,37.97993],[127.30017,37.9829],[127.29352,37.98869],[127.28839,37.99064],[127.28589,37.99291],[127.28545,37.99366],[127.28526,37.99529],[127.28387,37.99787],[127.28333,37.99862],[127.28088,38.00051],[127.2808,38.00122],[127.28169,38.00353],[127.27746,38.00707],[127.2756,38.0081],[127.27545,38.0088],[127.27709,38.01322],[127.27708,38.01405],[127.2766,38.01505],[127.27687,38.01579],[127.27929,38.01766],[127.28863,38.02002],[127.28861,38.02066],[127.28955,38.02193],[127.29464,38.02483],[127.2949,38.0253],[127.295,38.03182],[127.2959,38.03657],[127.30027,38.03729],[127.30621,38.03743],[127.30735,38.03568],[127.30835,38.03069],[127.30867,38.03009],[127.31036,38.0291],[127.31081,38.02833]]]}},{"type":"Feature","properties":{"adm_cd2":"4165038000","adm_nm":"경기도 포천시 이동면","sggnm":"포천시"},"geometry":{"type":"Polygon","coordinates":[[[127.43263,38.11282],[127.43971,38.10933],[127.44087,38.10838],[127.4444,38.09752],[127.44557,38.08599],[127.44635,38.08384],[127.44694,38.07952],[127.44611,38.07275],[127.44698,38.07079],[127.44599,38.06262],[127.44489,38.06024],[127.44397,38.05972],[127.44371,38.05904],[127.44666,38.05423],[127.44566,38.05098],[127.44439,38.05],[127.4422,38.04615],[127.44177,38.04478],[127.43749,38.0403],[127.43355,38.03673],[127.43121,38.03517],[127.43019,38.03465],[127.42491,38.0334],[127.42429,38.03094],[127.42623,38.02958],[127.42719,38.02749],[127.42655,38.02566],[127.42349,38.02015],[127.42154,38.01902],[127.42001,38.01742],[127.41828,38.01475],[127.4168,38.01062],[127.41481,38.00692],[127.41452,38.00525],[127.41479,38.00175],[127.41302,37.9978],[127.41139,37.99687],[127.40907,37.9963],[127.4065,37.99163],[127.40529,37.99054],[127.40386,37.99061],[127.39942,37.9894],[127.3898,37.98268],[127.38666,37.98323],[127.38504,37.98241],[127.38359,37.98332],[127.38001,37.98448],[127.3784,37.98563],[127.37841,37.98772],[127.37788,37.98887],[127.37186,37.99207],[127.37123,37.99278],[127.36842,37.99455],[127.36575,37.99551],[127.35731,38.00191],[127.35655,38.00331],[127.35516,38.00452],[127.35212,38.00441],[127.34947,38.00471],[127.34567,38.00577],[127.34499,38.00617],[127.34475,38.00712],[127.34248,38.00758],[127.34128,38.00697],[127.33939,38.00505],[127.3364,38.00472],[127.33228,38.00306],[127.32855,38.00019],[127.32718,38.00048],[127.32614,38.00227],[127.32305,38.00407],[127.31545,38.00308],[127.31394,38.00121],[127.31251,38.00029],[127.31028,38.00022],[127.30832,38.0019],[127.30821,38.00218],[127.30886,38.00274],[127.31045,38.00299],[127.31422,38.00893],[127.31408,38.01035],[127.30947,38.01629],[127.30891,38.01854],[127.309,38.02232],[127.3102,38.02325],[127.31087,38.02625],[127.31081,38.02833],[127.31036,38.0291],[127.31183,38.02894],[127.3128,38.0294],[127.31823,38.03565],[127.3184,38.03749],[127.31941,38.03937],[127.32143,38.04103],[127.32742,38.04145],[127.33467,38.04334],[127.33548,38.04325],[127.33903,38.04077],[127.34149,38.03851],[127.34252,38.03804],[127.34518,38.03889],[127.34753,38.04024],[127.35022,38.04309],[127.35095,38.0447],[127.35081,38.0459],[127.34839,38.04872],[127.34684,38.0498],[127.34637,38.05068],[127.34576,38.05622],[127.34613,38.06042],[127.34466,38.06461],[127.34523,38.06859],[127.34649,38.07081],[127.34826,38.07157],[127.35104,38.07128],[127.35424,38.07156],[127.35489,38.0742],[127.35471,38.07787],[127.35456,38.07829],[127.35305,38.07946],[127.35236,38.08073],[127.35369,38.08517],[127.35222,38.08671],[127.35047,38.08709],[127.34803,38.08698],[127.34117,38.0851],[127.33729,38.08612],[127.33685,38.08689],[127.33685,38.08864],[127.33739,38.08982],[127.33821,38.10078],[127.33927,38.10154],[127.34601,38.10426],[127.35337,38.10434],[127.35607,38.10625],[127.36011,38.10687],[127.36445,38.10704],[127.3709,38.11004],[127.37185,38.11111],[127.37197,38.11366],[127.37809,38.11774],[127.38194,38.11652],[127.38311,38.11658],[127.3836,38.11538],[127.38576,38.11426],[127.39196,38.11404],[127.39396,38.1134],[127.40048,38.11374],[127.40301,38.11319],[127.4034,38.11289],[127.40497,38.10956],[127.406,38.10607],[127.40839,38.10423],[127.41206,38.10272],[127.41519,38.10367],[127.4225,38.10888],[127.43057,38.11528],[127.43263,38.11282]]]}},{"type":"Feature","properties":{"adm_cd2":"4165039000","adm_nm":"경기도 포천시 영북면","sggnm":"포천시"},"geometry":{"type":"Polygon","coordinates":[[[127.33685,38.08864],[127.33685,38.08689],[127.33775,38.08585],[127.34117,38.0851],[127.34803,38.08698],[127.35047,38.08709],[127.35222,38.08671],[127.35369,38.08517],[127.35236,38.08073],[127.35305,38.07946],[127.35456,38.07829],[127.35471,38.07787],[127.35489,38.0742],[127.35424,38.07156],[127.35104,38.07128],[127.34826,38.07157],[127.34649,38.07081],[127.34523,38.06859],[127.34466,38.06461],[127.34613,38.06042],[127.34576,38.05622],[127.34637,38.05068],[127.34684,38.0498],[127.34839,38.04872],[127.35081,38.0459],[127.35095,38.0447],[127.35022,38.04309],[127.34753,38.04024],[127.34518,38.03889],[127.34252,38.03804],[127.34149,38.03851],[127.33903,38.04077],[127.33528,38.04328],[127.33417,38.04334],[127.32742,38.04145],[127.32112,38.04092],[127.31907,38.03899],[127.3184,38.03749],[127.31806,38.03541],[127.3128,38.0294],[127.31183,38.02894],[127.31016,38.02914],[127.30867,38.03009],[127.30787,38.03224],[127.30735,38.03568],[127.30634,38.03728],[127.30584,38.0375],[127.30027,38.03729],[127.2946,38.03641],[127.29069,38.03677],[127.2886,38.03849],[127.28524,38.03878],[127.28484,38.03725],[127.28388,38.03619],[127.28054,38.03516],[127.27904,38.03512],[127.27119,38.03616],[127.26264,38.03932],[127.25124,38.04206],[127.24965,38.04207],[127.24747,38.04079],[127.24603,38.04072],[127.24127,38.04367],[127.24008,38.04555],[127.23913,38.04841],[127.24147,38.05085],[127.23948,38.0516],[127.23611,38.05372],[127.22362,38.05388],[127.21842,38.05609],[127.21687,38.05704],[127.2164,38.05914],[127.21756,38.06196],[127.21749,38.06498],[127.21833,38.06665],[127.21929,38.06736],[127.21882,38.06813],[127.21445,38.06942],[127.2084,38.06811],[127.20583,38.06673],[127.20442,38.06769],[127.2067,38.06872],[127.20827,38.07014],[127.20819,38.07151],[127.20778,38.07223],[127.20607,38.07391],[127.20604,38.07544],[127.20637,38.07616],[127.21002,38.07857],[127.21552,38.08053],[127.21738,38.08324],[127.2178,38.08426],[127.21797,38.08637],[127.21851,38.08719],[127.22258,38.09057],[127.22503,38.0919],[127.22845,38.09185],[127.23057,38.09084],[127.23158,38.091],[127.23198,38.09146],[127.23231,38.09378],[127.23106,38.09648],[127.23099,38.0985],[127.23134,38.09928],[127.23212,38.09982],[127.23348,38.10015],[127.24055,38.0996],[127.24508,38.09824],[127.24787,38.09802],[127.25009,38.09842],[127.25338,38.10082],[127.25381,38.10136],[127.25401,38.10281],[127.25476,38.10381],[127.25731,38.10475],[127.25979,38.10613],[127.26078,38.10773],[127.26321,38.10842],[127.26506,38.10726],[127.26814,38.10868],[127.26835,38.10938],[127.26808,38.10997],[127.26691,38.11129],[127.26564,38.11206],[127.26362,38.11244],[127.26248,38.11348],[127.26231,38.11421],[127.26251,38.11529],[127.26392,38.11534],[127.26561,38.11617],[127.26683,38.11741],[127.26705,38.11786],[127.26641,38.11979],[127.26416,38.12081],[127.26421,38.12135],[127.26572,38.12333],[127.2673,38.12473],[127.26868,38.12515],[127.27069,38.12512],[127.27349,38.12417],[127.27674,38.12545],[127.28043,38.12552],[127.28161,38.125],[127.28305,38.12337],[127.28331,38.12022],[127.28259,38.11894],[127.2832,38.11648],[127.28603,38.11505],[127.28735,38.11653],[127.28856,38.11669],[127.2915,38.11435],[127.29234,38.11408],[127.29293,38.11409],[127.29485,38.11526],[127.29586,38.11632],[127.29951,38.11551],[127.30274,38.11568],[127.30569,38.11718],[127.30683,38.11835],[127.30675,38.1192],[127.30723,38.11936],[127.31129,38.11597],[127.31184,38.10949],[127.31248,38.10736],[127.3167,38.10062],[127.32119,38.09522],[127.32415,38.09477],[127.32556,38.09512],[127.32993,38.09431],[127.33233,38.09193],[127.33739,38.08982],[127.33685,38.08864]]]}},{"type":"Feature","properties":{"adm_cd2":"4165040000","adm_nm":"경기도 포천시 관인면","sggnm":"포천시"},"geometry":{"type":"Polygon","coordinates":[[[127.28687,38.17893],[127.28933,38.1769],[127.29051,38.17652],[127.29287,38.17683],[127.29586,38.17642],[127.29701,38.17568],[127.29728,38.17478],[127.29707,38.17427],[127.29515,38.17273],[127.29222,38.17264],[127.29119,38.17233],[127.28797,38.17003],[127.28725,38.16871],[127.28728,38.16614],[127.28799,38.16422],[127.28752,38.16088],[127.28464,38.15775],[127.28724,38.15233],[127.28718,38.15135],[127.28329,38.14475],[127.27841,38.13922],[127.27555,38.13679],[127.27557,38.13427],[127.27719,38.13303],[127.27739,38.13249],[127.27748,38.12764],[127.27674,38.12545],[127.27349,38.12417],[127.27069,38.12512],[127.26761,38.12488],[127.26572,38.12333],[127.26421,38.12135],[127.26416,38.12081],[127.26641,38.11979],[127.26705,38.11786],[127.26639,38.11676],[127.26561,38.11617],[127.26392,38.11534],[127.26251,38.11529],[127.26248,38.11348],[127.26362,38.11244],[127.26564,38.11206],[127.26691,38.11129],[127.26808,38.10997],[127.26835,38.10938],[127.26814,38.10868],[127.26506,38.10726],[127.26321,38.10842],[127.26078,38.10773],[127.25979,38.10613],[127.25731,38.10475],[127.25476,38.10381],[127.25401,38.10281],[127.25381,38.10136],[127.25338,38.10082],[127.25009,38.09842],[127.24787,38.09802],[127.24508,38.09824],[127.24055,38.0996],[127.23348,38.10015],[127.23212,38.09982],[127.23134,38.09928],[127.23099,38.0985],[127.23106,38.09648],[127.23231,38.09378],[127.23198,38.09146],[127.23112,38.09083],[127.22978,38.09106],[127.22845,38.09185],[127.22503,38.0919],[127.22392,38.09139],[127.21851,38.08719],[127.21797,38.08637],[127.2178,38.08426],[127.21738,38.08324],[127.21552,38.08053],[127.21002,38.07857],[127.20637,38.07616],[127.20604,38.07544],[127.20607,38.07391],[127.20778,38.07223],[127.20819,38.07151],[127.20827,38.07014],[127.2067,38.06872],[127.20442,38.06769],[127.20332,38.06679],[127.20067,38.06687],[127.19874,38.06595],[127.19801,38.06485],[127.19785,38.06396],[127.19792,38.06332],[127.19934,38.06194],[127.19959,38.06126],[127.19906,38.05894],[127.19782,38.05863],[127.19683,38.05901],[127.19203,38.06191],[127.19128,38.06337],[127.18934,38.06458],[127.18811,38.06489],[127.18662,38.06444],[127.18574,38.07225],[127.18625,38.07431],[127.18985,38.07686],[127.19073,38.07784],[127.19225,38.08249],[127.19099,38.08543],[127.1882,38.08748],[127.18525,38.0908],[127.18451,38.09223],[127.18221,38.10731],[127.18305,38.10937],[127.18394,38.11034],[127.18428,38.11441],[127.1834,38.11609],[127.18266,38.11665],[127.17657,38.11982],[127.17283,38.12004],[127.17156,38.12156],[127.17355,38.12306],[127.17422,38.12394],[127.17577,38.12881],[127.17545,38.13502],[127.17401,38.14021],[127.17291,38.14156],[127.17356,38.1432],[127.17522,38.14446],[127.17673,38.14652],[127.17718,38.15151],[127.17611,38.1538],[127.1756,38.15895],[127.17519,38.15987],[127.17394,38.16111],[127.17459,38.16789],[127.1736,38.16923],[127.17378,38.17113],[127.17428,38.17274],[127.17675,38.1748],[127.17753,38.17602],[127.17938,38.18465],[127.1817,38.18509],[127.1879,38.18825],[127.1904,38.18886],[127.19028,38.18825],[127.18893,38.1865],[127.18818,38.18452],[127.18603,38.17295],[127.18625,38.17079],[127.18739,38.16878],[127.1887,38.16362],[127.18999,38.16069],[127.19552,38.15688],[127.19866,38.15589],[127.20288,38.15341],[127.20404,38.15163],[127.2082,38.14714],[127.20961,38.14677],[127.21177,38.14688],[127.21259,38.14574],[127.21342,38.14338],[127.21889,38.13924],[127.22189,38.13763],[127.22252,38.13811],[127.2237,38.14143],[127.22327,38.14686],[127.22591,38.14821],[127.23203,38.14703],[127.23389,38.14733],[127.23508,38.14801],[127.23766,38.15159],[127.23749,38.15202],[127.23962,38.15454],[127.24705,38.15943],[127.25166,38.16197],[127.25434,38.1628],[127.25586,38.16396],[127.25615,38.16493],[127.2585,38.16865],[127.26038,38.17037],[127.26165,38.17047],[127.26352,38.17146],[127.26505,38.17352],[127.266,38.17586],[127.26556,38.1767],[127.26452,38.17759],[127.26442,38.17828],[127.26612,38.1805],[127.27193,38.1815],[127.27527,38.18145],[127.27698,38.18237],[127.28283,38.18291],[127.28351,38.1827],[127.28563,38.18068],[127.28658,38.18034],[127.28687,38.17893]]]}},{"type":"Feature","properties":{"adm_cd2":"4165041000","adm_nm":"경기도 포천시 화현면","sggnm":"포천시"},"geometry":{"type":"Polygon","coordinates":[[[127.25775,37.95093],[127.2588,37.94712],[127.25983,37.94651],[127.2609,37.94632],[127.26139,37.94564],[127.2624,37.94334],[127.26325,37.93871],[127.26769,37.92816],[127.27152,37.92515],[127.27231,37.92254],[127.27863,37.91966],[127.28263,37.91709],[127.28719,37.91579],[127.29512,37.91536],[127.29674,37.91968],[127.29944,37.92087],[127.30029,37.92024],[127.30195,37.91971],[127.3062,37.91899],[127.31002,37.9197],[127.31095,37.92213],[127.31234,37.92247],[127.32228,37.92202],[127.32766,37.9224],[127.32899,37.92203],[127.32947,37.92025],[127.33089,37.91718],[127.32786,37.91241],[127.32937,37.9106],[127.33039,37.91004],[127.33056,37.90905],[127.33046,37.90782],[127.3291,37.90715],[127.32739,37.90284],[127.32819,37.89689],[127.32913,37.89431],[127.32732,37.89192],[127.3258,37.89079],[127.3237,37.88785],[127.32308,37.88075],[127.32391,37.87616],[127.32375,37.87374],[127.32236,37.87148],[127.3206,37.87139],[127.31755,37.86929],[127.31429,37.86782],[127.31341,37.86782],[127.3121,37.86612],[127.3117,37.86614],[127.31011,37.86648],[127.30867,37.86802],[127.30547,37.86884],[127.30064,37.8681],[127.29617,37.86887],[127.29317,37.87342],[127.29154,37.87414],[127.28728,37.86833],[127.28588,37.86558],[127.28584,37.8639],[127.28491,37.86031],[127.28168,37.85655],[127.28036,37.85543],[127.27909,37.85569],[127.2782,37.85544],[127.27542,37.85189],[127.26772,37.84999],[127.26427,37.8506],[127.25868,37.84951],[127.25835,37.85092],[127.25879,37.85214],[127.26094,37.85319],[127.26653,37.85738],[127.26634,37.86021],[127.26677,37.86316],[127.26762,37.86731],[127.26831,37.86847],[127.26781,37.87042],[127.26712,37.87164],[127.26581,37.87256],[127.26524,37.87397],[127.26401,37.87562],[127.26328,37.87856],[127.26338,37.88034],[127.26204,37.88424],[127.25864,37.88496],[127.25618,37.88506],[127.25315,37.88601],[127.25281,37.8866],[127.2522,37.89185],[127.25052,37.89451],[127.24995,37.8998],[127.25033,37.90182],[127.25137,37.90226],[127.25311,37.90432],[127.25128,37.9063],[127.25017,37.91132],[127.24835,37.91727],[127.24759,37.91774],[127.24764,37.92013],[127.2484,37.92091],[127.24935,37.92386],[127.2476,37.93327],[127.2455,37.93646],[127.24658,37.93854],[127.24864,37.94069],[127.25099,37.94494],[127.25217,37.95245],[127.25568,37.95243],[127.25775,37.95093]]]}},{"type":"Feature","properties":{"adm_cd2":"4165051000","adm_nm":"경기도 포천시 포천동","sggnm":"포천시"},"geometry":{"type":"Polygon","coordinates":[[[127.20466,37.89625],[127.20183,37.89299],[127.19961,37.89103],[127.19833,37.88416],[127.19758,37.88235],[127.19395,37.88005],[127.19075,37.87674],[127.18955,37.8741],[127.18893,37.87359],[127.18736,37.8737],[127.18693,37.87346],[127.18424,37.8708],[127.1836,37.87104],[127.18443,37.87678],[127.17643,37.87945],[127.17089,37.88225],[127.16567,37.88568],[127.16315,37.88808],[127.1621,37.8886],[127.15818,37.89005],[127.1534,37.89055],[127.15565,37.89568],[127.15701,37.89558],[127.15904,37.89655],[127.15937,37.89864],[127.16111,37.90178],[127.16342,37.90429],[127.16749,37.90623],[127.16842,37.90819],[127.17303,37.91159],[127.17621,37.9124],[127.1785,37.91142],[127.1827,37.91162],[127.18553,37.90957],[127.18884,37.90813],[127.19073,37.90575],[127.1945,37.90466],[127.1967,37.90439],[127.20297,37.90471],[127.20928,37.9028],[127.20466,37.89625]]]}},{"type":"Feature","properties":{"adm_cd2":"4165052000","adm_nm":"경기도 포천시 선단동","sggnm":"포천시"},"geometry":{"type":"Polygon","coordinates":[[[127.183,37.86918],[127.18315,37.86667],[127.18276,37.86528],[127.18045,37.86314],[127.17893,37.86234],[127.17585,37.86158],[127.17368,37.85976],[127.17314,37.85893],[127.17354,37.85597],[127.17258,37.85438],[127.1687,37.84988],[127.1665,37.84866],[127.16413,37.84806],[127.16399,37.84735],[127.16458,37.84549],[127.15834,37.84346],[127.15555,37.8384],[127.15496,37.83965],[127.14832,37.84073],[127.13469,37.83988],[127.13285,37.83937],[127.12689,37.83593],[127.12646,37.83525],[127.12216,37.83323],[127.12114,37.83323],[127.11962,37.83379],[127.11806,37.83327],[127.11715,37.83454],[127.11795,37.83643],[127.11567,37.83854],[127.11615,37.84391],[127.11505,37.84779],[127.11485,37.85034],[127.11255,37.85258],[127.11036,37.85557],[127.10887,37.85894],[127.10919,37.85985],[127.11125,37.86214],[127.11193,37.86435],[127.11368,37.86548],[127.11755,37.86623],[127.12035,37.86605],[127.12316,37.86716],[127.12356,37.86983],[127.12856,37.87391],[127.1317,37.87311],[127.13478,37.87373],[127.13674,37.87506],[127.13984,37.87621],[127.14209,37.87568],[127.14696,37.87603],[127.14946,37.88439],[127.1534,37.89055],[127.15818,37.89005],[127.1621,37.8886],[127.16315,37.88808],[127.16567,37.88568],[127.17089,37.88225],[127.17643,37.87945],[127.18443,37.87678],[127.1836,37.87104],[127.18424,37.8708],[127.183,37.86918]]]}},{"type":"Feature","properties":{"adm_cd2":"4167025000","adm_nm":"경기도 여주시 가남읍","sggnm":"여주시"},"geometry":{"type":"Polygon","coordinates":[[[127.60018,37.251],[127.60278,37.24961],[127.60421,37.24612],[127.60366,37.24491],[127.60225,37.24396],[127.60215,37.2433],[127.60548,37.23868],[127.60727,37.23711],[127.61026,37.23811],[127.61026,37.23591],[127.60945,37.23434],[127.60954,37.23343],[127.61532,37.23342],[127.61635,37.23299],[127.61858,37.22736],[127.61853,37.22582],[127.61932,37.2217],[127.62063,37.21997],[127.62496,37.2171],[127.62702,37.21609],[127.63103,37.21568],[127.63846,37.21243],[127.64116,37.21217],[127.64157,37.20799],[127.64085,37.20456],[127.64,37.20262],[127.63824,37.20153],[127.63799,37.19924],[127.63972,37.19581],[127.64696,37.19136],[127.64892,37.1872],[127.64838,37.18501],[127.64852,37.18406],[127.64921,37.18204],[127.64988,37.18172],[127.65001,37.1812],[127.64886,37.17757],[127.64807,37.17384],[127.64813,37.17262],[127.64674,37.17116],[127.64605,37.17076],[127.64277,37.17027],[127.641,37.16799],[127.63722,37.16794],[127.63077,37.16567],[127.6305,37.1661],[127.62965,37.16642],[127.62665,37.16598],[127.62533,37.16488],[127.61947,37.16244],[127.61823,37.16252],[127.61602,37.16326],[127.61516,37.1642],[127.61408,37.16766],[127.61398,37.17015],[127.61239,37.17338],[127.61139,37.17438],[127.6098,37.17497],[127.60484,37.17891],[127.60356,37.18037],[127.60167,37.18337],[127.59976,37.1829],[127.5993,37.18311],[127.5981,37.18793],[127.596,37.18963],[127.59526,37.18974],[127.59303,37.18963],[127.59049,37.1879],[127.58381,37.18696],[127.58048,37.18747],[127.5786,37.18868],[127.57815,37.1895],[127.57637,37.18916],[127.5732,37.18599],[127.57236,37.18458],[127.57279,37.1836],[127.57445,37.18243],[127.5776,37.17718],[127.57761,37.17623],[127.57708,37.17507],[127.57532,37.1743],[127.57278,37.17202],[127.57252,37.1713],[127.57051,37.17023],[127.56957,37.17167],[127.56888,37.17365],[127.56618,37.1764],[127.56039,37.18022],[127.55876,37.18088],[127.5579,37.17976],[127.55777,37.1782],[127.55669,37.17704],[127.55283,37.17544],[127.54681,37.17419],[127.52789,37.17296],[127.52679,37.17346],[127.5269,37.17502],[127.52659,37.17602],[127.52286,37.18124],[127.51975,37.18205],[127.51755,37.18213],[127.51727,37.18328],[127.51741,37.18481],[127.51597,37.18532],[127.5196,37.18761],[127.52589,37.19394],[127.52624,37.19523],[127.52793,37.19699],[127.52881,37.1976],[127.53109,37.19813],[127.53128,37.19999],[127.53008,37.20276],[127.5308,37.20501],[127.53147,37.20535],[127.53147,37.20823],[127.52987,37.21177],[127.52973,37.21503],[127.53008,37.21779],[127.5287,37.22228],[127.52761,37.22739],[127.5255,37.22757],[127.52696,37.22946],[127.52685,37.23138],[127.52521,37.23975],[127.52555,37.24049],[127.52969,37.24293],[127.53281,37.24354],[127.53577,37.24521],[127.53737,37.24663],[127.54329,37.24979],[127.54629,37.25299],[127.54683,37.254],[127.54828,37.25853],[127.5483,37.26187],[127.54866,37.26292],[127.54953,37.26402],[127.55098,37.26504],[127.55174,37.26498],[127.55123,37.26387],[127.55139,37.2601],[127.55302,37.25353],[127.55785,37.24941],[127.558,37.25061],[127.55709,37.2524],[127.55642,37.253],[127.55743,37.25445],[127.56452,37.25546],[127.56708,37.25499],[127.56837,37.25352],[127.57067,37.25196],[127.5719,37.25207],[127.57342,37.25133],[127.5741,37.25061],[127.5741,37.24987],[127.57464,37.24954],[127.57577,37.249],[127.57968,37.24813],[127.58685,37.24955],[127.58909,37.25109],[127.591,37.25082],[127.59193,37.2498],[127.59365,37.24929],[127.59681,37.24954],[127.599,37.25106],[127.60018,37.251]]]}},{"type":"Feature","properties":{"adm_cd2":"4167031000","adm_nm":"경기도 여주시 점동면","sggnm":"여주시"},"geometry":{"type":"Polygon","coordinates":[[[127.74942,37.22753],[127.7504,37.22608],[127.75094,37.22446],[127.7507,37.22153],[127.74792,37.21668],[127.74774,37.21692],[127.74658,37.21665],[127.74077,37.21195],[127.73684,37.21005],[127.73539,37.20803],[127.73556,37.20552],[127.7346,37.20332],[127.7331,37.20166],[127.73257,37.19964],[127.73284,37.19622],[127.72846,37.19161],[127.7279,37.18935],[127.72817,37.18846],[127.72812,37.18664],[127.72645,37.18261],[127.72535,37.18211],[127.72292,37.18176],[127.72118,37.18339],[127.71803,37.18379],[127.71566,37.18164],[127.7146,37.18107],[127.71482,37.18023],[127.7138,37.17843],[127.71226,37.17678],[127.71097,37.17642],[127.70967,37.17211],[127.70861,37.17072],[127.70777,37.17092],[127.70713,37.17066],[127.70458,37.16664],[127.70504,37.16533],[127.70513,37.16307],[127.70399,37.15649],[127.70084,37.15381],[127.69618,37.15232],[127.69486,37.15059],[127.69441,37.14964],[127.69403,37.14407],[127.69543,37.14045],[127.69205,37.13763],[127.69027,37.1372],[127.68777,37.13522],[127.68664,37.13503],[127.67973,37.13654],[127.67616,37.13676],[127.67057,37.1363],[127.66829,37.13663],[127.66679,37.13847],[127.66576,37.13924],[127.66215,37.13907],[127.66014,37.13977],[127.65752,37.14201],[127.65486,37.14588],[127.64761,37.15075],[127.64181,37.15138],[127.6387,37.15308],[127.63377,37.15317],[127.63263,37.15251],[127.62876,37.1538],[127.62868,37.15618],[127.62913,37.15762],[127.63019,37.15932],[127.63117,37.16391],[127.63077,37.16567],[127.63722,37.16794],[127.641,37.16799],[127.64277,37.17027],[127.64605,37.17076],[127.64674,37.17116],[127.64813,37.17262],[127.64807,37.17384],[127.64886,37.17757],[127.65001,37.1812],[127.64988,37.18172],[127.64921,37.18204],[127.64861,37.18363],[127.64838,37.18501],[127.64897,37.18699],[127.64713,37.19118],[127.63972,37.19581],[127.63799,37.19924],[127.63824,37.20153],[127.64,37.20262],[127.64085,37.20456],[127.64157,37.20799],[127.64116,37.21217],[127.64195,37.21242],[127.64234,37.21292],[127.64227,37.2141],[127.64367,37.21456],[127.64689,37.21469],[127.64907,37.21584],[127.64815,37.22184],[127.64976,37.22341],[127.65193,37.22478],[127.65667,37.22661],[127.66559,37.23137],[127.66739,37.23434],[127.66616,37.2373],[127.66967,37.24119],[127.67185,37.24247],[127.6752,37.24201],[127.67827,37.24263],[127.683,37.24283],[127.68531,37.24332],[127.6881,37.23742],[127.68902,37.23474],[127.69064,37.23255],[127.69261,37.23061],[127.69481,37.2294],[127.7016,37.22809],[127.70388,37.22821],[127.71186,37.2297],[127.71874,37.22957],[127.72632,37.23049],[127.73279,37.22833],[127.7413,37.22789],[127.74315,37.22815],[127.7464,37.22963],[127.74942,37.22753]]]}},{"type":"Feature","properties":{"adm_cd2":"4167034500","adm_nm":"경기도 여주시 세종대왕면","sggnm":"여주시"},"geometry":{"type":"Polygon","coordinates":[[[127.61931,37.31558],[127.61836,37.31347],[127.61777,37.30988],[127.61814,37.30893],[127.61833,37.3059],[127.61778,37.30353],[127.61786,37.30217],[127.61837,37.30105],[127.62621,37.29704],[127.62259,37.29385],[127.62184,37.29406],[127.6183,37.29229],[127.61723,37.29087],[127.61757,37.28979],[127.61712,37.28944],[127.61429,37.28869],[127.60881,37.28832],[127.60562,37.28935],[127.5995,37.28942],[127.59711,37.28676],[127.59694,37.28534],[127.59801,37.28461],[127.59964,37.28061],[127.59952,37.28016],[127.59835,37.27954],[127.59802,37.27294],[127.59909,37.2708],[127.60071,37.26943],[127.60089,37.26818],[127.59984,37.26617],[127.59981,37.26418],[127.60011,37.26332],[127.60126,37.26242],[127.60137,37.26197],[127.60069,37.25776],[127.59916,37.25529],[127.5995,37.25243],[127.599,37.25106],[127.59824,37.25038],[127.59681,37.24954],[127.59355,37.24929],[127.59193,37.2498],[127.591,37.25082],[127.58924,37.2511],[127.58685,37.24955],[127.57962,37.24814],[127.57577,37.249],[127.57464,37.24954],[127.5741,37.24987],[127.5741,37.25061],[127.57342,37.25133],[127.5719,37.25207],[127.57067,37.25196],[127.56837,37.25352],[127.56708,37.25499],[127.56452,37.25546],[127.55743,37.25445],[127.55642,37.253],[127.55709,37.2524],[127.558,37.25061],[127.55785,37.24941],[127.55302,37.25353],[127.55139,37.2601],[127.55123,37.26387],[127.55178,37.26489],[127.55115,37.26506],[127.54953,37.26402],[127.54848,37.26252],[127.54828,37.25853],[127.54639,37.25312],[127.54329,37.24979],[127.53737,37.24663],[127.53707,37.25161],[127.53629,37.25325],[127.53293,37.25668],[127.53246,37.25838],[127.53236,37.26066],[127.52996,37.26747],[127.52928,37.27173],[127.52919,37.27352],[127.53067,37.27924],[127.53438,37.28928],[127.53457,37.28952],[127.53552,37.28936],[127.53681,37.2897],[127.54445,37.29651],[127.54881,37.29714],[127.55882,37.29927],[127.56164,37.30022],[127.56579,37.30286],[127.56704,37.30522],[127.56716,37.30622],[127.56688,37.30715],[127.56813,37.31123],[127.57072,37.31587],[127.5719,37.31894],[127.57441,37.32291],[127.5748,37.3247],[127.57498,37.32733],[127.57455,37.33159],[127.57212,37.33248],[127.57185,37.33316],[127.57258,37.3383],[127.5721,37.34347],[127.56957,37.34877],[127.56786,37.353],[127.5673,37.35522],[127.56397,37.35889],[127.56259,37.36149],[127.57382,37.35759],[127.59474,37.347],[127.59892,37.34594],[127.6011,37.34605],[127.60427,37.34489],[127.60474,37.34448],[127.60757,37.33912],[127.60584,37.33343],[127.60563,37.32916],[127.60592,37.32807],[127.60905,37.32554],[127.6112,37.32479],[127.61996,37.31979],[127.61931,37.31558]]]}},{"type":"Feature","properties":{"adm_cd2":"4167032000","adm_nm":"경기도 여주시 흥천면","sggnm":"여주시"},"geometry":{"type":"Polygon","coordinates":[[[127.56397,37.35889],[127.5673,37.35522],[127.56786,37.353],[127.56957,37.34877],[127.5721,37.34347],[127.57258,37.3383],[127.57185,37.33316],[127.57212,37.33248],[127.57312,37.33196],[127.57431,37.33182],[127.57469,37.33102],[127.57498,37.32733],[127.57441,37.32291],[127.5719,37.31894],[127.57072,37.31587],[127.56813,37.31123],[127.56688,37.30715],[127.56716,37.30622],[127.56704,37.30522],[127.56579,37.30286],[127.56164,37.30022],[127.55882,37.29927],[127.54881,37.29714],[127.54479,37.29664],[127.54398,37.29619],[127.54273,37.29475],[127.54305,37.29644],[127.54639,37.30143],[127.54636,37.30994],[127.54607,37.31092],[127.54472,37.31224],[127.54261,37.31306],[127.53556,37.31353],[127.53359,37.31408],[127.5288,37.3162],[127.52965,37.32018],[127.52895,37.32124],[127.52717,37.32192],[127.52654,37.32247],[127.52927,37.32646],[127.52716,37.32934],[127.52601,37.32982],[127.5218,37.32966],[127.52085,37.33001],[127.5169,37.3345],[127.51557,37.33756],[127.5136,37.33939],[127.51258,37.33969],[127.51031,37.33958],[127.50825,37.33824],[127.50209,37.33791],[127.49979,37.33973],[127.48952,37.34236],[127.48795,37.3462],[127.48724,37.34905],[127.48526,37.35028],[127.48387,37.35057],[127.47818,37.35592],[127.47691,37.35687],[127.47577,37.35684],[127.47491,37.35737],[127.47049,37.36152],[127.47205,37.36393],[127.47239,37.36555],[127.47629,37.36856],[127.47737,37.37128],[127.48021,37.36906],[127.48136,37.36748],[127.48577,37.36785],[127.48694,37.36873],[127.48856,37.369],[127.49173,37.36842],[127.4947,37.36677],[127.49622,37.36713],[127.49837,37.36836],[127.50116,37.36722],[127.50296,37.36699],[127.50763,37.36759],[127.51099,37.36988],[127.51355,37.37521],[127.51368,37.37641],[127.51524,37.37873],[127.51686,37.37931],[127.52068,37.37906],[127.52542,37.37986],[127.52777,37.38194],[127.52869,37.38334],[127.53013,37.38341],[127.53228,37.38212],[127.53444,37.38268],[127.53524,37.38388],[127.53419,37.38459],[127.53276,37.38864],[127.53313,37.38972],[127.53909,37.39143],[127.53963,37.38994],[127.54346,37.38321],[127.54474,37.37402],[127.54485,37.37201],[127.54453,37.37145],[127.54203,37.36994],[127.54189,37.36831],[127.54227,37.36785],[127.5489,37.36634],[127.55221,37.36592],[127.55591,37.36478],[127.55877,37.36273],[127.56259,37.36149],[127.56397,37.35889]]]}},{"type":"Feature","properties":{"adm_cd2":"4167033000","adm_nm":"경기도 여주시 금사면","sggnm":"여주시"},"geometry":{"type":"Polygon","coordinates":[[[127.53575,37.41036],[127.53602,37.40897],[127.53898,37.4056],[127.53938,37.4045],[127.53896,37.39516],[127.53909,37.39143],[127.53313,37.38972],[127.53276,37.38864],[127.53419,37.38459],[127.535,37.38421],[127.53525,37.38366],[127.53444,37.38268],[127.53228,37.38212],[127.53013,37.38341],[127.52869,37.38334],[127.52777,37.38194],[127.52542,37.37986],[127.52068,37.37906],[127.51686,37.37931],[127.51524,37.37873],[127.51368,37.37641],[127.51355,37.37521],[127.51099,37.36988],[127.5083,37.36794],[127.50756,37.36757],[127.50296,37.36699],[127.50116,37.36722],[127.49837,37.36836],[127.49622,37.36713],[127.4947,37.36677],[127.49173,37.36842],[127.48856,37.369],[127.48694,37.36873],[127.48577,37.36785],[127.48136,37.36748],[127.48021,37.36906],[127.47737,37.37128],[127.47629,37.36856],[127.47239,37.36555],[127.47205,37.36393],[127.47049,37.36152],[127.46901,37.36102],[127.46468,37.35836],[127.46377,37.35814],[127.46252,37.35879],[127.46022,37.3582],[127.4561,37.35595],[127.45487,37.35416],[127.45081,37.35251],[127.44884,37.35219],[127.44385,37.35769],[127.44246,37.35844],[127.44475,37.36035],[127.44597,37.36082],[127.44592,37.36342],[127.45091,37.36601],[127.45729,37.3706],[127.45821,37.37287],[127.45776,37.37426],[127.46087,37.37811],[127.45999,37.38084],[127.46022,37.38252],[127.46163,37.38481],[127.46316,37.38555],[127.46531,37.38724],[127.46431,37.38858],[127.46378,37.39198],[127.46638,37.39598],[127.46988,37.39851],[127.46741,37.40414],[127.46577,37.40671],[127.46499,37.40898],[127.46681,37.41035],[127.4712,37.41214],[127.47634,37.41246],[127.47758,37.41306],[127.47913,37.41418],[127.48059,37.41696],[127.4836,37.42033],[127.48615,37.42219],[127.4868,37.4232],[127.48864,37.42387],[127.49694,37.42517],[127.49728,37.42577],[127.49664,37.42741],[127.49998,37.43243],[127.50195,37.43452],[127.5041,37.43613],[127.50552,37.43762],[127.50555,37.43812],[127.50801,37.43981],[127.51037,37.43871],[127.51643,37.43765],[127.51907,37.43661],[127.52286,37.43474],[127.52498,37.43293],[127.52882,37.42863],[127.53444,37.41932],[127.5354,37.4171],[127.53696,37.41131],[127.53575,37.41036]]]}},{"type":"Feature","properties":{"adm_cd2":"4167038000","adm_nm":"경기도 여주시 산북면","sggnm":"여주시"},"geometry":{"type":"Polygon","coordinates":[[[127.42862,37.43666],[127.43047,37.43689],[127.43244,37.43634],[127.43422,37.43527],[127.43876,37.43433],[127.4426,37.43408],[127.4499,37.43132],[127.45431,37.42895],[127.46011,37.42726],[127.46371,37.4266],[127.4652,37.42685],[127.47093,37.42537],[127.47171,37.42497],[127.47304,37.42299],[127.4723,37.42261],[127.47431,37.42233],[127.47965,37.42366],[127.48093,37.42535],[127.48158,37.4267],[127.4816,37.42755],[127.48243,37.42897],[127.48523,37.43223],[127.48919,37.43381],[127.49445,37.43274],[127.49811,37.43313],[127.50555,37.43812],[127.50552,37.43762],[127.5041,37.43613],[127.50195,37.43452],[127.50019,37.43269],[127.49772,37.42916],[127.49664,37.42741],[127.49728,37.42577],[127.49694,37.42517],[127.48864,37.42387],[127.4868,37.4232],[127.48615,37.42219],[127.4836,37.42033],[127.48059,37.41696],[127.47913,37.41418],[127.47758,37.41306],[127.47634,37.41246],[127.4712,37.41214],[127.46681,37.41035],[127.46499,37.40898],[127.46577,37.40671],[127.46741,37.40414],[127.46988,37.39851],[127.46638,37.39598],[127.46378,37.39198],[127.46431,37.38858],[127.46531,37.38724],[127.46316,37.38555],[127.46163,37.38481],[127.46022,37.38252],[127.45999,37.38084],[127.46087,37.37811],[127.45776,37.37426],[127.45821,37.37287],[127.45729,37.3706],[127.45091,37.36601],[127.44592,37.36342],[127.44376,37.36979],[127.44367,37.37613],[127.44528,37.38133],[127.44453,37.38541],[127.4436,37.3865],[127.4425,37.38738],[127.43543,37.38642],[127.42974,37.38803],[127.42516,37.38577],[127.42157,37.38592],[127.42028,37.38661],[127.41742,37.38949],[127.41479,37.39393],[127.41281,37.3982],[127.41232,37.40077],[127.4129,37.40286],[127.41197,37.40517],[127.40964,37.40776],[127.40406,37.41008],[127.40018,37.41311],[127.39831,37.41533],[127.39821,37.41575],[127.39998,37.41713],[127.40098,37.4185],[127.40063,37.42138],[127.40158,37.42169],[127.40219,37.42276],[127.40259,37.42453],[127.40738,37.43009],[127.40977,37.43131],[127.41304,37.43164],[127.41462,37.43217],[127.42024,37.43765],[127.42287,37.43951],[127.42862,37.43666]]]}},{"type":"Feature","properties":{"adm_cd2":"4167035000","adm_nm":"경기도 여주시 대신면","sggnm":"여주시"},"geometry":{"type":"Polygon","coordinates":[[[127.64585,37.39529],[127.64819,37.38912],[127.64847,37.38878],[127.6498,37.38843],[127.65179,37.38887],[127.6528,37.38797],[127.65309,37.38591],[127.6541,37.38447],[127.65678,37.38324],[127.65713,37.3805],[127.65693,37.37935],[127.65517,37.37675],[127.65379,37.37211],[127.65264,37.36999],[127.65367,37.36141],[127.65588,37.35838],[127.65916,37.35515],[127.66032,37.35418],[127.6635,37.35285],[127.66388,37.3516],[127.66366,37.35008],[127.66164,37.34779],[127.66145,37.34676],[127.65936,37.34664],[127.65534,37.34814],[127.65287,37.34601],[127.6518,37.34309],[127.64875,37.3413],[127.64773,37.34144],[127.64719,37.34113],[127.64588,37.33944],[127.64551,37.33769],[127.64495,37.33714],[127.64271,37.33638],[127.63847,37.33736],[127.63491,37.33427],[127.63327,37.33229],[127.62844,37.32394],[127.62745,37.32332],[127.62344,37.32315],[127.62223,37.32282],[127.62161,37.32159],[127.61996,37.31979],[127.6112,37.32479],[127.60905,37.32554],[127.60592,37.32807],[127.60563,37.32916],[127.60584,37.33343],[127.60757,37.33912],[127.60474,37.34448],[127.60427,37.34489],[127.6011,37.34605],[127.59892,37.34594],[127.59474,37.347],[127.57382,37.35759],[127.55877,37.36273],[127.55591,37.36478],[127.55221,37.36592],[127.5489,37.36634],[127.54227,37.36785],[127.54189,37.36831],[127.54203,37.36994],[127.54453,37.37145],[127.54485,37.37201],[127.54346,37.38321],[127.53963,37.38994],[127.53893,37.39199],[127.53938,37.4045],[127.53898,37.4056],[127.53602,37.40897],[127.53575,37.41036],[127.53696,37.41131],[127.5397,37.41174],[127.54241,37.41103],[127.54395,37.41002],[127.54737,37.40987],[127.54917,37.41025],[127.55075,37.4114],[127.55122,37.41228],[127.55117,37.41367],[127.55416,37.41728],[127.55613,37.41776],[127.56004,37.41753],[127.5625,37.41625],[127.56362,37.41504],[127.56629,37.41382],[127.57116,37.41291],[127.57175,37.41164],[127.58186,37.41687],[127.5832,37.41696],[127.58377,37.41609],[127.58419,37.41424],[127.58446,37.41399],[127.58556,37.41412],[127.58649,37.41463],[127.58851,37.41732],[127.58829,37.41861],[127.58748,37.41985],[127.59035,37.42212],[127.59056,37.42279],[127.59354,37.4198],[127.59429,37.42067],[127.60012,37.42063],[127.60898,37.41725],[127.60915,37.41673],[127.61114,37.41552],[127.61446,37.41475],[127.61694,37.41485],[127.61823,37.41316],[127.61918,37.41068],[127.62026,37.40901],[127.6223,37.40968],[127.62369,37.41074],[127.62423,37.41164],[127.62657,37.41331],[127.63538,37.41347],[127.64144,37.40857],[127.64224,37.40761],[127.64226,37.40664],[127.64293,37.40602],[127.64624,37.40461],[127.64585,37.39529]]]}},{"type":"Feature","properties":{"adm_cd2":"4167036000","adm_nm":"경기도 여주시 북내면","sggnm":"여주시"},"geometry":{"type":"Polygon","coordinates":[[[127.7104,37.40658],[127.71236,37.40616],[127.71359,37.4054],[127.7157,37.40164],[127.71436,37.39849],[127.7046,37.39255],[127.70336,37.38788],[127.70371,37.38588],[127.706,37.3832],[127.70439,37.38222],[127.70294,37.38059],[127.70146,37.37615],[127.70131,37.37388],[127.70742,37.37009],[127.70797,37.37011],[127.70892,37.37097],[127.71102,37.37173],[127.71647,37.36998],[127.71811,37.37103],[127.71982,37.37108],[127.72385,37.35941],[127.7251,37.35769],[127.72677,37.35702],[127.7287,37.35533],[127.72959,37.35168],[127.73128,37.34694],[127.73469,37.34404],[127.73589,37.34385],[127.73921,37.34155],[127.73953,37.34061],[127.73995,37.33456],[127.73966,37.33317],[127.73891,37.33166],[127.73709,37.33],[127.73607,37.32858],[127.73502,37.32188],[127.73575,37.31992],[127.73708,37.31961],[127.7376,37.31796],[127.73536,37.31603],[127.73213,37.31668],[127.7283,37.3159],[127.72542,37.31453],[127.72469,37.31446],[127.71263,37.31558],[127.71069,37.31706],[127.70934,37.31713],[127.70785,37.31623],[127.70547,37.31291],[127.70164,37.31225],[127.69942,37.31028],[127.69884,37.30943],[127.6976,37.30599],[127.69744,37.30328],[127.69707,37.30252],[127.69531,37.30172],[127.6927,37.2982],[127.69005,37.29656],[127.68663,37.29651],[127.68089,37.29507],[127.67961,37.29442],[127.67959,37.29375],[127.67684,37.29589],[127.67588,37.29789],[127.67582,37.2997],[127.67704,37.30161],[127.67613,37.30698],[127.67373,37.31192],[127.6699,37.31359],[127.66771,37.31665],[127.66377,37.31973],[127.66251,37.3203],[127.65722,37.32622],[127.65698,37.32753],[127.65718,37.3281],[127.65893,37.33007],[127.6593,37.33669],[127.66005,37.3386],[127.66188,37.3389],[127.66498,37.34273],[127.66401,37.34281],[127.66321,37.3435],[127.6617,37.34526],[127.66145,37.34676],[127.66164,37.34779],[127.66366,37.35008],[127.66379,37.3523],[127.6635,37.35285],[127.66032,37.35418],[127.65916,37.35515],[127.65588,37.35838],[127.65367,37.36141],[127.65264,37.36999],[127.65379,37.37211],[127.65517,37.37675],[127.65693,37.37935],[127.65713,37.3805],[127.65678,37.38324],[127.6541,37.38447],[127.65309,37.38591],[127.6528,37.38797],[127.65179,37.38887],[127.6498,37.38843],[127.64847,37.38878],[127.64819,37.38912],[127.64585,37.39529],[127.64624,37.40461],[127.65213,37.40764],[127.65307,37.40911],[127.65276,37.41031],[127.65413,37.41269],[127.65847,37.41749],[127.66018,37.41575],[127.66216,37.4155],[127.66523,37.41434],[127.66727,37.41245],[127.66844,37.41189],[127.67628,37.4128],[127.68477,37.41264],[127.68683,37.41192],[127.68747,37.41123],[127.68616,37.40166],[127.68639,37.39944],[127.69491,37.40341],[127.69749,37.40562],[127.6987,37.40741],[127.70008,37.40744],[127.70228,37.40808],[127.70548,37.40996],[127.70779,37.41067],[127.7104,37.40658]]]}},{"type":"Feature","properties":{"adm_cd2":"4167037000","adm_nm":"경기도 여주시 강천면","sggnm":"여주시"},"geometry":{"type":"Polygon","coordinates":[[[127.76117,37.36379],[127.75929,37.35986],[127.75983,37.35448],[127.75833,37.35044],[127.75782,37.34574],[127.75902,37.34149],[127.76005,37.34137],[127.76069,37.34072],[127.76157,37.33369],[127.76036,37.32912],[127.76289,37.32305],[127.76219,37.32078],[127.76546,37.31335],[127.76772,37.31055],[127.76856,37.30826],[127.76848,37.30766],[127.76724,37.30572],[127.76768,37.30289],[127.76807,37.30248],[127.76715,37.3018],[127.76567,37.30141],[127.76192,37.30211],[127.75938,37.30112],[127.75763,37.30006],[127.75477,37.29769],[127.75598,37.2963],[127.7565,37.29469],[127.75633,37.29367],[127.7538,37.28901],[127.75578,37.28284],[127.7553,37.28207],[127.7547,37.27852],[127.75529,37.2721],[127.75768,37.26378],[127.75831,37.25803],[127.75367,37.25124],[127.74886,37.24748],[127.74765,37.24347],[127.74709,37.23965],[127.74672,37.23477],[127.7469,37.23178],[127.7464,37.22963],[127.74315,37.22815],[127.7394,37.22788],[127.73279,37.22833],[127.72632,37.23049],[127.71874,37.22957],[127.71186,37.2297],[127.70285,37.22808],[127.69481,37.2294],[127.69261,37.23061],[127.69064,37.23255],[127.68902,37.23474],[127.68661,37.24077],[127.683,37.24771],[127.68258,37.24942],[127.6817,37.26115],[127.68225,37.26603],[127.68433,37.27039],[127.68547,37.27502],[127.6851,37.2768],[127.68118,37.28637],[127.67747,37.29292],[127.67959,37.29375],[127.67961,37.29442],[127.68089,37.29507],[127.68663,37.29651],[127.69005,37.29656],[127.6927,37.2982],[127.69531,37.30172],[127.69707,37.30252],[127.69744,37.30328],[127.6976,37.30599],[127.69884,37.30943],[127.69942,37.31028],[127.70164,37.31225],[127.70547,37.31291],[127.70785,37.31623],[127.70934,37.31713],[127.71069,37.31706],[127.71263,37.31558],[127.72469,37.31446],[127.72542,37.31453],[127.7283,37.3159],[127.73213,37.31668],[127.73536,37.31603],[127.73755,37.31781],[127.73708,37.31961],[127.73575,37.31992],[127.73502,37.32188],[127.73607,37.32858],[127.73709,37.33],[127.73891,37.33166],[127.73966,37.33317],[127.73995,37.33456],[127.73953,37.34061],[127.73921,37.34155],[127.73819,37.34245],[127.73589,37.34385],[127.73469,37.34404],[127.73128,37.34694],[127.72959,37.35168],[127.7287,37.35533],[127.72677,37.35702],[127.7251,37.35769],[127.72385,37.35941],[127.71982,37.37108],[127.72056,37.37141],[127.72293,37.37158],[127.72377,37.3712],[127.72446,37.37134],[127.72754,37.37344],[127.72828,37.37479],[127.73205,37.37567],[127.73867,37.3714],[127.74578,37.3689],[127.75241,37.36923],[127.75447,37.36806],[127.75948,37.36704],[127.76117,37.36379]]]}},{"type":"Feature","properties":{"adm_cd2":"4167051000","adm_nm":"경기도 여주시 여흥동","sggnm":"여주시"},"geometry":{"type":"Polygon","coordinates":[[[127.68118,37.28637],[127.6851,37.2768],[127.68547,37.27502],[127.68433,37.27039],[127.68225,37.26603],[127.6817,37.26115],[127.68258,37.24942],[127.683,37.24771],[127.68531,37.24332],[127.683,37.24283],[127.67827,37.24263],[127.6752,37.24201],[127.67185,37.24247],[127.66967,37.24119],[127.66616,37.2373],[127.66739,37.23434],[127.66559,37.23137],[127.65667,37.22661],[127.65193,37.22478],[127.64976,37.22341],[127.64815,37.22184],[127.64907,37.21584],[127.64689,37.21469],[127.64367,37.21456],[127.64227,37.2141],[127.64234,37.21292],[127.64165,37.21224],[127.63846,37.21243],[127.63103,37.21568],[127.62702,37.21609],[127.62496,37.2171],[127.62063,37.21997],[127.61932,37.2217],[127.61853,37.22582],[127.61858,37.22736],[127.61635,37.23299],[127.61532,37.23342],[127.60954,37.23343],[127.60945,37.23434],[127.61026,37.23591],[127.61026,37.23811],[127.60727,37.23711],[127.60407,37.24035],[127.60258,37.24282],[127.60847,37.24588],[127.61192,37.24851],[127.61299,37.24976],[127.61312,37.25206],[127.61412,37.25314],[127.61649,37.25441],[127.61908,37.25508],[127.62442,37.25785],[127.62385,37.25974],[127.62324,37.26063],[127.62304,37.26351],[127.62389,37.26365],[127.62626,37.26322],[127.63018,37.26676],[127.63556,37.26809],[127.63802,37.26738],[127.64408,37.26982],[127.645,37.2715],[127.64467,37.27258],[127.64554,37.27739],[127.64504,37.27874],[127.63739,37.27833],[127.63507,37.28397],[127.63158,37.28614],[127.63573,37.29439],[127.63587,37.29653],[127.6375,37.30045],[127.64974,37.29583],[127.65385,37.2946],[127.65923,37.29507],[127.66208,37.29587],[127.66455,37.29721],[127.6677,37.29763],[127.67288,37.29742],[127.6749,37.29635],[127.67747,37.29292],[127.68118,37.28637]]]}},{"type":"Feature","properties":{"adm_cd2":"4167052000","adm_nm":"경기도 여주시 중앙동","sggnm":"여주시"},"geometry":{"type":"Polygon","coordinates":[[[127.63587,37.29653],[127.63573,37.29439],[127.63158,37.28614],[127.63507,37.28397],[127.63739,37.27833],[127.64504,37.27874],[127.64554,37.27739],[127.64467,37.27258],[127.645,37.2715],[127.64408,37.26982],[127.63802,37.26738],[127.63556,37.26809],[127.63018,37.26676],[127.62626,37.26322],[127.62389,37.26365],[127.62304,37.26351],[127.62324,37.26063],[127.62385,37.25974],[127.62442,37.25785],[127.61908,37.25508],[127.61649,37.25441],[127.61412,37.25314],[127.61312,37.25206],[127.61299,37.24976],[127.61192,37.24851],[127.60847,37.24588],[127.60258,37.24282],[127.60215,37.2433],[127.60225,37.24396],[127.60366,37.24491],[127.60417,37.24582],[127.60409,37.24659],[127.60278,37.24961],[127.60018,37.251],[127.599,37.25106],[127.59954,37.25284],[127.59916,37.25529],[127.60069,37.25776],[127.60136,37.26225],[127.60011,37.26332],[127.59981,37.26418],[127.59984,37.26617],[127.60089,37.26818],[127.60071,37.26943],[127.59909,37.2708],[127.59802,37.27294],[127.59835,37.27954],[127.59952,37.28016],[127.59964,37.28061],[127.59801,37.28461],[127.59694,37.28534],[127.59711,37.28676],[127.5995,37.28942],[127.60562,37.28935],[127.60881,37.28832],[127.61429,37.28869],[127.61712,37.28944],[127.61757,37.28979],[127.61723,37.29087],[127.6183,37.29229],[127.62184,37.29406],[127.62259,37.29385],[127.62621,37.29704],[127.61837,37.30105],[127.61786,37.30217],[127.61778,37.30353],[127.61833,37.3059],[127.61814,37.30893],[127.61777,37.30988],[127.61836,37.31347],[127.61931,37.31558],[127.61996,37.31979],[127.62174,37.31947],[127.62583,37.31648],[127.62941,37.30702],[127.63612,37.301],[127.6375,37.30045],[127.63587,37.29653]]]}},{"type":"Feature","properties":{"adm_cd2":"4167053000","adm_nm":"경기도 여주시 오학동","sggnm":"여주시"},"geometry":{"type":"Polygon","coordinates":[[[127.6617,37.34526],[127.66321,37.3435],[127.66401,37.34281],[127.66498,37.34273],[127.66188,37.3389],[127.66005,37.3386],[127.6593,37.33669],[127.65893,37.33007],[127.65718,37.3281],[127.65698,37.32753],[127.65722,37.32622],[127.66251,37.3203],[127.66377,37.31973],[127.66771,37.31665],[127.6699,37.31359],[127.67373,37.31192],[127.67613,37.30698],[127.67704,37.30161],[127.67582,37.2997],[127.67588,37.29789],[127.67684,37.29589],[127.67959,37.29375],[127.67747,37.29292],[127.6749,37.29635],[127.67288,37.29742],[127.6677,37.29763],[127.66455,37.29721],[127.66208,37.29587],[127.65923,37.29507],[127.65385,37.2946],[127.64974,37.29583],[127.63612,37.301],[127.62941,37.30702],[127.62583,37.31648],[127.62174,37.31947],[127.61996,37.31979],[127.62161,37.32159],[127.62223,37.32282],[127.62344,37.32315],[127.62745,37.32332],[127.62844,37.32394],[127.63327,37.33229],[127.63491,37.33427],[127.63847,37.33736],[127.64271,37.33638],[127.64495,37.33714],[127.64551,37.33769],[127.64588,37.33944],[127.64719,37.34113],[127.64773,37.34144],[127.64875,37.3413],[127.6518,37.34309],[127.65287,37.34601],[127.65534,37.34814],[127.65936,37.34664],[127.66145,37.34676],[127.6617,37.34526]]]}},{"type":"Feature","properties":{"adm_cd2":"4180025000","adm_nm":"경기도 연천군 연천읍","sggnm":"연천군"},"geometry":{"type":"Polygon","coordinates":[[[127.17283,38.12004],[127.17657,38.11982],[127.18266,38.11665],[127.1834,38.11609],[127.18428,38.11441],[127.18394,38.11034],[127.18305,38.10937],[127.18221,38.10731],[127.18451,38.09223],[127.18525,38.0908],[127.1882,38.08748],[127.19099,38.08543],[127.19225,38.08249],[127.19073,38.07784],[127.18985,38.07686],[127.18625,38.07431],[127.18574,38.07225],[127.18662,38.06444],[127.1836,38.06386],[127.17705,38.06606],[127.17376,38.06642],[127.17092,38.06552],[127.16889,38.06387],[127.16855,38.063],[127.16746,38.06181],[127.16635,38.06135],[127.16467,38.06138],[127.1595,38.0634],[127.15696,38.06339],[127.15566,38.06263],[127.15369,38.06007],[127.15228,38.05877],[127.15088,38.05808],[127.14874,38.0577],[127.14685,38.05914],[127.14625,38.06273],[127.1462,38.06345],[127.1471,38.06523],[127.14768,38.06968],[127.14421,38.0735],[127.14367,38.07361],[127.14115,38.07274],[127.13966,38.07138],[127.13834,38.0691],[127.13872,38.0675],[127.13826,38.06646],[127.13491,38.06561],[127.13115,38.06283],[127.13012,38.06141],[127.12657,38.05979],[127.12569,38.05969],[127.12484,38.05996],[127.12373,38.06143],[127.11898,38.06143],[127.11717,38.06065],[127.1148,38.05744],[127.11423,38.05609],[127.11189,38.05758],[127.10314,38.05897],[127.10017,38.06163],[127.09902,38.06221],[127.09433,38.06346],[127.09187,38.06213],[127.08558,38.06202],[127.08208,38.06212],[127.07972,38.06385],[127.07157,38.06138],[127.0656,38.06069],[127.06415,38.05989],[127.06259,38.05955],[127.05888,38.06149],[127.06231,38.06151],[127.06418,38.06111],[127.06534,38.06151],[127.06525,38.06249],[127.06351,38.06362],[127.06388,38.06488],[127.06619,38.06898],[127.06833,38.07022],[127.06869,38.07082],[127.06921,38.07237],[127.06924,38.07426],[127.06826,38.07706],[127.06721,38.07761],[127.06395,38.0763],[127.06301,38.07461],[127.06213,38.07394],[127.05679,38.07322],[127.05604,38.0746],[127.05585,38.07613],[127.05695,38.07901],[127.05729,38.08496],[127.05666,38.08714],[127.05506,38.08964],[127.05427,38.09255],[127.05713,38.0981],[127.05705,38.09892],[127.05637,38.10019],[127.05592,38.10336],[127.05878,38.10618],[127.06306,38.10833],[127.06425,38.10925],[127.06469,38.1111],[127.06447,38.11144],[127.06359,38.11167],[127.06372,38.11262],[127.06252,38.11591],[127.06543,38.11928],[127.06775,38.1226],[127.07049,38.12453],[127.06896,38.12597],[127.06822,38.12615],[127.0672,38.12802],[127.06495,38.12804],[127.06263,38.12851],[127.05606,38.13385],[127.05111,38.13675],[127.05396,38.13857],[127.0546,38.14192],[127.05689,38.14419],[127.06049,38.14518],[127.06607,38.14889],[127.06849,38.1549],[127.06775,38.15631],[127.06901,38.16179],[127.07233,38.16379],[127.07493,38.1645],[127.07686,38.16968],[127.08248,38.17068],[127.08474,38.17032],[127.08497,38.16998],[127.08513,38.16851],[127.08389,38.16779],[127.0828,38.16608],[127.08258,38.16393],[127.08301,38.16214],[127.08342,38.16114],[127.08462,38.15972],[127.08813,38.15645],[127.08924,38.15629],[127.09006,38.15578],[127.09158,38.15369],[127.09205,38.15216],[127.09627,38.14731],[127.09664,38.14562],[127.0956,38.14048],[127.09573,38.13832],[127.09703,38.13703],[127.09919,38.13665],[127.10842,38.13643],[127.11096,38.13542],[127.11577,38.13569],[127.11608,38.13502],[127.11598,38.13363],[127.11733,38.1324],[127.11899,38.1334],[127.12036,38.13283],[127.12534,38.13228],[127.12798,38.13105],[127.13234,38.12851],[127.13314,38.12774],[127.13456,38.12475],[127.13624,38.12251],[127.14132,38.11829],[127.14267,38.11496],[127.14404,38.11344],[127.14563,38.11277],[127.15053,38.11318],[127.15273,38.11384],[127.15481,38.11611],[127.1561,38.11704],[127.15976,38.11527],[127.16187,38.11505],[127.17156,38.12156],[127.17283,38.12004]]]}},{"type":"Feature","properties":{"adm_cd2":"4180025300","adm_nm":"경기도 연천군 전곡읍","sggnm":"연천군"},"geometry":{"type":"Polygon","coordinates":[[[127.11319,38.05431],[127.11228,38.05096],[127.11458,38.04723],[127.11796,38.04391],[127.11788,38.04266],[127.1148,38.04008],[127.1117,38.03947],[127.10955,38.03782],[127.10528,38.03634],[127.10438,38.03628],[127.10272,38.03734],[127.1019,38.03903],[127.10195,38.03951],[127.10268,38.04011],[127.10625,38.04133],[127.10651,38.04218],[127.10625,38.04312],[127.10559,38.04371],[127.10306,38.04485],[127.09918,38.04474],[127.09863,38.04502],[127.0965,38.0496],[127.09797,38.05243],[127.0996,38.05382],[127.09992,38.05628],[127.0994,38.05753],[127.09755,38.05773],[127.09423,38.05617],[127.09276,38.0561],[127.09041,38.05701],[127.08772,38.05999],[127.08627,38.06022],[127.08476,38.05993],[127.08341,38.05922],[127.08062,38.05678],[127.07966,38.05408],[127.07973,38.05319],[127.08068,38.05119],[127.07977,38.0471],[127.08047,38.04511],[127.08216,38.04207],[127.08212,38.04062],[127.08156,38.03956],[127.0784,38.03595],[127.07478,38.02909],[127.07465,38.02826],[127.07534,38.02593],[127.07982,38.01649],[127.0792,38.01496],[127.07156,38.00793],[127.06953,38.00459],[127.06832,38.00438],[127.06455,38.00495],[127.06118,37.99982],[127.06008,37.99607],[127.05696,37.98865],[127.05474,37.98789],[127.05369,37.98688],[127.05355,37.9862],[127.05436,37.98465],[127.05448,37.98367],[127.05326,37.98134],[127.05279,37.98073],[127.04882,37.97885],[127.04892,37.97576],[127.04579,37.97415],[127.04443,37.97226],[127.04493,37.97],[127.04168,37.96085],[127.0418,37.96001],[127.03921,37.95783],[127.03542,37.95672],[127.0293,37.95573],[127.02873,37.95516],[127.02794,37.95347],[127.02801,37.9529],[127.02872,37.95209],[127.02757,37.94315],[127.02495,37.94042],[127.0221,37.94063],[127.021,37.94029],[127.01676,37.93662],[127.01399,37.92996],[127.0126,37.9282],[127.01129,37.92735],[127.01005,37.92757],[127.00971,37.92916],[127.00259,37.93325],[127.00131,37.93303],[127.0012,37.93561],[126.9997,37.93562],[126.99962,37.93309],[126.9932,37.93451],[126.99309,37.93664],[126.99197,37.93758],[126.98941,37.93628],[126.98545,37.93889],[126.98101,37.93746],[126.97534,37.94032],[126.97336,37.94203],[126.9746,37.94279],[126.97721,37.94553],[126.97748,37.94641],[126.97742,37.94861],[126.97912,37.95408],[126.98176,37.95659],[126.98852,37.96009],[126.98952,37.96377],[126.99122,37.96694],[126.99635,37.9732],[126.99732,37.97365],[127.00078,37.97393],[127.00544,37.97318],[127.00853,37.97384],[127.01129,37.97612],[127.0126,37.98457],[127.0159,37.98578],[127.01673,37.98627],[127.01704,37.98693],[127.01556,37.99175],[127.01487,37.9926],[127.01315,37.99352],[127.0103,37.99323],[127.00552,37.99451],[127.00099,37.99625],[126.99609,38.0014],[126.99215,38.00337],[126.98961,38.00402],[126.98826,38.00953],[126.99576,38.01206],[126.9971,38.01218],[127.00236,38.01054],[127.00332,38.00984],[127.00462,38.00725],[127.0064,38.00619],[127.0099,38.00516],[127.01301,38.00363],[127.01475,38.00347],[127.01757,38.00484],[127.02139,38.00769],[127.02407,38.0164],[127.02542,38.01749],[127.03683,38.02014],[127.04721,38.02079],[127.0488,38.02113],[127.05365,38.02322],[127.05423,38.02451],[127.05408,38.02491],[127.05058,38.02703],[127.04967,38.02812],[127.04948,38.0293],[127.05083,38.03257],[127.05256,38.03488],[127.05502,38.03638],[127.05721,38.03821],[127.05853,38.03962],[127.05919,38.04137],[127.05932,38.04263],[127.0572,38.05588],[127.0572,38.05646],[127.05827,38.05745],[127.05927,38.059],[127.05888,38.06149],[127.06259,38.05955],[127.06415,38.05989],[127.0656,38.06069],[127.07157,38.06138],[127.07972,38.06385],[127.08208,38.06212],[127.08558,38.06202],[127.09187,38.06213],[127.09433,38.06346],[127.09902,38.06221],[127.10017,38.06163],[127.10314,38.05897],[127.11189,38.05758],[127.11423,38.05609],[127.11319,38.05431]]]}},{"type":"Feature","properties":{"adm_cd2":"4180031000","adm_nm":"경기도 연천군 군남면","sggnm":"연천군"},"geometry":{"type":"Polygon","coordinates":[[[127.05927,38.059],[127.05827,38.05745],[127.0572,38.05646],[127.0572,38.05588],[127.05932,38.04263],[127.05919,38.04137],[127.05853,38.03962],[127.05721,38.03821],[127.05502,38.03638],[127.05256,38.03488],[127.05083,38.03257],[127.04948,38.0293],[127.04967,38.02812],[127.05058,38.02703],[127.05408,38.02491],[127.05423,38.02451],[127.05365,38.02322],[127.0488,38.02113],[127.04721,38.02079],[127.03683,38.02014],[127.02542,38.01749],[127.02407,38.0164],[127.02256,38.01212],[127.0222,38.00982],[127.02139,38.00769],[127.02085,38.00706],[127.01593,38.00386],[127.01475,38.00347],[127.01301,38.00363],[127.0099,38.00516],[127.01196,38.00579],[127.01351,38.00769],[127.01318,38.01092],[127.0136,38.01473],[127.01712,38.0192],[127.01931,38.02262],[127.01964,38.0295],[127.01993,38.03053],[127.02109,38.03238],[127.0246,38.03569],[127.02604,38.03771],[127.02437,38.04323],[127.02492,38.05035],[127.02424,38.05126],[127.01897,38.05433],[127.01787,38.05531],[127.01698,38.05634],[127.01498,38.05994],[127.00891,38.07367],[127.00814,38.07667],[127.00752,38.08218],[127.006,38.08483],[127.00629,38.08642],[127.00715,38.08882],[127.00965,38.09305],[127.01528,38.09891],[127.02203,38.10895],[127.02482,38.11256],[127.02612,38.11652],[127.02654,38.11876],[127.02645,38.12095],[127.03081,38.12221],[127.03478,38.12224],[127.03578,38.12252],[127.04057,38.12527],[127.04449,38.13131],[127.05111,38.13675],[127.05606,38.13385],[127.06263,38.12851],[127.06495,38.12804],[127.0672,38.12802],[127.06822,38.12615],[127.06896,38.12597],[127.07049,38.12453],[127.06775,38.1226],[127.06543,38.11928],[127.06252,38.11591],[127.06372,38.11262],[127.06359,38.11167],[127.06447,38.11144],[127.06469,38.1111],[127.06425,38.10925],[127.06306,38.10833],[127.05878,38.10618],[127.05592,38.10336],[127.05637,38.10019],[127.05705,38.09892],[127.05713,38.0981],[127.05427,38.09255],[127.05506,38.08964],[127.05666,38.08714],[127.05729,38.08496],[127.05695,38.07901],[127.05585,38.07613],[127.05604,38.0746],[127.05679,38.07322],[127.06213,38.07394],[127.06301,38.07461],[127.06395,38.0763],[127.06721,38.07761],[127.06826,38.07706],[127.06924,38.07426],[127.06921,38.07237],[127.06869,38.07082],[127.06833,38.07022],[127.06619,38.06898],[127.06388,38.06488],[127.06351,38.06362],[127.06525,38.06249],[127.06534,38.06151],[127.06418,38.06111],[127.06231,38.06151],[127.05888,38.06149],[127.05927,38.059]]]}},{"type":"Feature","properties":{"adm_cd2":"4180032000","adm_nm":"경기도 연천군 청산면","sggnm":"연천군"},"geometry":{"type":"Polygon","coordinates":[[[127.1154,38.03988],[127.11825,38.03864],[127.12254,38.03907],[127.12444,38.03707],[127.12602,38.03653],[127.12815,38.03668],[127.1336,38.03897],[127.13481,38.03918],[127.13779,38.03744],[127.13802,38.03542],[127.13715,38.03331],[127.13535,38.03138],[127.13518,38.03084],[127.13549,38.02926],[127.1372,38.02768],[127.13916,38.02668],[127.13958,38.02613],[127.13979,38.02545],[127.13952,38.02427],[127.13871,38.02285],[127.1392,38.02143],[127.14288,38.01834],[127.14532,38.01565],[127.1452,38.01496],[127.14261,38.01442],[127.14024,38.01148],[127.1408,38.00553],[127.14564,38.00095],[127.14684,37.99772],[127.14687,37.99564],[127.14482,37.99192],[127.14315,37.99126],[127.14054,37.99201],[127.1352,37.98968],[127.13203,37.98779],[127.13053,37.98466],[127.1296,37.98386],[127.12343,37.98029],[127.12078,37.97942],[127.1202,37.9795],[127.11733,37.98574],[127.11409,37.98647],[127.11154,37.98931],[127.10795,37.98885],[127.10057,37.9897],[127.0948,37.98911],[127.09143,37.98813],[127.09081,37.98755],[127.09038,37.98207],[127.09092,37.97988],[127.09238,37.9767],[127.09267,37.9749],[127.09171,37.97144],[127.08633,37.97399],[127.08457,37.97562],[127.08018,37.97668],[127.07378,37.97647],[127.069,37.97591],[127.06779,37.97526],[127.0661,37.97528],[127.06343,37.97602],[127.06416,37.9771],[127.06439,37.9796],[127.05705,37.98034],[127.05326,37.98134],[127.05448,37.98367],[127.05436,37.98465],[127.05355,37.9862],[127.05369,37.98688],[127.05474,37.98789],[127.05696,37.98865],[127.06008,37.99607],[127.06118,37.99982],[127.06455,38.00495],[127.06832,38.00438],[127.06953,38.00459],[127.07156,38.00793],[127.07641,38.01217],[127.0792,38.01496],[127.0797,38.01593],[127.07982,38.01649],[127.07932,38.01772],[127.07534,38.02593],[127.07465,38.02826],[127.07478,38.02909],[127.0784,38.03595],[127.08156,38.03956],[127.08212,38.04062],[127.08216,38.04207],[127.08047,38.04511],[127.07977,38.0471],[127.08068,38.05119],[127.07973,38.05319],[127.07966,38.05408],[127.08062,38.05678],[127.08341,38.05922],[127.08476,38.05993],[127.08627,38.06022],[127.08772,38.05999],[127.09041,38.05701],[127.09276,38.0561],[127.09423,38.05617],[127.09755,38.05773],[127.0994,38.05753],[127.09992,38.05628],[127.0996,38.05382],[127.09797,38.05243],[127.09653,38.05],[127.09818,38.04578],[127.09863,38.04502],[127.09918,38.04474],[127.10248,38.04498],[127.1038,38.04457],[127.10591,38.04351],[127.10651,38.04218],[127.10625,38.04133],[127.10268,38.04011],[127.10195,38.03951],[127.1019,38.03903],[127.10272,38.03734],[127.10438,38.03628],[127.10528,38.03634],[127.10955,38.03782],[127.1117,38.03947],[127.11436,38.03998],[127.1154,38.03988]]]}},{"type":"Feature","properties":{"adm_cd2":"4180034000","adm_nm":"경기도 연천군 미산면","sggnm":"연천군"},"geometry":{"type":"Polygon","coordinates":[[[127.01787,38.05531],[127.01897,38.05433],[127.02424,38.05126],[127.02492,38.05035],[127.02437,38.04323],[127.02604,38.03771],[127.0246,38.03569],[127.02109,38.03238],[127.01993,38.03053],[127.01964,38.0295],[127.01931,38.02262],[127.01712,38.0192],[127.01385,38.01533],[127.01344,38.01393],[127.01318,38.01092],[127.01351,38.00769],[127.01196,38.00579],[127.01081,38.00528],[127.0099,38.00516],[127.00503,38.00688],[127.00332,38.00984],[127.00236,38.01054],[126.9971,38.01218],[126.99576,38.01206],[126.98826,38.00953],[126.98938,38.00429],[126.99215,38.00337],[126.98581,38.00314],[126.98208,38.00469],[126.97866,38.00366],[126.96957,38.00333],[126.96989,38.00619],[126.96713,38.01264],[126.9677,38.016],[126.96734,38.01767],[126.96623,38.01843],[126.96534,38.018],[126.96386,38.01523],[126.95669,38.01368],[126.95507,38.01375],[126.95058,38.01623],[126.94738,38.01612],[126.9419,38.01701],[126.94081,38.01756],[126.93754,38.02199],[126.9349,38.02274],[126.93415,38.02248],[126.9337,38.02286],[126.93253,38.02467],[126.93209,38.02669],[126.93083,38.02867],[126.92839,38.0281],[126.92657,38.02826],[126.92555,38.02914],[126.92636,38.03409],[126.929,38.03946],[126.93153,38.04168],[126.93288,38.04345],[126.93492,38.05166],[126.93474,38.0549],[126.93513,38.05525],[126.9401,38.0565],[126.94284,38.05779],[126.94378,38.05863],[126.9448,38.06071],[126.94811,38.06237],[126.94972,38.06227],[126.95036,38.06041],[126.952,38.05999],[126.95375,38.0609],[126.95533,38.06111],[126.9609,38.06061],[126.96148,38.06068],[126.9631,38.06271],[126.96339,38.06419],[126.96374,38.06452],[126.96547,38.06482],[126.96707,38.06429],[126.96936,38.06477],[126.98343,38.06219],[126.98664,38.06069],[126.98872,38.06011],[126.99143,38.06101],[126.99457,38.06132],[126.99558,38.06066],[126.99664,38.05918],[126.99724,38.05568],[126.99945,38.05316],[127.00042,38.05137],[127.00065,38.04994],[127.00221,38.04955],[127.0027,38.04989],[127.00156,38.05279],[127.00164,38.05565],[127.00226,38.05607],[127.00792,38.05504],[127.00984,38.05731],[127.01413,38.0577],[127.01586,38.05844],[127.01787,38.05531]]]}},{"type":"Feature","properties":{"adm_cd2":"4180035000","adm_nm":"경기도 연천군 왕징면","sggnm":"연천군"},"geometry":{"type":"Polygon","coordinates":[[[126.86716,38.11118],[126.88366,38.11625],[126.88919,38.12882],[126.90048,38.13343],[126.9047,38.13789],[126.91706,38.13672],[126.92213,38.13286],[126.92701,38.12852],[126.93047,38.12741],[126.93235,38.13165],[126.94411,38.13464],[126.956,38.1346],[126.96086,38.13607],[126.96086,38.13968],[126.96274,38.13963],[126.96511,38.13802],[126.96483,38.13582],[126.96415,38.13503],[126.96067,38.13374],[126.95863,38.13232],[126.95429,38.12757],[126.95627,38.11899],[126.95864,38.11381],[126.96122,38.10996],[126.96356,38.10764],[126.96628,38.10668],[126.96971,38.10613],[126.9747,38.10584],[126.98229,38.10664],[126.98586,38.10743],[126.9881,38.10862],[126.98934,38.1099],[126.99036,38.11215],[126.99115,38.12567],[126.99157,38.12784],[126.99343,38.13002],[126.99714,38.13147],[127.00088,38.1323],[127.0088,38.13091],[127.01013,38.13012],[127.01324,38.12715],[127.01684,38.12661],[127.02525,38.12335],[127.02645,38.12095],[127.02654,38.11876],[127.02612,38.11652],[127.02482,38.11256],[127.02203,38.10895],[127.01528,38.09891],[127.00965,38.09305],[127.00715,38.08882],[127.00595,38.08514],[127.00752,38.08218],[127.00814,38.07667],[127.00891,38.07367],[127.0106,38.06943],[127.01586,38.05844],[127.01413,38.0577],[127.00984,38.05731],[127.00792,38.05504],[127.00226,38.05607],[127.00164,38.05565],[127.00156,38.05279],[127.00228,38.05126],[127.00257,38.04957],[127.00065,38.04994],[127.00042,38.05137],[126.99945,38.05316],[126.99724,38.05568],[126.99664,38.05918],[126.99558,38.06066],[126.99457,38.06132],[126.99143,38.06101],[126.98872,38.06011],[126.98664,38.06069],[126.98343,38.06219],[126.9788,38.06314],[126.97,38.06472],[126.96707,38.06429],[126.96547,38.06482],[126.96374,38.06452],[126.96339,38.06419],[126.9631,38.06271],[126.96148,38.06068],[126.95533,38.06111],[126.95375,38.0609],[126.952,38.05999],[126.95036,38.06041],[126.94972,38.06227],[126.94869,38.06252],[126.94684,38.06192],[126.94764,38.06273],[126.94338,38.065],[126.93989,38.06632],[126.93968,38.06599],[126.93781,38.06622],[126.93747,38.0666],[126.93663,38.07104],[126.93655,38.07357],[126.93681,38.07521],[126.93812,38.07606],[126.93868,38.07699],[126.93918,38.081],[126.93743,38.08228],[126.93105,38.08174],[126.92682,38.08265],[126.92435,38.08255],[126.92051,38.08071],[126.91888,38.07949],[126.91802,38.07551],[126.91804,38.07362],[126.91957,38.07076],[126.91956,38.07004],[126.91839,38.06825],[126.91792,38.06706],[126.91797,38.06605],[126.91885,38.06272],[126.92027,38.06157],[126.9208,38.06049],[126.9208,38.06001],[126.92009,38.05932],[126.91786,38.05898],[126.91584,38.05915],[126.9133,38.05985],[126.90539,38.06017],[126.90273,38.06222],[126.90223,38.06394],[126.89971,38.06523],[126.89561,38.06856],[126.89309,38.06979],[126.89414,38.07313],[126.89328,38.07439],[126.88688,38.07613],[126.88431,38.07636],[126.87998,38.07749],[126.87356,38.07954],[126.86695,38.08032],[126.86623,38.08086],[126.86456,38.08332],[126.86057,38.08587],[126.85879,38.0894],[126.85607,38.09966],[126.86716,38.11118]]]}},{"type":"Feature","properties":{"adm_cd2":"4180036000","adm_nm":"경기도 연천군 신서면","sggnm":"연천군"},"geometry":{"type":"Polygon","coordinates":[[[127.17753,38.17602],[127.17675,38.1748],[127.17428,38.17274],[127.1736,38.16923],[127.17459,38.16789],[127.17394,38.16111],[127.17519,38.15987],[127.1756,38.15895],[127.17611,38.1538],[127.17718,38.15151],[127.17673,38.14652],[127.17522,38.14446],[127.17356,38.1432],[127.17291,38.14156],[127.17401,38.14021],[127.17545,38.13502],[127.17577,38.12881],[127.17448,38.12449],[127.17355,38.12306],[127.1709,38.12105],[127.16187,38.11505],[127.15976,38.11527],[127.1561,38.11704],[127.15481,38.11611],[127.15273,38.11384],[127.15053,38.11318],[127.14563,38.11277],[127.14404,38.11344],[127.14267,38.11496],[127.14132,38.11829],[127.13624,38.12251],[127.13456,38.12475],[127.13314,38.12774],[127.13234,38.12851],[127.12798,38.13105],[127.12534,38.13228],[127.12036,38.13283],[127.11899,38.1334],[127.11733,38.1324],[127.11598,38.13363],[127.11608,38.13502],[127.11577,38.13569],[127.11096,38.13542],[127.10842,38.13643],[127.09919,38.13665],[127.09703,38.13703],[127.09573,38.13832],[127.0956,38.14048],[127.09664,38.14562],[127.09627,38.14731],[127.09205,38.15216],[127.09158,38.15369],[127.09006,38.15578],[127.08924,38.15629],[127.08813,38.15645],[127.08462,38.15972],[127.08342,38.16114],[127.08301,38.16214],[127.08258,38.16393],[127.0828,38.16608],[127.08389,38.16779],[127.08513,38.16851],[127.08474,38.17032],[127.08248,38.17068],[127.07686,38.16968],[127.07493,38.1645],[127.07233,38.16379],[127.06954,38.16229],[127.06901,38.16179],[127.06795,38.15758],[127.06604,38.15757],[127.06583,38.16066],[127.06213,38.16675],[127.06113,38.17097],[127.06027,38.17172],[127.05593,38.17165],[127.05345,38.17251],[127.05284,38.17511],[127.05136,38.17815],[127.0495,38.18067],[127.04764,38.18555],[127.04867,38.18854],[127.05033,38.19145],[127.05041,38.19216],[127.04714,38.19587],[127.04668,38.19713],[127.04754,38.19864],[127.04884,38.19996],[127.04875,38.20054],[127.04147,38.20601],[127.03892,38.20634],[127.03433,38.20582],[127.03254,38.20606],[127.02905,38.20714],[127.02714,38.2083],[127.02666,38.20906],[127.02662,38.21189],[127.02757,38.21327],[127.03022,38.21544],[127.02974,38.21931],[127.02893,38.21991],[127.02713,38.22072],[127.0245,38.21979],[127.01778,38.22047],[127.01668,38.22133],[127.01586,38.2238],[127.01314,38.22486],[127.008,38.22612],[127.01417,38.23706],[127.02218,38.24038],[127.02093,38.24588],[127.03286,38.24844],[127.04189,38.25902],[127.05506,38.259],[127.06686,38.26568],[127.07256,38.27169],[127.076,38.27808],[127.08586,38.27927],[127.09331,38.28211],[127.10056,38.28595],[127.10403,38.28838],[127.10468,38.29057],[127.10928,38.29204],[127.11399,38.26527],[127.11046,38.25169],[127.11046,38.25056],[127.1111,38.24832],[127.11054,38.2458],[127.10989,38.24461],[127.11013,38.24216],[127.1127,38.23804],[127.11462,38.23629],[127.11774,38.23634],[127.11985,38.23504],[127.12136,38.2334],[127.12288,38.23251],[127.12627,38.23377],[127.12961,38.23321],[127.13054,38.23256],[127.13466,38.23376],[127.13592,38.23615],[127.13983,38.2374],[127.14149,38.23725],[127.14697,38.23972],[127.14851,38.24251],[127.14895,38.24268],[127.15266,38.24172],[127.15836,38.2389],[127.1608,38.23582],[127.16249,38.23222],[127.1615,38.22977],[127.16013,38.22786],[127.15959,38.22605],[127.15956,38.22551],[127.16005,38.22467],[127.16106,38.22387],[127.16146,38.22304],[127.16084,38.22114],[127.15944,38.21907],[127.16209,38.21678],[127.16956,38.21385],[127.17126,38.21245],[127.17219,38.21042],[127.17223,38.20596],[127.16645,38.19954],[127.16605,38.19851],[127.1665,38.19782],[127.17015,38.19521],[127.17389,38.1917],[127.17451,38.18977],[127.17546,38.18825],[127.17742,38.18575],[127.17938,38.18465],[127.17753,38.17602]]]}},{"type":"Feature","properties":{"adm_cd2":"4180037000","adm_nm":"경기도 연천군 중면","sggnm":"연천군"},"geometry":{"type":"Polygon","coordinates":[[[126.9844,38.22695],[126.98658,38.22716],[126.98816,38.22582],[126.99026,38.22693],[126.9899,38.22866],[126.99159,38.22947],[127.00151,38.223],[127.00427,38.22316],[127.00524,38.22288],[127.00558,38.22499],[127.00642,38.22583],[127.008,38.22612],[127.01314,38.22486],[127.01586,38.2238],[127.01668,38.22133],[127.01778,38.22047],[127.0245,38.21979],[127.02713,38.22072],[127.02974,38.21931],[127.03022,38.21544],[127.02684,38.21238],[127.02655,38.21122],[127.02686,38.20868],[127.02905,38.20714],[127.03205,38.20615],[127.03433,38.20582],[127.03839,38.20634],[127.04147,38.20601],[127.04875,38.20054],[127.04884,38.19996],[127.04754,38.19864],[127.04668,38.19713],[127.04714,38.19587],[127.05041,38.19216],[127.05033,38.19145],[127.04867,38.18854],[127.04764,38.18555],[127.0495,38.18067],[127.05136,38.17815],[127.05284,38.17511],[127.05345,38.17251],[127.05593,38.17165],[127.06027,38.17172],[127.06113,38.17097],[127.06213,38.16675],[127.06583,38.16066],[127.06604,38.15757],[127.06795,38.15758],[127.06775,38.15631],[127.06849,38.1549],[127.06607,38.14889],[127.06049,38.14518],[127.05689,38.14419],[127.0546,38.14192],[127.05396,38.13857],[127.04984,38.13586],[127.04511,38.13196],[127.04101,38.12561],[127.03578,38.12252],[127.03478,38.12224],[127.03081,38.12221],[127.02645,38.12095],[127.02525,38.12335],[127.01684,38.12661],[127.01324,38.12715],[127.01013,38.13012],[127.0088,38.13091],[127.00088,38.1323],[126.99955,38.13208],[126.99343,38.13002],[126.99157,38.12784],[126.99115,38.12567],[126.99036,38.11215],[126.98934,38.1099],[126.9881,38.10862],[126.98586,38.10743],[126.98229,38.10664],[126.9747,38.10584],[126.96971,38.10613],[126.96628,38.10668],[126.96356,38.10764],[126.96122,38.10996],[126.95864,38.11381],[126.95627,38.11899],[126.95429,38.12757],[126.95863,38.13232],[126.96067,38.13374],[126.96415,38.13503],[126.96483,38.13582],[126.96992,38.14354],[126.96943,38.14562],[126.96827,38.14717],[126.96113,38.15124],[126.95689,38.15517],[126.95003,38.15911],[126.95173,38.1649],[126.95454,38.16326],[126.96572,38.1714],[126.96918,38.18193],[126.96826,38.1861],[126.96292,38.19053],[126.96669,38.19441],[126.96679,38.19911],[126.96883,38.19966],[126.97145,38.19922],[126.97508,38.19933],[126.97546,38.19986],[126.97549,38.20409],[126.97587,38.20488],[126.9793,38.20519],[126.98029,38.20748],[126.98395,38.21091],[126.9838,38.21252],[126.98321,38.21346],[126.98224,38.21413],[126.98186,38.21642],[126.9801,38.21774],[126.98107,38.21984],[126.98,38.2213],[126.97816,38.22214],[126.97915,38.22285],[126.97959,38.22412],[126.98126,38.22543],[126.98203,38.22746],[126.9844,38.22695]]]}},{"type":"Feature","properties":{"adm_cd2":"4180038000","adm_nm":"경기도 연천군 장남면","sggnm":"연천군"},"geometry":{"type":"Polygon","coordinates":[[[126.87303,38.01542],[126.87804,38.01266],[126.87351,38.01066],[126.87286,38.00804],[126.87464,38.00382],[126.87531,38.00337],[126.87788,38.00264],[126.88069,38.00229],[126.88379,38.00234],[126.88733,38.003],[126.88914,38.00412],[126.88981,38.00489],[126.89329,38.00549],[126.89613,38.00497],[126.89836,38.00376],[126.89941,38.00129],[126.89905,38.00035],[126.89815,37.99982],[126.89469,37.99945],[126.89396,37.99897],[126.8943,37.99762],[126.89174,37.99238],[126.89133,37.99012],[126.89118,37.98707],[126.89157,37.98248],[126.89267,37.97828],[126.89543,37.9722],[126.89546,37.9711],[126.89496,37.96985],[126.89436,37.96881],[126.89346,37.96803],[126.89152,37.96707],[126.88776,37.96614],[126.88351,37.96642],[126.87874,37.96767],[126.87184,37.97115],[126.86597,37.97736],[126.86256,37.98013],[126.8565,37.98604],[126.85494,37.98724],[126.85277,37.98756],[126.85027,37.98744],[126.84738,37.98677],[126.84398,37.98501],[126.84181,37.98293],[126.84023,37.98095],[126.83881,37.97762],[126.83741,37.9714],[126.83678,37.96473],[126.83594,37.96403],[126.83268,37.96398],[126.83114,37.96324],[126.83043,37.96197],[126.8283,37.9598],[126.82073,37.95746],[126.81886,37.95852],[126.81754,37.96129],[126.81748,37.96218],[126.81847,37.96409],[126.81729,37.96576],[126.81471,37.96822],[126.81388,37.96889],[126.81252,37.9693],[126.81134,37.96887],[126.81045,37.96767],[126.80451,37.97075],[126.80203,37.97955],[126.7985,37.98771],[126.80091,37.992],[126.8074,37.99375],[126.81423,37.99312],[126.81664,37.99327],[126.81864,37.99393],[126.82251,37.99242],[126.82955,37.9931],[126.83021,37.99366],[126.83046,37.99872],[126.83016,37.99913],[126.82688,37.99934],[126.82533,38.00022],[126.82481,38.00308],[126.82485,38.00489],[126.82307,38.01133],[126.82515,38.01629],[126.82874,38.02019],[126.83033,38.01992],[126.83308,38.01865],[126.83508,38.01817],[126.83322,38.02186],[126.83379,38.0227],[126.83529,38.02328],[126.83566,38.0245],[126.83276,38.02597],[126.83103,38.02526],[126.83046,38.02542],[126.83104,38.03224],[126.83184,38.03375],[126.83581,38.03418],[126.83876,38.03392],[126.84539,38.03178],[126.84641,38.03216],[126.84728,38.03298],[126.84836,38.03309],[126.85323,38.03166],[126.85587,38.0286],[126.85899,38.02591],[126.86024,38.02521],[126.86166,38.02498],[126.86534,38.02235],[126.86826,38.02167],[126.87147,38.0197],[126.87254,38.01856],[126.87303,38.01542]]]}},{"type":"Feature","properties":{"adm_cd2":"4182025000","adm_nm":"경기도 가평군 가평읍","sggnm":"가평군"},"geometry":{"type":"Polygon","coordinates":[[[127.60882,37.88417],[127.60877,37.88305],[127.60608,37.87699],[127.60378,37.87504],[127.60193,37.87454],[127.59496,37.87587],[127.58528,37.87592],[127.57809,37.8737],[127.575,37.87185],[127.56914,37.86632],[127.56644,37.8616],[127.5659,37.85868],[127.56242,37.85548],[127.55519,37.85444],[127.55334,37.85368],[127.55088,37.85205],[127.55041,37.851],[127.55015,37.84796],[127.54943,37.84691],[127.54229,37.8465],[127.53806,37.8451],[127.53465,37.84332],[127.53205,37.84152],[127.5296,37.83928],[127.52812,37.83732],[127.52506,37.83054],[127.52446,37.82696],[127.52464,37.8247],[127.52543,37.82357],[127.52708,37.8223],[127.53338,37.81913],[127.53519,37.81783],[127.53674,37.81531],[127.53712,37.81379],[127.53712,37.81203],[127.5359,37.80923],[127.52968,37.80454],[127.52289,37.79578],[127.52174,37.79361],[127.52159,37.79134],[127.52224,37.78975],[127.52355,37.78805],[127.52888,37.78349],[127.53605,37.77621],[127.54072,37.77054],[127.54248,37.76772],[127.54375,37.76478],[127.54451,37.76188],[127.54439,37.75954],[127.5436,37.75748],[127.54229,37.75548],[127.54047,37.75359],[127.53762,37.75133],[127.52905,37.74616],[127.51583,37.73929],[127.51064,37.73562],[127.50848,37.73277],[127.50734,37.72951],[127.50684,37.72435],[127.50731,37.71967],[127.50126,37.71826],[127.4993,37.71909],[127.4948,37.72303],[127.49374,37.72461],[127.49241,37.73016],[127.49122,37.73315],[127.49043,37.73359],[127.48801,37.73347],[127.48355,37.73505],[127.48279,37.7359],[127.48164,37.7391],[127.48026,37.74073],[127.47879,37.74156],[127.47631,37.74555],[127.47646,37.7486],[127.47725,37.74943],[127.47886,37.75017],[127.48308,37.7513],[127.48618,37.75145],[127.48672,37.75257],[127.48839,37.7591],[127.48711,37.76182],[127.48812,37.76748],[127.48945,37.76973],[127.49464,37.77583],[127.49398,37.77851],[127.4914,37.78383],[127.48866,37.78573],[127.48444,37.78743],[127.47745,37.78765],[127.47038,37.78655],[127.46866,37.78761],[127.4689,37.7883],[127.46859,37.78927],[127.46731,37.79146],[127.46632,37.79184],[127.46137,37.79522],[127.46044,37.79715],[127.46022,37.79958],[127.45597,37.80271],[127.45317,37.80342],[127.45171,37.80148],[127.44935,37.80099],[127.44583,37.80233],[127.44407,37.8035],[127.44371,37.80434],[127.43961,37.80524],[127.43481,37.80332],[127.4209,37.8021],[127.41527,37.81046],[127.41502,37.81088],[127.41543,37.81225],[127.41832,37.81671],[127.41899,37.81739],[127.42005,37.81767],[127.42096,37.81866],[127.42026,37.82022],[127.41772,37.8228],[127.41586,37.82532],[127.41575,37.8281],[127.41407,37.8307],[127.41278,37.83156],[127.4115,37.83327],[127.41479,37.83899],[127.41645,37.84029],[127.41917,37.84153],[127.41647,37.84663],[127.41681,37.85219],[127.41652,37.85656],[127.41415,37.85759],[127.41142,37.86277],[127.41154,37.86368],[127.41109,37.86614],[127.40984,37.86866],[127.40976,37.8699],[127.41123,37.87172],[127.4112,37.87315],[127.40625,37.87377],[127.40333,37.87317],[127.40003,37.87738],[127.40037,37.88118],[127.40132,37.88214],[127.40053,37.8859],[127.39874,37.88845],[127.39939,37.89003],[127.40066,37.89155],[127.41169,37.89584],[127.41321,37.89672],[127.41438,37.89885],[127.41589,37.8958],[127.41888,37.8952],[127.42184,37.89345],[127.42571,37.88826],[127.42826,37.88658],[127.43027,37.88721],[127.43349,37.88736],[127.4365,37.88711],[127.43863,37.8865],[127.44426,37.88747],[127.4454,37.88793],[127.4463,37.88874],[127.45416,37.8879],[127.4565,37.88827],[127.46076,37.88957],[127.46196,37.88945],[127.46388,37.8871],[127.47651,37.88296],[127.48026,37.88222],[127.4917,37.88324],[127.49571,37.88397],[127.50518,37.8777],[127.50785,37.87363],[127.51193,37.87489],[127.51816,37.87113],[127.51915,37.8693],[127.52095,37.86878],[127.52151,37.86922],[127.52215,37.87139],[127.52474,37.87394],[127.5261,37.87474],[127.52914,37.87541],[127.53212,37.87548],[127.5393,37.87483],[127.54243,37.87342],[127.54351,37.87239],[127.54442,37.87237],[127.55295,37.87444],[127.5531,37.87565],[127.55772,37.87877],[127.56322,37.88096],[127.56553,37.88234],[127.56597,37.88334],[127.56981,37.88625],[127.57829,37.8854],[127.58584,37.88765],[127.5885,37.89011],[127.59264,37.89162],[127.59602,37.89036],[127.60112,37.89051],[127.6076,37.88986],[127.60882,37.88417]]]}},{"type":"Feature","properties":{"adm_cd2":"4182031000","adm_nm":"경기도 가평군 설악면","sggnm":"가평군"},"geometry":{"type":"Polygon","coordinates":[[[127.55951,37.72789],[127.55944,37.72581],[127.55968,37.72314],[127.56052,37.72265],[127.56217,37.72232],[127.5624,37.72104],[127.56162,37.71996],[127.56103,37.71822],[127.55806,37.7143],[127.55855,37.71118],[127.55842,37.70602],[127.55699,37.70486],[127.55507,37.69902],[127.55063,37.6878],[127.55015,37.68546],[127.54989,37.68056],[127.55096,37.67819],[127.55034,37.67591],[127.54975,37.67549],[127.54915,37.67037],[127.54921,37.66757],[127.55007,37.66634],[127.55165,37.66502],[127.55281,37.66155],[127.54649,37.65743],[127.54487,37.65535],[127.54403,37.65302],[127.54391,37.65159],[127.54197,37.65097],[127.53923,37.65119],[127.53568,37.65035],[127.53523,37.64637],[127.53702,37.643],[127.54003,37.64069],[127.54378,37.63818],[127.54682,37.63756],[127.54826,37.6332],[127.55898,37.62845],[127.55988,37.62736],[127.55981,37.62341],[127.56288,37.6209],[127.56517,37.62008],[127.56646,37.61878],[127.56759,37.61566],[127.56873,37.61456],[127.56984,37.61433],[127.57075,37.61367],[127.57032,37.61021],[127.56956,37.60831],[127.56615,37.60796],[127.5623,37.60435],[127.56244,37.60001],[127.56141,37.59767],[127.55908,37.59423],[127.559,37.5923],[127.56062,37.59054],[127.56152,37.58706],[127.56025,37.58308],[127.5586,37.58382],[127.55469,37.58421],[127.55245,37.58608],[127.55095,37.58615],[127.54447,37.58507],[127.53788,37.58461],[127.53606,37.58584],[127.52411,37.58665],[127.52178,37.58641],[127.52012,37.58566],[127.51761,37.58272],[127.51296,37.57812],[127.51003,37.57647],[127.50436,37.57492],[127.49834,37.57184],[127.49657,37.572],[127.4911,37.57378],[127.49012,37.57498],[127.48414,37.57526],[127.48174,37.57571],[127.4784,37.57686],[127.47473,37.57725],[127.47159,37.57989],[127.47077,37.58536],[127.46941,37.59106],[127.47104,37.59384],[127.47091,37.59495],[127.4726,37.59641],[127.47314,37.60022],[127.47351,37.60792],[127.47217,37.60928],[127.47185,37.61828],[127.47118,37.62113],[127.46988,37.62361],[127.46835,37.62467],[127.4626,37.62493],[127.46166,37.62664],[127.45827,37.62997],[127.45642,37.63394],[127.4566,37.63559],[127.4541,37.63851],[127.45227,37.63889],[127.45147,37.6397],[127.44952,37.64338],[127.44863,37.64447],[127.44485,37.64777],[127.44392,37.64814],[127.44191,37.64679],[127.43808,37.64789],[127.43723,37.6514],[127.43477,37.65361],[127.43778,37.65723],[127.44138,37.6598],[127.43986,37.66181],[127.43506,37.66504],[127.42983,37.66941],[127.42667,37.67337],[127.42873,37.67479],[127.42999,37.678],[127.43089,37.67878],[127.43206,37.67899],[127.43282,37.68139],[127.43273,37.68206],[127.43124,37.68275],[127.4241,37.69072],[127.42129,37.69454],[127.42106,37.69876],[127.42192,37.70148],[127.42406,37.70396],[127.42547,37.70486],[127.42543,37.706],[127.42371,37.7112],[127.4203,37.71447],[127.41774,37.71957],[127.41516,37.72296],[127.42292,37.72494],[127.42632,37.72426],[127.42904,37.72317],[127.43786,37.71794],[127.4407,37.71671],[127.45094,37.70929],[127.4531,37.70858],[127.47293,37.70611],[127.48544,37.70653],[127.49463,37.70577],[127.49791,37.70473],[127.50049,37.70279],[127.51083,37.69752],[127.5144,37.69675],[127.51603,37.69675],[127.51777,37.6971],[127.51931,37.69825],[127.52057,37.69972],[127.52132,37.70264],[127.51874,37.70849],[127.5136,37.71525],[127.51093,37.71769],[127.51962,37.72253],[127.52538,37.7269],[127.52867,37.72633],[127.53088,37.72505],[127.53352,37.72221],[127.53749,37.72013],[127.5408,37.71909],[127.54249,37.71953],[127.54819,37.72342],[127.55209,37.72826],[127.55361,37.72873],[127.55735,37.72899],[127.55986,37.72851],[127.55951,37.72789]]]}},{"type":"Feature","properties":{"adm_cd2":"4182032500","adm_nm":"경기도 가평군 청평면","sggnm":"가평군"},"geometry":{"type":"Polygon","coordinates":[[[127.51093,37.71769],[127.5136,37.71525],[127.51874,37.70849],[127.51985,37.70635],[127.52132,37.70264],[127.52116,37.70133],[127.52057,37.69972],[127.51931,37.69825],[127.51777,37.6971],[127.5144,37.69675],[127.51083,37.69752],[127.50049,37.70279],[127.49791,37.70473],[127.49463,37.70577],[127.48544,37.70653],[127.47293,37.70611],[127.4531,37.70858],[127.45094,37.70929],[127.4407,37.71671],[127.43786,37.71794],[127.42904,37.72317],[127.42632,37.72426],[127.42292,37.72494],[127.41516,37.72296],[127.41774,37.71957],[127.4203,37.71447],[127.42371,37.7112],[127.42543,37.706],[127.42547,37.70486],[127.42406,37.70396],[127.42192,37.70148],[127.42106,37.69876],[127.42129,37.69454],[127.4241,37.69072],[127.43124,37.68275],[127.43273,37.68206],[127.43282,37.68139],[127.43206,37.67899],[127.43089,37.67878],[127.42999,37.678],[127.42873,37.67479],[127.42667,37.67337],[127.42815,37.67154],[127.42809,37.6703],[127.42707,37.66816],[127.42509,37.66563],[127.42217,37.66393],[127.41887,37.6633],[127.41644,37.66337],[127.4121,37.66019],[127.40813,37.65988],[127.40406,37.65706],[127.40124,37.65449],[127.40036,37.65336],[127.39943,37.65086],[127.38005,37.65142],[127.37835,37.651],[127.37478,37.64902],[127.37328,37.64767],[127.37113,37.64819],[127.37205,37.65066],[127.37442,37.65433],[127.37637,37.66011],[127.37755,37.6699],[127.3792,37.67459],[127.37506,37.67733],[127.37459,37.67955],[127.37462,37.68132],[127.37417,37.68219],[127.36857,37.68579],[127.36693,37.68822],[127.36677,37.68965],[127.36714,37.69011],[127.37075,37.69047],[127.37213,37.69157],[127.37212,37.69203],[127.37024,37.69302],[127.36135,37.69381],[127.35946,37.69678],[127.35849,37.69923],[127.35592,37.70193],[127.35344,37.70382],[127.35366,37.70501],[127.35425,37.70542],[127.35512,37.70718],[127.35517,37.70858],[127.35339,37.71094],[127.35472,37.71663],[127.35468,37.71699],[127.35415,37.71727],[127.35404,37.71941],[127.35545,37.72369],[127.35906,37.72549],[127.36252,37.72635],[127.36716,37.72996],[127.37099,37.73404],[127.37217,37.73641],[127.37237,37.73784],[127.3735,37.73874],[127.38298,37.74288],[127.38482,37.74185],[127.38597,37.74173],[127.39477,37.74487],[127.3987,37.74531],[127.40703,37.74758],[127.40786,37.74879],[127.41303,37.75087],[127.4147,37.75083],[127.41757,37.74789],[127.42186,37.75159],[127.42224,37.75237],[127.42222,37.75476],[127.42105,37.75709],[127.41619,37.76049],[127.4127,37.76621],[127.41227,37.76851],[127.41221,37.77033],[127.41251,37.77116],[127.41449,37.77296],[127.41672,37.77419],[127.4179,37.77524],[127.41463,37.77763],[127.41396,37.78077],[127.41545,37.78217],[127.41635,37.7857],[127.41546,37.79583],[127.41557,37.79641],[127.41648,37.79707],[127.41644,37.7987],[127.41684,37.80037],[127.4209,37.8021],[127.43481,37.80332],[127.43961,37.80524],[127.44371,37.80434],[127.44407,37.8035],[127.44583,37.80233],[127.44935,37.80099],[127.45171,37.80148],[127.45317,37.80342],[127.45597,37.80271],[127.46022,37.79958],[127.46044,37.79715],[127.46137,37.79522],[127.46632,37.79184],[127.46731,37.79146],[127.46859,37.78927],[127.4689,37.7883],[127.46866,37.78761],[127.47038,37.78655],[127.47745,37.78765],[127.48444,37.78743],[127.48866,37.78573],[127.4914,37.78383],[127.49398,37.77851],[127.49464,37.77583],[127.48945,37.76973],[127.48812,37.76748],[127.48711,37.76182],[127.48839,37.7591],[127.48672,37.75257],[127.48618,37.75145],[127.48308,37.7513],[127.47886,37.75017],[127.47725,37.74943],[127.47646,37.7486],[127.47631,37.74555],[127.47879,37.74156],[127.48026,37.74073],[127.48164,37.7391],[127.48279,37.7359],[127.48355,37.73505],[127.48801,37.73347],[127.49043,37.73359],[127.49122,37.73315],[127.49241,37.73016],[127.49374,37.72461],[127.4948,37.72303],[127.4993,37.71909],[127.50126,37.71826],[127.50731,37.71967],[127.51093,37.71769]]]}},{"type":"Feature","properties":{"adm_cd2":"4182033000","adm_nm":"경기도 가평군 상면","sggnm":"가평군"},"geometry":{"type":"Polygon","coordinates":[[[127.31255,37.86093],[127.31492,37.85751],[127.31542,37.85621],[127.31521,37.85539],[127.31641,37.85362],[127.31959,37.85067],[127.31954,37.84905],[127.31812,37.84752],[127.31817,37.84553],[127.3192,37.84528],[127.32045,37.84314],[127.32058,37.84152],[127.32013,37.84103],[127.31991,37.83966],[127.32087,37.83577],[127.32153,37.8346],[127.32663,37.82947],[127.33074,37.82863],[127.3361,37.8281],[127.33641,37.82658],[127.33405,37.82348],[127.33366,37.82252],[127.33576,37.82198],[127.33812,37.81943],[127.33823,37.81905],[127.33759,37.81769],[127.33757,37.8155],[127.34095,37.80836],[127.34143,37.80758],[127.3437,37.80567],[127.34468,37.80512],[127.34735,37.80455],[127.35159,37.80414],[127.35411,37.80492],[127.35565,37.80645],[127.35917,37.80751],[127.36335,37.80618],[127.36545,37.8021],[127.36565,37.80031],[127.36849,37.79609],[127.37234,37.79582],[127.37321,37.79639],[127.37346,37.79697],[127.37336,37.80044],[127.37361,37.80071],[127.37478,37.80064],[127.3757,37.80034],[127.37689,37.7994],[127.3778,37.79597],[127.38016,37.79481],[127.38456,37.7971],[127.39177,37.79813],[127.39415,37.79903],[127.39609,37.79805],[127.39669,37.79409],[127.40787,37.79667],[127.40994,37.79753],[127.41644,37.7987],[127.41648,37.79707],[127.41557,37.79641],[127.41546,37.79583],[127.41635,37.7857],[127.41545,37.78217],[127.41396,37.78077],[127.41463,37.77763],[127.4179,37.77524],[127.41672,37.77419],[127.41449,37.77296],[127.41251,37.77116],[127.41221,37.76913],[127.4127,37.76621],[127.41619,37.76049],[127.42105,37.75709],[127.42222,37.75476],[127.42224,37.75237],[127.42186,37.75159],[127.41996,37.74968],[127.41757,37.74789],[127.4147,37.75083],[127.41303,37.75087],[127.40786,37.74879],[127.40703,37.74758],[127.4066,37.74746],[127.3987,37.74531],[127.39477,37.74487],[127.38597,37.74173],[127.38482,37.74185],[127.38298,37.74288],[127.37936,37.74147],[127.3735,37.73874],[127.37237,37.73784],[127.37217,37.73641],[127.37099,37.73404],[127.36716,37.72996],[127.36252,37.72635],[127.35906,37.72549],[127.35545,37.72369],[127.34786,37.7269],[127.345,37.7277],[127.34294,37.72937],[127.34338,37.73303],[127.34241,37.7378],[127.33744,37.74241],[127.33531,37.74383],[127.33293,37.74646],[127.33107,37.74954],[127.33185,37.75114],[127.33396,37.75284],[127.33009,37.75585],[127.32645,37.76025],[127.3237,37.76176],[127.32237,37.76307],[127.32185,37.76425],[127.31857,37.76723],[127.31531,37.76903],[127.31144,37.7682],[127.30989,37.7683],[127.30631,37.77035],[127.3021,37.77338],[127.2985,37.77429],[127.29313,37.77624],[127.29156,37.77604],[127.29,37.77501],[127.28608,37.77477],[127.28186,37.77492],[127.27402,37.77406],[127.27363,37.77426],[127.27287,37.77611],[127.26973,37.77883],[127.26652,37.78045],[127.26841,37.78516],[127.27093,37.78622],[127.2719,37.78865],[127.27216,37.79039],[127.27121,37.79155],[127.27052,37.79378],[127.27083,37.79459],[127.27875,37.80546],[127.2784,37.80611],[127.27785,37.80637],[127.2774,37.80882],[127.27923,37.81661],[127.27583,37.8247],[127.27513,37.82497],[127.27413,37.82647],[127.27415,37.83062],[127.2763,37.83591],[127.27857,37.83941],[127.27903,37.84234],[127.28238,37.84532],[127.28402,37.84603],[127.28632,37.84828],[127.28034,37.85389],[127.28036,37.85543],[127.28168,37.85655],[127.28491,37.86031],[127.28584,37.8639],[127.28588,37.86558],[127.28728,37.86833],[127.29154,37.87414],[127.29317,37.87342],[127.29617,37.86887],[127.30064,37.8681],[127.30547,37.86884],[127.30867,37.86802],[127.31011,37.86648],[127.3121,37.86612],[127.31255,37.86093]]]}},{"type":"Feature","properties":{"adm_cd2":"4182034500","adm_nm":"경기도 가평군 조종면","sggnm":"가평군"},"geometry":{"type":"Polygon","coordinates":[[[127.41321,37.89672],[127.41169,37.89584],[127.40066,37.89155],[127.39939,37.89003],[127.39874,37.88845],[127.40053,37.8859],[127.40132,37.88214],[127.40037,37.88118],[127.40003,37.87738],[127.40333,37.87317],[127.40625,37.87377],[127.4112,37.87315],[127.41123,37.87172],[127.40976,37.8699],[127.40984,37.86866],[127.41109,37.86614],[127.41154,37.86368],[127.41142,37.86277],[127.41415,37.85759],[127.41652,37.85656],[127.41681,37.85219],[127.41647,37.84663],[127.41917,37.84153],[127.41645,37.84029],[127.41479,37.83899],[127.4115,37.83327],[127.41278,37.83156],[127.41407,37.8307],[127.41575,37.8281],[127.41586,37.82532],[127.41772,37.8228],[127.42026,37.82022],[127.42096,37.81866],[127.42005,37.81767],[127.41899,37.81739],[127.41832,37.81671],[127.41543,37.81225],[127.41502,37.81088],[127.4209,37.8021],[127.41684,37.80037],[127.41644,37.7987],[127.40994,37.79753],[127.40787,37.79667],[127.39669,37.79409],[127.39609,37.79805],[127.39415,37.79903],[127.39177,37.79813],[127.38456,37.7971],[127.38016,37.79481],[127.3778,37.79597],[127.37689,37.7994],[127.3757,37.80034],[127.37478,37.80064],[127.37361,37.80071],[127.37336,37.80044],[127.37346,37.79697],[127.37321,37.79639],[127.37234,37.79582],[127.36849,37.79609],[127.36565,37.80031],[127.36545,37.8021],[127.36335,37.80618],[127.35917,37.80751],[127.35565,37.80645],[127.35411,37.80492],[127.35159,37.80414],[127.34735,37.80455],[127.34468,37.80512],[127.3437,37.80567],[127.34143,37.80758],[127.34095,37.80836],[127.33757,37.8155],[127.33759,37.81769],[127.33823,37.81905],[127.33812,37.81943],[127.33576,37.82198],[127.33366,37.82252],[127.33405,37.82348],[127.33641,37.82658],[127.3361,37.8281],[127.33074,37.82863],[127.32663,37.82947],[127.32153,37.8346],[127.32087,37.83577],[127.31991,37.83966],[127.32013,37.84103],[127.32058,37.84152],[127.32045,37.84314],[127.3192,37.84528],[127.31817,37.84553],[127.31812,37.84752],[127.31954,37.84905],[127.31959,37.85067],[127.31641,37.85362],[127.31521,37.85539],[127.31542,37.85621],[127.31492,37.85751],[127.31255,37.86093],[127.3121,37.86612],[127.31259,37.86698],[127.31341,37.86782],[127.31429,37.86782],[127.31755,37.86929],[127.3206,37.87139],[127.32229,37.87143],[127.32372,37.87363],[127.32391,37.87616],[127.32308,37.88075],[127.3237,37.88785],[127.3258,37.89079],[127.32732,37.89192],[127.32913,37.89431],[127.32819,37.89689],[127.32739,37.90284],[127.3291,37.90715],[127.33046,37.90782],[127.33056,37.90905],[127.33039,37.91004],[127.32937,37.9106],[127.32786,37.91241],[127.33089,37.91718],[127.32947,37.92025],[127.32899,37.92203],[127.33043,37.92362],[127.33098,37.92591],[127.33303,37.9265],[127.33644,37.92416],[127.33729,37.92377],[127.3384,37.92384],[127.33996,37.92426],[127.34393,37.92679],[127.34518,37.92721],[127.34744,37.92607],[127.3485,37.92505],[127.35031,37.92233],[127.35134,37.92197],[127.35583,37.92165],[127.3643,37.92595],[127.3661,37.92883],[127.36989,37.93062],[127.37195,37.93386],[127.37455,37.93653],[127.37754,37.93877],[127.37981,37.93913],[127.38043,37.93959],[127.38169,37.94081],[127.38282,37.94276],[127.38353,37.94319],[127.38428,37.94354],[127.38522,37.94315],[127.39109,37.9434],[127.39609,37.94492],[127.39733,37.94424],[127.39857,37.94265],[127.4007,37.94222],[127.41153,37.93508],[127.41502,37.93316],[127.41672,37.93325],[127.41897,37.9326],[127.42031,37.93165],[127.42242,37.92946],[127.41943,37.92183],[127.41809,37.92],[127.41713,37.91929],[127.41714,37.91307],[127.41871,37.90899],[127.41616,37.90569],[127.41632,37.90209],[127.41587,37.9007],[127.41438,37.89885],[127.41321,37.89672]]]}},{"type":"Feature","properties":{"adm_cd2":"4182035000","adm_nm":"경기도 가평군 북면","sggnm":"가평군"},"geometry":{"type":"Polygon","coordinates":[[[127.54267,37.9956],[127.54345,37.9919],[127.54345,37.98881],[127.5461,37.98517],[127.54588,37.98329],[127.54609,37.98206],[127.5471,37.97976],[127.54473,37.97479],[127.54433,37.96812],[127.5483,37.96613],[127.5516,37.9662],[127.56125,37.96278],[127.56229,37.96266],[127.56468,37.96328],[127.57322,37.96405],[127.58785,37.96126],[127.59412,37.95688],[127.59652,37.95637],[127.60009,37.95651],[127.60139,37.95605],[127.60299,37.9551],[127.60331,37.95423],[127.60354,37.95281],[127.60267,37.94771],[127.60482,37.94416],[127.60904,37.94365],[127.61376,37.93939],[127.61515,37.93429],[127.61643,37.93141],[127.6166,37.92945],[127.61554,37.92746],[127.61355,37.92628],[127.61252,37.92516],[127.61207,37.92081],[127.61349,37.9197],[127.61624,37.91498],[127.61721,37.9124],[127.61772,37.90653],[127.61137,37.89622],[127.60822,37.89017],[127.6076,37.88986],[127.60112,37.89051],[127.59602,37.89036],[127.59264,37.89162],[127.5885,37.89011],[127.58584,37.88765],[127.57829,37.8854],[127.56981,37.88625],[127.56597,37.88334],[127.56553,37.88234],[127.56322,37.88096],[127.55772,37.87877],[127.5531,37.87565],[127.55295,37.87444],[127.54442,37.87237],[127.54351,37.87239],[127.54243,37.87342],[127.5393,37.87483],[127.53212,37.87548],[127.52914,37.87541],[127.5261,37.87474],[127.52474,37.87394],[127.52215,37.87139],[127.52151,37.86922],[127.52095,37.86878],[127.51915,37.8693],[127.51816,37.87113],[127.51193,37.87489],[127.50785,37.87363],[127.50518,37.8777],[127.49571,37.88397],[127.4917,37.88324],[127.48026,37.88222],[127.47651,37.88296],[127.46388,37.8871],[127.46196,37.88945],[127.46076,37.88957],[127.4565,37.88827],[127.45416,37.8879],[127.4463,37.88874],[127.4454,37.88793],[127.44426,37.88747],[127.43863,37.8865],[127.4365,37.88711],[127.43349,37.88736],[127.43027,37.88721],[127.42826,37.88658],[127.42571,37.88826],[127.42184,37.89345],[127.41888,37.8952],[127.41589,37.8958],[127.41438,37.89885],[127.41587,37.9007],[127.41632,37.90209],[127.41616,37.90569],[127.41871,37.90899],[127.41714,37.91307],[127.41713,37.91929],[127.41809,37.92],[127.41943,37.92183],[127.42242,37.92946],[127.42031,37.93165],[127.41897,37.9326],[127.41672,37.93325],[127.41502,37.93316],[127.41153,37.93508],[127.4007,37.94222],[127.39857,37.94265],[127.39733,37.94424],[127.39609,37.94492],[127.39109,37.9434],[127.38522,37.94315],[127.38428,37.94354],[127.384,37.94413],[127.38491,37.94709],[127.38313,37.94958],[127.38235,37.95045],[127.37875,37.95112],[127.37683,37.95293],[127.37697,37.95359],[127.37951,37.95647],[127.37973,37.95778],[127.37917,37.95892],[127.37744,37.9594],[127.37614,37.96153],[127.3779,37.96534],[127.38009,37.96663],[127.38264,37.9697],[127.38184,37.97227],[127.38245,37.97422],[127.38539,37.97615],[127.38412,37.97793],[127.38395,37.98111],[127.38504,37.98241],[127.38666,37.98323],[127.3898,37.98268],[127.39942,37.9894],[127.40386,37.99061],[127.40529,37.99054],[127.4065,37.99163],[127.40907,37.9963],[127.41139,37.99687],[127.41302,37.9978],[127.41479,38.00175],[127.41452,38.00525],[127.41481,38.00692],[127.4168,38.01062],[127.41828,38.01475],[127.42001,38.01742],[127.42154,38.01902],[127.42349,38.02015],[127.42655,38.02566],[127.42719,38.02749],[127.42623,38.02958],[127.42429,38.03094],[127.42491,38.0334],[127.43019,38.03465],[127.43504,38.03799],[127.44177,38.04478],[127.4422,38.04615],[127.44439,38.05],[127.44566,38.05098],[127.44912,38.04983],[127.45222,38.04744],[127.45245,38.0468],[127.45237,38.04336],[127.45146,38.04024],[127.45091,38.03974],[127.45067,38.03898],[127.45129,38.03637],[127.45346,38.03089],[127.45524,38.02946],[127.45627,38.02726],[127.45547,38.02503],[127.45682,38.01886],[127.45799,38.01623],[127.46139,38.0129],[127.46925,38.00859],[127.47216,38.00606],[127.47897,38.00615],[127.48554,38.00436],[127.49021,38.00517],[127.49727,38.00361],[127.4984,38.0011],[127.50141,37.99956],[127.50583,38.00052],[127.51635,38.00102],[127.52351,38.00187],[127.52568,38.00171],[127.52752,38.00071],[127.53277,38.00097],[127.53807,38.00071],[127.53974,38.00118],[127.54267,37.9956]]]}},{"type":"Feature","properties":{"adm_cd2":"4183025000","adm_nm":"경기도 양평군 양평읍","sggnm":"양평군"},"geometry":{"type":"Polygon","coordinates":[[[127.554,37.46202],[127.55154,37.46195],[127.55032,37.46235],[127.5487,37.46373],[127.54278,37.46722],[127.53716,37.46976],[127.5323,37.47118],[127.52828,37.4668],[127.52435,37.46407],[127.52118,37.46273],[127.51986,37.46289],[127.51793,37.46245],[127.51141,37.45796],[127.51018,37.45574],[127.50858,37.45438],[127.50546,37.45276],[127.50117,37.4491],[127.50063,37.44782],[127.50101,37.44652],[127.50178,37.44538],[127.49932,37.4463],[127.49844,37.44716],[127.49622,37.45269],[127.49578,37.45546],[127.49586,37.46156],[127.49484,37.46993],[127.49491,37.47375],[127.49419,37.47978],[127.49288,37.48203],[127.49023,37.48541],[127.48165,37.49227],[127.47323,37.49736],[127.45795,37.50227],[127.45605,37.50318],[127.45708,37.50558],[127.45694,37.50932],[127.46478,37.5122],[127.46998,37.51161],[127.47182,37.51197],[127.47615,37.51457],[127.48222,37.51714],[127.48192,37.51955],[127.48381,37.52136],[127.4897,37.52174],[127.49458,37.51892],[127.49803,37.52037],[127.50064,37.52216],[127.50231,37.52355],[127.50213,37.52519],[127.5085,37.52999],[127.51133,37.53069],[127.5156,37.53117],[127.51927,37.53251],[127.52785,37.53353],[127.52799,37.53074],[127.52674,37.52592],[127.52789,37.52219],[127.52844,37.51789],[127.53129,37.51743],[127.53371,37.51616],[127.53593,37.51222],[127.53556,37.51098],[127.53685,37.50698],[127.54575,37.50473],[127.54669,37.50525],[127.54887,37.50545],[127.55561,37.49876],[127.55517,37.49779],[127.55435,37.49752],[127.55331,37.49656],[127.55271,37.49535],[127.55408,37.4921],[127.55444,37.4902],[127.55376,37.48817],[127.55326,37.48144],[127.55382,37.48055],[127.55448,37.48016],[127.55543,37.48043],[127.55991,37.47912],[127.56057,37.47746],[127.56044,37.47628],[127.55854,37.47371],[127.55775,37.47042],[127.55737,37.46725],[127.55748,37.46296],[127.554,37.46202]]]}},{"type":"Feature","properties":{"adm_cd2":"4183031000","adm_nm":"경기도 양평군 강상면","sggnm":"양평군"},"geometry":{"type":"Polygon","coordinates":[[[127.45795,37.50227],[127.47323,37.49736],[127.48165,37.49227],[127.49023,37.48541],[127.49288,37.48203],[127.49419,37.47978],[127.49491,37.47375],[127.49484,37.46993],[127.49586,37.46156],[127.49578,37.45546],[127.49622,37.45269],[127.49844,37.44716],[127.49932,37.4463],[127.50178,37.44538],[127.50801,37.43981],[127.49811,37.43313],[127.49445,37.43274],[127.48919,37.43381],[127.48523,37.43223],[127.48243,37.42897],[127.4816,37.42755],[127.48158,37.4267],[127.48093,37.42535],[127.47965,37.42366],[127.47924,37.42351],[127.47431,37.42233],[127.4723,37.42261],[127.47304,37.42299],[127.47171,37.42497],[127.47093,37.42537],[127.4652,37.42685],[127.46371,37.4266],[127.46011,37.42726],[127.45431,37.42895],[127.4499,37.43132],[127.4426,37.43408],[127.43876,37.43433],[127.43422,37.43527],[127.43244,37.43634],[127.43047,37.43689],[127.42862,37.43666],[127.42645,37.43774],[127.4313,37.44055],[127.43385,37.44565],[127.43392,37.44766],[127.43744,37.45263],[127.43981,37.45442],[127.44395,37.45581],[127.44481,37.45642],[127.4465,37.45862],[127.44757,37.46661],[127.44579,37.46955],[127.44262,37.47172],[127.44443,37.47738],[127.4429,37.48044],[127.43923,37.48285],[127.4388,37.4841],[127.43868,37.48606],[127.43987,37.48793],[127.44201,37.48993],[127.44351,37.49222],[127.44528,37.49799],[127.44589,37.50271],[127.44961,37.50628],[127.45795,37.50227]]]}},{"type":"Feature","properties":{"adm_cd2":"4183032000","adm_nm":"경기도 양평군 강하면","sggnm":"양평군"},"geometry":{"type":"Polygon","coordinates":[[[127.44589,37.50271],[127.44528,37.49799],[127.44351,37.49222],[127.44201,37.48993],[127.43987,37.48793],[127.43868,37.48606],[127.4388,37.4841],[127.43923,37.48285],[127.4429,37.48044],[127.44443,37.47738],[127.44262,37.47172],[127.44579,37.46955],[127.44757,37.46661],[127.4465,37.45862],[127.4446,37.45624],[127.44226,37.4551],[127.43968,37.45435],[127.43682,37.45198],[127.43392,37.44766],[127.43385,37.44565],[127.4313,37.44055],[127.42645,37.43774],[127.42287,37.43951],[127.42024,37.43765],[127.41462,37.43217],[127.41304,37.43164],[127.41082,37.43155],[127.40856,37.43083],[127.40738,37.43009],[127.40557,37.42817],[127.40259,37.42453],[127.40219,37.42276],[127.40158,37.42169],[127.4007,37.42137],[127.39885,37.42237],[127.39488,37.42611],[127.38929,37.42882],[127.38618,37.43287],[127.38448,37.43446],[127.384,37.43531],[127.38437,37.43746],[127.38231,37.44313],[127.3813,37.44359],[127.37885,37.44362],[127.37247,37.44481],[127.37226,37.44584],[127.37264,37.44731],[127.37264,37.4491],[127.37214,37.45199],[127.36773,37.45624],[127.36799,37.45695],[127.37449,37.45838],[127.37799,37.45878],[127.38184,37.45838],[127.38521,37.4599],[127.38698,37.46736],[127.38653,37.46992],[127.38869,37.47432],[127.38881,37.47563],[127.3885,37.47664],[127.38557,37.48178],[127.38084,37.48885],[127.38046,37.49001],[127.3825,37.49894],[127.38359,37.50242],[127.39462,37.49988],[127.40277,37.49957],[127.40803,37.49978],[127.41423,37.50191],[127.41813,37.50465],[127.4224,37.50576],[127.43025,37.50714],[127.43789,37.50809],[127.44795,37.50688],[127.44961,37.50628],[127.44589,37.50271]]]}},{"type":"Feature","properties":{"adm_cd2":"4183033000","adm_nm":"경기도 양평군 양서면","sggnm":"양평군"},"geometry":{"type":"Polygon","coordinates":[[[127.43512,37.55406],[127.43937,37.553],[127.44332,37.54948],[127.44369,37.54764],[127.44386,37.54288],[127.44369,37.54163],[127.43797,37.53999],[127.43523,37.53707],[127.43323,37.53399],[127.43228,37.52671],[127.43288,37.52362],[127.4337,37.52269],[127.42976,37.51656],[127.43076,37.5152],[127.43089,37.51452],[127.42847,37.5127],[127.42788,37.5127],[127.42675,37.51117],[127.42644,37.50905],[127.42677,37.5065],[127.41813,37.50465],[127.41423,37.50191],[127.40803,37.49978],[127.40277,37.49957],[127.39462,37.49988],[127.38359,37.50242],[127.38336,37.50281],[127.38073,37.50428],[127.37156,37.52012],[127.36549,37.52888],[127.36278,37.53083],[127.35865,37.53294],[127.35555,37.53415],[127.35065,37.5354],[127.34787,37.53575],[127.32933,37.53458],[127.32426,37.53371],[127.32103,37.53198],[127.31736,37.52921],[127.3071,37.51638],[127.30599,37.51947],[127.30477,37.5254],[127.3079,37.53804],[127.30889,37.5406],[127.31169,37.54547],[127.3171,37.55219],[127.32133,37.55835],[127.33583,37.58074],[127.33992,37.57969],[127.34563,37.57991],[127.35069,37.57959],[127.35416,37.57889],[127.35793,37.5737],[127.36035,37.57098],[127.36284,37.57004],[127.36741,37.56914],[127.36944,37.57002],[127.37254,37.57226],[127.37402,37.57238],[127.37597,37.57133],[127.37878,37.57062],[127.39028,37.57038],[127.3936,37.56993],[127.39831,37.56857],[127.40307,37.56622],[127.40369,37.56469],[127.40391,37.56255],[127.40341,37.55358],[127.40582,37.553],[127.4088,37.55294],[127.41042,37.55358],[127.41105,37.55502],[127.41404,37.55731],[127.41613,37.55832],[127.42039,37.55969],[127.42376,37.55989],[127.43344,37.55668],[127.43526,37.55715],[127.43512,37.55406]]]}},{"type":"Feature","properties":{"adm_cd2":"4183034000","adm_nm":"경기도 양평군 옥천면","sggnm":"양평군"},"geometry":{"type":"Polygon","coordinates":[[[127.47104,37.59384],[127.46941,37.59106],[127.47077,37.58536],[127.47159,37.57989],[127.47473,37.57725],[127.4784,37.57686],[127.48174,37.57571],[127.48414,37.57526],[127.49012,37.57498],[127.4911,37.57378],[127.49735,37.57184],[127.49834,37.57184],[127.50436,37.57492],[127.51003,37.57647],[127.51296,37.57812],[127.51463,37.57961],[127.52012,37.58566],[127.52178,37.58641],[127.52411,37.58665],[127.53606,37.58584],[127.53788,37.58461],[127.54447,37.58507],[127.55095,37.58615],[127.55245,37.58608],[127.55469,37.58421],[127.5586,37.58382],[127.56178,37.58249],[127.56446,37.57984],[127.56508,37.57718],[127.56403,37.57391],[127.56312,37.57222],[127.56116,37.57087],[127.55897,37.56858],[127.55867,37.56718],[127.55079,37.56398],[127.54305,37.55919],[127.54172,37.55757],[127.54157,37.5562],[127.54064,37.55443],[127.53898,37.55298],[127.53505,37.55056],[127.53408,37.54939],[127.53332,37.54691],[127.52956,37.5433],[127.52794,37.54084],[127.52818,37.53752],[127.52785,37.53353],[127.51927,37.53251],[127.5156,37.53117],[127.51133,37.53069],[127.5085,37.52999],[127.50213,37.52519],[127.50231,37.52355],[127.50064,37.52216],[127.49803,37.52037],[127.49458,37.51892],[127.4897,37.52174],[127.48381,37.52136],[127.48192,37.51955],[127.48222,37.51714],[127.47615,37.51457],[127.47182,37.51197],[127.46998,37.51161],[127.46478,37.5122],[127.45694,37.50932],[127.45708,37.50558],[127.45605,37.50318],[127.44795,37.50688],[127.44039,37.50795],[127.43664,37.50807],[127.42677,37.5065],[127.42644,37.50905],[127.42675,37.51117],[127.42788,37.5127],[127.42847,37.5127],[127.43089,37.51452],[127.43076,37.5152],[127.42976,37.51656],[127.4337,37.52269],[127.43288,37.52362],[127.43228,37.52671],[127.43323,37.53399],[127.43523,37.53707],[127.43797,37.53999],[127.44369,37.54163],[127.44369,37.54764],[127.44332,37.54948],[127.43937,37.553],[127.43512,37.55406],[127.43526,37.55715],[127.43694,37.55882],[127.43978,37.56292],[127.44211,37.56408],[127.44514,37.56764],[127.44479,37.5692],[127.44325,37.57063],[127.44293,37.57438],[127.44311,37.57495],[127.44411,37.57513],[127.44672,37.57689],[127.45028,37.58458],[127.4495,37.58728],[127.44798,37.58838],[127.44692,37.59116],[127.45132,37.59191],[127.45532,37.59336],[127.45585,37.59594],[127.45544,37.59744],[127.4554,37.59997],[127.45895,37.59947],[127.46827,37.59558],[127.47091,37.59495],[127.47104,37.59384]]]}},{"type":"Feature","properties":{"adm_cd2":"4183035000","adm_nm":"경기도 양평군 서종면","sggnm":"양평군"},"geometry":{"type":"Polygon","coordinates":[[[127.46827,37.59558],[127.45895,37.59947],[127.4554,37.59997],[127.45544,37.59744],[127.45585,37.59594],[127.45532,37.59336],[127.45132,37.59191],[127.44692,37.59116],[127.44798,37.58838],[127.4495,37.58728],[127.45028,37.58458],[127.44672,37.57689],[127.44411,37.57513],[127.44311,37.57495],[127.44293,37.57438],[127.44325,37.57063],[127.44479,37.5692],[127.44514,37.56764],[127.44211,37.56408],[127.43978,37.56292],[127.43694,37.55882],[127.43526,37.55715],[127.43344,37.55668],[127.42376,37.55989],[127.42039,37.55969],[127.41613,37.55832],[127.41404,37.55731],[127.41105,37.55502],[127.41042,37.55358],[127.4088,37.55294],[127.40582,37.553],[127.40341,37.55358],[127.40391,37.56255],[127.40369,37.56469],[127.40307,37.56622],[127.39831,37.56857],[127.3936,37.56993],[127.39028,37.57038],[127.37878,37.57062],[127.37597,37.57133],[127.37402,37.57238],[127.37254,37.57226],[127.36944,37.57002],[127.36741,37.56914],[127.36284,37.57004],[127.36035,37.57098],[127.35793,37.5737],[127.35416,37.57889],[127.35069,37.57959],[127.34563,37.57991],[127.33992,37.57969],[127.33583,37.58074],[127.33919,37.58654],[127.34108,37.59052],[127.34208,37.59454],[127.34391,37.60515],[127.34617,37.61479],[127.3471,37.61778],[127.35216,37.62779],[127.35453,37.63019],[127.36408,37.63809],[127.36598,37.64005],[127.37113,37.64819],[127.37328,37.64767],[127.37478,37.64902],[127.37835,37.651],[127.38005,37.65142],[127.39943,37.65086],[127.40036,37.65336],[127.40124,37.65449],[127.40406,37.65706],[127.40813,37.65988],[127.4121,37.66019],[127.41644,37.66337],[127.41887,37.6633],[127.42217,37.66393],[127.42509,37.66563],[127.42707,37.66816],[127.42809,37.6703],[127.42815,37.67154],[127.42983,37.66941],[127.43506,37.66504],[127.43986,37.66181],[127.44138,37.6598],[127.43778,37.65723],[127.43477,37.65361],[127.43723,37.6514],[127.43808,37.64789],[127.44191,37.64679],[127.44392,37.64814],[127.44485,37.64777],[127.44863,37.64447],[127.44952,37.64338],[127.45147,37.6397],[127.45227,37.63889],[127.4541,37.63851],[127.45558,37.63691],[127.4566,37.63559],[127.45642,37.63394],[127.45827,37.62997],[127.46166,37.62664],[127.4626,37.62493],[127.46835,37.62467],[127.46988,37.62361],[127.47118,37.62113],[127.47185,37.61828],[127.47217,37.60928],[127.47351,37.60792],[127.47314,37.60022],[127.4726,37.59641],[127.47091,37.59495],[127.46827,37.59558]]]}},{"type":"Feature","properties":{"adm_cd2":"4183036000","adm_nm":"경기도 양평군 단월면","sggnm":"양평군"},"geometry":{"type":"Polygon","coordinates":[[[127.70025,37.59667],[127.70036,37.59573],[127.69843,37.59395],[127.69778,37.59223],[127.69794,37.59158],[127.69611,37.59117],[127.69489,37.59048],[127.69413,37.59004],[127.69342,37.58902],[127.69315,37.58739],[127.6936,37.58407],[127.69166,37.5792],[127.69096,37.57845],[127.68986,37.5784],[127.68849,37.57717],[127.68883,37.57153],[127.68959,37.57022],[127.69048,37.56997],[127.6917,37.56816],[127.69196,37.5658],[127.6929,37.56303],[127.69431,37.56049],[127.69299,37.55421],[127.69053,37.55444],[127.68904,37.55337],[127.68865,37.55216],[127.68824,37.54794],[127.68671,37.54599],[127.6861,37.54466],[127.68679,37.54293],[127.68607,37.54164],[127.68256,37.54229],[127.6802,37.54346],[127.67906,37.54298],[127.67916,37.54143],[127.68076,37.53847],[127.68154,37.53788],[127.68187,37.53571],[127.67894,37.53313],[127.67835,37.5309],[127.6789,37.52881],[127.68043,37.52746],[127.68138,37.52011],[127.68479,37.51935],[127.68776,37.51773],[127.69175,37.51615],[127.69007,37.50711],[127.68697,37.50469],[127.68469,37.50362],[127.68407,37.50281],[127.68388,37.49785],[127.68459,37.49642],[127.68075,37.49044],[127.68049,37.48948],[127.67943,37.48983],[127.67304,37.494],[127.67184,37.49594],[127.66959,37.49734],[127.65515,37.5001],[127.65221,37.50041],[127.65088,37.50168],[127.64852,37.50284],[127.6455,37.50289],[127.64511,37.50909],[127.64482,37.50969],[127.63774,37.51535],[127.63696,37.51557],[127.63531,37.51518],[127.63441,37.51625],[127.63391,37.51771],[127.63367,37.52073],[127.63335,37.52129],[127.63068,37.52282],[127.63085,37.52311],[127.63511,37.52541],[127.641,37.53024],[127.64478,37.53145],[127.64789,37.53443],[127.65313,37.53772],[127.65304,37.53832],[127.65223,37.539],[127.64672,37.54195],[127.64307,37.54279],[127.64115,37.54395],[127.64164,37.54523],[127.64057,37.5484],[127.63859,37.55135],[127.63584,37.5531],[127.63542,37.55383],[127.6341,37.55952],[127.63489,37.56063],[127.63492,37.56143],[127.6339,37.56313],[127.63181,37.5647],[127.63137,37.5679],[127.62901,37.57155],[127.62537,37.57232],[127.62078,37.57413],[127.61847,37.57359],[127.61626,37.5739],[127.61499,37.57453],[127.61401,37.57551],[127.61305,37.57749],[127.61058,37.5803],[127.60982,37.58057],[127.60343,37.58101],[127.60223,37.58065],[127.59619,37.57589],[127.59252,37.57487],[127.58784,37.5755],[127.58031,37.57501],[127.57228,37.57614],[127.56474,37.57611],[127.56508,37.57718],[127.56446,37.57984],[127.56178,37.58249],[127.56025,37.58308],[127.56152,37.58706],[127.56062,37.59054],[127.559,37.5923],[127.55908,37.59423],[127.56141,37.59767],[127.56244,37.60001],[127.5623,37.60435],[127.56615,37.60796],[127.56956,37.60831],[127.57032,37.61021],[127.57075,37.61367],[127.56984,37.61433],[127.56873,37.61456],[127.56759,37.61566],[127.56646,37.61878],[127.56517,37.62008],[127.56288,37.6209],[127.55981,37.62341],[127.55988,37.62736],[127.55898,37.62845],[127.56197,37.63063],[127.56457,37.63307],[127.56626,37.63298],[127.56827,37.63239],[127.57192,37.6322],[127.57507,37.6335],[127.57727,37.63303],[127.57951,37.63313],[127.58202,37.63413],[127.58347,37.63536],[127.58367,37.63596],[127.58322,37.63903],[127.58402,37.64054],[127.58568,37.64211],[127.59068,37.64317],[127.5986,37.64674],[127.60104,37.64877],[127.60196,37.65011],[127.60235,37.65134],[127.60722,37.65103],[127.60864,37.65015],[127.60935,37.64813],[127.61085,37.64694],[127.61294,37.64599],[127.61541,37.6473],[127.61613,37.64717],[127.61812,37.6457],[127.62015,37.64306],[127.6234,37.64138],[127.62522,37.64273],[127.62625,37.6429],[127.62756,37.64262],[127.63379,37.63799],[127.63855,37.63393],[127.63859,37.6333],[127.63937,37.63288],[127.64106,37.63262],[127.64478,37.63301],[127.64688,37.63292],[127.6471,37.63025],[127.64944,37.62473],[127.65049,37.62374],[127.65241,37.62267],[127.65392,37.62229],[127.65601,37.62242],[127.65762,37.62271],[127.66197,37.62441],[127.66368,37.62402],[127.66439,37.62332],[127.66463,37.62167],[127.66589,37.61943],[127.66756,37.61733],[127.68082,37.60903],[127.68331,37.60825],[127.68594,37.60673],[127.6872,37.60433],[127.69192,37.60171],[127.69616,37.60049],[127.70025,37.59667]]]}},{"type":"Feature","properties":{"adm_cd2":"4183037000","adm_nm":"경기도 양평군 청운면","sggnm":"양평군"},"geometry":{"type":"Polygon","coordinates":[[[127.84947,37.55071],[127.8491,37.54959],[127.84635,37.54779],[127.84613,37.54569],[127.84678,37.54489],[127.84668,37.54402],[127.8424,37.53902],[127.83238,37.53827],[127.82862,37.53639],[127.82493,37.53776],[127.82193,37.53802],[127.82045,37.53746],[127.8151,37.53653],[127.81278,37.53723],[127.8095,37.53674],[127.80638,37.53501],[127.80652,37.53134],[127.80507,37.53024],[127.79653,37.52851],[127.79624,37.52535],[127.79688,37.52398],[127.79675,37.52357],[127.79014,37.51906],[127.78849,37.51733],[127.78685,37.51465],[127.78399,37.51219],[127.78184,37.5131],[127.78114,37.513],[127.77969,37.51156],[127.77858,37.50959],[127.77394,37.50609],[127.76486,37.50272],[127.75936,37.50366],[127.75556,37.50326],[127.75125,37.5035],[127.74286,37.50674],[127.73882,37.50492],[127.73386,37.50366],[127.72747,37.50334],[127.72725,37.50355],[127.72779,37.5048],[127.72775,37.50595],[127.71994,37.51316],[127.71796,37.51254],[127.70993,37.51461],[127.70835,37.51743],[127.7023,37.51495],[127.70056,37.51307],[127.69991,37.51281],[127.69844,37.51305],[127.69267,37.51543],[127.69175,37.51615],[127.68776,37.51773],[127.68479,37.51935],[127.68138,37.52011],[127.68043,37.52746],[127.6789,37.52881],[127.67835,37.5309],[127.67894,37.53313],[127.68187,37.53571],[127.68154,37.53788],[127.68076,37.53847],[127.67916,37.54143],[127.67906,37.54298],[127.6802,37.54346],[127.68256,37.54229],[127.68607,37.54164],[127.68679,37.54293],[127.6861,37.54466],[127.68671,37.54599],[127.68824,37.54794],[127.68865,37.55216],[127.68904,37.55337],[127.69053,37.55444],[127.69299,37.55421],[127.69431,37.56049],[127.6929,37.56303],[127.69196,37.5658],[127.6917,37.56816],[127.69048,37.56997],[127.68959,37.57022],[127.68883,37.57153],[127.68849,37.57717],[127.68986,37.5784],[127.69096,37.57845],[127.69166,37.5792],[127.6936,37.58407],[127.69315,37.58739],[127.69342,37.58902],[127.69413,37.59004],[127.69736,37.59159],[127.69794,37.59158],[127.7008,37.58968],[127.70268,37.58904],[127.70625,37.58857],[127.70812,37.5864],[127.70886,37.5865],[127.71369,37.58884],[127.71598,37.58814],[127.72104,37.59068],[127.72311,37.59063],[127.73947,37.58716],[127.74565,37.58855],[127.74783,37.59036],[127.75349,37.59188],[127.76458,37.58581],[127.76622,37.58298],[127.76703,37.5826],[127.77386,37.5808],[127.77561,37.58005],[127.78291,37.57869],[127.78596,37.57855],[127.7884,37.57949],[127.79119,37.58265],[127.79275,37.58533],[127.79335,37.58541],[127.79641,37.58441],[127.80037,37.58213],[127.80426,37.57886],[127.80487,37.5752],[127.80648,37.57411],[127.80973,37.57337],[127.81033,37.57285],[127.81067,37.57224],[127.81007,37.57066],[127.81045,37.56867],[127.8129,37.56464],[127.81827,37.56299],[127.82348,37.56197],[127.82686,37.56075],[127.82874,37.56124],[127.83711,37.56046],[127.83995,37.5595],[127.84354,37.55595],[127.84614,37.55419],[127.84906,37.55353],[127.84944,37.55318],[127.84947,37.55071]]]}},{"type":"Feature","properties":{"adm_cd2":"4183038000","adm_nm":"경기도 양평군 양동면","sggnm":"양평군"},"geometry":{"type":"Polygon","coordinates":[[[127.76003,37.50271],[127.76007,37.49973],[127.75923,37.49656],[127.75974,37.49295],[127.76033,37.49234],[127.76434,37.49251],[127.76541,37.49309],[127.77448,37.49165],[127.77505,37.48984],[127.77627,37.48843],[127.77801,37.48793],[127.7806,37.48818],[127.78125,37.48644],[127.78139,37.48413],[127.78205,37.48165],[127.78793,37.47598],[127.79491,37.47272],[127.79968,37.47219],[127.80068,37.47002],[127.80056,37.46816],[127.79909,37.46558],[127.79767,37.46504],[127.79635,37.46361],[127.79656,37.45979],[127.7975,37.45635],[127.79955,37.45168],[127.79959,37.4462],[127.79893,37.44484],[127.79862,37.44238],[127.8018,37.43533],[127.80305,37.43432],[127.80395,37.42901],[127.80196,37.42718],[127.79889,37.42715],[127.79749,37.42664],[127.79461,37.42425],[127.79248,37.41824],[127.7918,37.41385],[127.79098,37.41249],[127.79011,37.41],[127.78942,37.40691],[127.7879,37.40541],[127.78766,37.40279],[127.78787,37.40133],[127.78744,37.4006],[127.7855,37.39934],[127.78369,37.39861],[127.78442,37.39577],[127.78421,37.3949],[127.78238,37.39208],[127.78314,37.39027],[127.78095,37.38679],[127.78037,37.38683],[127.77749,37.38438],[127.77659,37.38324],[127.77583,37.37981],[127.77585,37.37842],[127.77717,37.37672],[127.77782,37.37309],[127.7778,37.3712],[127.76989,37.36948],[127.76316,37.3699],[127.7617,37.36916],[127.75948,37.36704],[127.75447,37.36806],[127.75241,37.36923],[127.74578,37.3689],[127.73867,37.3714],[127.73205,37.37567],[127.72828,37.37479],[127.72754,37.37344],[127.72553,37.37186],[127.72391,37.37119],[127.72293,37.37158],[127.71828,37.37108],[127.71647,37.36998],[127.71102,37.37173],[127.70892,37.37097],[127.70797,37.37011],[127.70742,37.37009],[127.70131,37.37388],[127.70146,37.37615],[127.70294,37.38059],[127.70439,37.38222],[127.706,37.3832],[127.70371,37.38588],[127.70336,37.38803],[127.70401,37.39081],[127.7046,37.39255],[127.71436,37.39849],[127.7157,37.40164],[127.71359,37.4054],[127.71236,37.40616],[127.7104,37.40658],[127.70779,37.41067],[127.70994,37.41502],[127.71057,37.4154],[127.71139,37.41662],[127.71223,37.42035],[127.71206,37.4236],[127.70993,37.42591],[127.70542,37.42958],[127.70344,37.4308],[127.70205,37.4311],[127.69924,37.43465],[127.6985,37.43614],[127.70173,37.44001],[127.70469,37.44454],[127.70576,37.44642],[127.7064,37.44874],[127.70416,37.45561],[127.70246,37.4582],[127.70186,37.46009],[127.70204,37.46371],[127.70042,37.46592],[127.69573,37.46812],[127.69199,37.46776],[127.6902,37.46683],[127.68605,37.46689],[127.68263,37.46774],[127.68027,37.47001],[127.67928,37.47345],[127.67222,37.4786],[127.67189,37.48029],[127.67219,37.48217],[127.67279,37.48331],[127.67387,37.48422],[127.676,37.48471],[127.67819,37.48621],[127.68049,37.48948],[127.68075,37.49044],[127.68459,37.49642],[127.68388,37.49785],[127.68407,37.50281],[127.68469,37.50362],[127.68697,37.50469],[127.69007,37.50711],[127.69175,37.51615],[127.69267,37.51543],[127.69743,37.51346],[127.69991,37.51281],[127.70056,37.51307],[127.7023,37.51495],[127.70835,37.51743],[127.70993,37.51461],[127.71796,37.51254],[127.71994,37.51316],[127.72775,37.50595],[127.72779,37.5048],[127.72725,37.50355],[127.72747,37.50334],[127.73386,37.50366],[127.73882,37.50492],[127.74286,37.50674],[127.75125,37.5035],[127.75556,37.50326],[127.75936,37.50366],[127.76003,37.50271]]]}},{"type":"Feature","properties":{"adm_cd2":"4183039500","adm_nm":"경기도 양평군 지평면","sggnm":"양평군"},"geometry":{"type":"Polygon","coordinates":[[[127.64852,37.50284],[127.65088,37.50168],[127.65221,37.50041],[127.66052,37.49915],[127.6628,37.49849],[127.66951,37.49736],[127.67045,37.49694],[127.67184,37.49594],[127.67294,37.49408],[127.67943,37.48983],[127.68049,37.48948],[127.67785,37.48589],[127.676,37.48471],[127.67416,37.48438],[127.67279,37.48331],[127.67218,37.48214],[127.67189,37.48029],[127.67227,37.47853],[127.67928,37.47345],[127.68027,37.47001],[127.68105,37.46907],[127.6827,37.46771],[127.68605,37.46689],[127.69029,37.46684],[127.69199,37.46776],[127.69573,37.46812],[127.70042,37.46592],[127.70204,37.46371],[127.70186,37.46009],[127.70246,37.4582],[127.70416,37.45561],[127.7064,37.44874],[127.70576,37.44642],[127.70469,37.44454],[127.70173,37.44001],[127.6985,37.43614],[127.69924,37.43465],[127.70205,37.4311],[127.70344,37.4308],[127.70542,37.42958],[127.70993,37.42591],[127.71196,37.42379],[127.71226,37.42278],[127.71215,37.41977],[127.71139,37.41662],[127.71057,37.4154],[127.70994,37.41502],[127.70779,37.41067],[127.70548,37.40996],[127.70228,37.40808],[127.70008,37.40744],[127.6987,37.40741],[127.69749,37.40562],[127.69491,37.40341],[127.687,37.39953],[127.68625,37.39952],[127.68616,37.40166],[127.68747,37.41123],[127.68673,37.41199],[127.68515,37.41256],[127.67628,37.4128],[127.66844,37.41189],[127.66727,37.41245],[127.66523,37.41434],[127.66216,37.4155],[127.66018,37.41575],[127.65847,37.41749],[127.65413,37.41269],[127.65276,37.41031],[127.65307,37.40911],[127.65213,37.40764],[127.64702,37.40486],[127.64602,37.40462],[127.64293,37.40602],[127.64226,37.40664],[127.64224,37.40761],[127.64144,37.40857],[127.63527,37.41351],[127.62657,37.41331],[127.62423,37.41164],[127.62369,37.41074],[127.6223,37.40968],[127.62026,37.40901],[127.61918,37.41068],[127.61823,37.41316],[127.61694,37.41485],[127.61446,37.41475],[127.61114,37.41552],[127.60915,37.41673],[127.60898,37.41725],[127.60012,37.42063],[127.59429,37.42067],[127.59354,37.4198],[127.59123,37.42196],[127.58902,37.42499],[127.58732,37.42603],[127.58549,37.42878],[127.58451,37.43446],[127.58649,37.43757],[127.58749,37.44154],[127.58867,37.44385],[127.5883,37.4472],[127.58897,37.44838],[127.59474,37.45134],[127.60098,37.45212],[127.60504,37.45122],[127.60612,37.45138],[127.61098,37.45418],[127.61246,37.4555],[127.6149,37.45675],[127.6167,37.45667],[127.61856,37.45603],[127.62082,37.45621],[127.62217,37.45677],[127.62239,37.46075],[127.62181,37.46274],[127.62106,37.46403],[127.62025,37.46794],[127.61986,37.47668],[127.61721,37.48153],[127.6148,37.48322],[127.61339,37.48601],[127.6139,37.48778],[127.61398,37.48943],[127.61582,37.49034],[127.61765,37.49082],[127.61982,37.4908],[127.62082,37.49132],[127.62479,37.49527],[127.62571,37.4998],[127.62495,37.50163],[127.62885,37.50495],[127.63047,37.50569],[127.63276,37.50666],[127.63335,37.5065],[127.63921,37.50305],[127.64011,37.50206],[127.6455,37.50289],[127.64852,37.50284]]]}},{"type":"Feature","properties":{"adm_cd2":"4183040000","adm_nm":"경기도 양평군 용문면","sggnm":"양평군"},"geometry":{"type":"Polygon","coordinates":[[[127.64011,37.50206],[127.63921,37.50305],[127.63335,37.5065],[127.63276,37.50666],[127.63047,37.50569],[127.62885,37.50495],[127.62495,37.50163],[127.62571,37.4998],[127.62479,37.49527],[127.62082,37.49132],[127.61982,37.4908],[127.61765,37.49082],[127.61582,37.49034],[127.61398,37.48943],[127.6139,37.48778],[127.61339,37.48601],[127.6148,37.48322],[127.61721,37.48153],[127.61986,37.47668],[127.62025,37.46794],[127.62106,37.46403],[127.62181,37.46274],[127.62239,37.46075],[127.62217,37.45677],[127.62082,37.45621],[127.61856,37.45603],[127.6167,37.45667],[127.61467,37.45669],[127.61246,37.4555],[127.60909,37.45296],[127.60612,37.45138],[127.60504,37.45122],[127.60098,37.45212],[127.59474,37.45134],[127.58932,37.44864],[127.5883,37.4472],[127.5847,37.45061],[127.58099,37.45304],[127.57314,37.45594],[127.57152,37.45573],[127.56524,37.45734],[127.55769,37.4624],[127.55737,37.46722],[127.55775,37.47042],[127.55854,37.47371],[127.56044,37.47628],[127.56057,37.47746],[127.55991,37.47912],[127.55543,37.48043],[127.55448,37.48016],[127.55382,37.48055],[127.55326,37.48144],[127.55376,37.48817],[127.55444,37.4902],[127.55408,37.4921],[127.55271,37.49535],[127.55331,37.49656],[127.55435,37.49752],[127.55517,37.49779],[127.55561,37.49876],[127.54887,37.50545],[127.54669,37.50525],[127.54575,37.50473],[127.53685,37.50698],[127.53556,37.51098],[127.53593,37.51222],[127.53371,37.51616],[127.53129,37.51743],[127.52844,37.51789],[127.52789,37.52219],[127.52674,37.52592],[127.52799,37.53074],[127.52785,37.53353],[127.52818,37.53752],[127.52794,37.54084],[127.52956,37.5433],[127.53332,37.54691],[127.53408,37.54939],[127.53505,37.55056],[127.53898,37.55298],[127.54064,37.55443],[127.54157,37.5562],[127.54172,37.55757],[127.54305,37.55919],[127.55079,37.56398],[127.55867,37.56718],[127.55897,37.56858],[127.56116,37.57087],[127.56312,37.57222],[127.56474,37.57611],[127.57228,37.57614],[127.58031,37.57501],[127.58784,37.5755],[127.59252,37.57487],[127.59619,37.57589],[127.60223,37.58065],[127.60343,37.58101],[127.60982,37.58057],[127.61058,37.5803],[127.61305,37.57749],[127.61401,37.57551],[127.61499,37.57453],[127.61626,37.5739],[127.61847,37.57359],[127.62078,37.57413],[127.62537,37.57232],[127.62901,37.57155],[127.63137,37.5679],[127.63181,37.5647],[127.6339,37.56313],[127.63492,37.56143],[127.63489,37.56063],[127.6341,37.55952],[127.63542,37.55383],[127.63584,37.5531],[127.63859,37.55135],[127.64057,37.5484],[127.64164,37.54523],[127.64115,37.54395],[127.64307,37.54279],[127.64672,37.54195],[127.65304,37.53832],[127.65313,37.53772],[127.64789,37.53443],[127.64478,37.53145],[127.641,37.53024],[127.63511,37.52541],[127.632,37.52385],[127.63068,37.52282],[127.63335,37.52129],[127.63367,37.52073],[127.63391,37.51771],[127.63441,37.51625],[127.63531,37.51518],[127.63696,37.51557],[127.63774,37.51535],[127.64482,37.50969],[127.64511,37.50909],[127.6455,37.50289],[127.64011,37.50206]]]}},{"type":"Feature","properties":{"adm_cd2":"4183041000","adm_nm":"경기도 양평군 개군면","sggnm":"양평군"},"geometry":{"type":"Polygon","coordinates":[[[127.55769,37.4624],[127.56477,37.45753],[127.57064,37.45589],[127.57314,37.45594],[127.58099,37.45304],[127.5847,37.45061],[127.5883,37.4472],[127.58867,37.44385],[127.58749,37.44154],[127.58649,37.43757],[127.58452,37.43413],[127.58549,37.42878],[127.58732,37.42603],[127.58902,37.42499],[127.59056,37.42279],[127.59035,37.42212],[127.58748,37.41985],[127.58829,37.41861],[127.58851,37.41732],[127.58649,37.41463],[127.58556,37.41412],[127.58446,37.41399],[127.5832,37.41696],[127.58186,37.41687],[127.57175,37.41164],[127.57116,37.41291],[127.56629,37.41382],[127.56362,37.41504],[127.5625,37.41625],[127.56004,37.41753],[127.55613,37.41776],[127.55416,37.41728],[127.55117,37.41367],[127.55122,37.41228],[127.55075,37.4114],[127.54917,37.41025],[127.54737,37.40987],[127.54395,37.41002],[127.54241,37.41103],[127.54017,37.41166],[127.53696,37.41131],[127.5354,37.4171],[127.53444,37.41932],[127.52882,37.42863],[127.52674,37.43119],[127.52286,37.43474],[127.52102,37.43576],[127.51643,37.43765],[127.51037,37.43871],[127.50801,37.43981],[127.50178,37.44538],[127.50083,37.44705],[127.50063,37.44782],[127.50117,37.4491],[127.50546,37.45276],[127.50858,37.45438],[127.51018,37.45574],[127.51141,37.45796],[127.51279,37.45909],[127.51793,37.46245],[127.51986,37.46289],[127.52118,37.46273],[127.52435,37.46407],[127.52828,37.4668],[127.5323,37.47118],[127.53716,37.46976],[127.54278,37.46722],[127.5487,37.46373],[127.55032,37.46235],[127.55154,37.46195],[127.554,37.46202],[127.55748,37.46296],[127.55769,37.4624]]]}},{"type":"Feature","properties":{"adm_cd2":"4145056000","adm_nm":"경기도 하남시 덕풍3동","sggnm":"하남시"},"geometry":{"type":"Polygon","coordinates":[[[127.21036,37.55236],[127.21283,37.55119],[127.21273,37.54901],[127.20686,37.54272],[127.20637,37.54067],[127.20444,37.53958],[127.20404,37.53821],[127.20238,37.5389],[127.2015,37.54],[127.20389,37.54306],[127.2005,37.54621],[127.19847,37.54711],[127.19856,37.549],[127.19774,37.54896],[127.19853,37.55171],[127.19869,37.55205],[127.19911,37.552],[127.19919,37.55278],[127.19831,37.55321],[127.19694,37.5515],[127.19648,37.55191],[127.19357,37.55231],[127.19285,37.55349],[127.19774,37.55558],[127.20568,37.56186],[127.21318,37.55366],[127.21036,37.55236]]]}},{"type":"Feature","properties":{"adm_cd2":"4145058500","adm_nm":"경기도 하남시 위례동","sggnm":"하남시"},"geometry":{"type":"Polygon","coordinates":[[[127.17603,37.48288],[127.17559,37.47815],[127.17584,37.47677],[127.17783,37.4749],[127.18087,37.4738],[127.18105,37.47329],[127.18004,37.47376],[127.17773,37.47341],[127.17596,37.4722],[127.1733,37.47143],[127.17074,37.46995],[127.16462,37.4691],[127.16225,37.47042],[127.1628,37.47126],[127.15436,37.47173],[127.15445,37.47369],[127.14345,37.4741],[127.14424,37.47732],[127.1474,37.47722],[127.14772,37.48175],[127.14874,37.48399],[127.14984,37.48527],[127.15196,37.48658],[127.15225,37.48625],[127.15764,37.48914],[127.1573,37.48963],[127.15768,37.49017],[127.16124,37.48802],[127.16491,37.48656],[127.16604,37.48654],[127.16508,37.48619],[127.16532,37.4859],[127.16631,37.48595],[127.16705,37.48558],[127.1685,37.4859],[127.17289,37.48519],[127.17579,37.48528],[127.17603,37.48288]]]}},{"type":"Feature","properties":{"adm_cd2":"4113162500","adm_nm":"경기도 성남시수정구 위례동","sggnm":"성남시수정구"},"geometry":{"type":"Polygon","coordinates":[[[127.15966,37.46549],[127.16084,37.46432],[127.15304,37.46339],[127.15105,37.46201],[127.15042,37.45965],[127.15067,37.45811],[127.15048,37.4568],[127.14951,37.45682],[127.14815,37.45885],[127.14719,37.4595],[127.13825,37.46439],[127.13056,37.46763],[127.13268,37.46823],[127.13187,37.46973],[127.13229,37.47028],[127.13259,37.47485],[127.13715,37.47434],[127.15445,37.47369],[127.15436,37.47173],[127.1628,37.47126],[127.16225,37.47042],[127.16462,37.4691],[127.15966,37.46549]]]}},{"type":"Feature","properties":{"adm_cd2":"4111367000","adm_nm":"경기도 수원시권선구 권선1동","sggnm":"수원시권선구"},"geometry":{"type":"Polygon","coordinates":[[[127.03135,37.26154],[127.03159,37.26106],[127.03046,37.2582],[127.03667,37.25652],[127.03947,37.25417],[127.03695,37.25239],[127.01704,37.25743],[127.02068,37.2645],[127.03135,37.26154]]]}},{"type":"Feature","properties":{"adm_cd2":"4161037000","adm_nm":"경기도 광주시 남한산성면","sggnm":"광주시"},"geometry":{"type":"Polygon","coordinates":[[[127.17927,37.48469],[127.18319,37.48357],[127.18547,37.48102],[127.18842,37.48027],[127.19238,37.48072],[127.19804,37.47959],[127.20133,37.48044],[127.20219,37.48091],[127.20259,37.48171],[127.20415,37.48064],[127.20684,37.48031],[127.21573,37.4823],[127.22615,37.47973],[127.23746,37.47493],[127.23826,37.47491],[127.24045,37.4756],[127.241,37.47648],[127.24174,37.47686],[127.24622,37.47782],[127.24704,37.48059],[127.24826,37.48193],[127.25226,37.48358],[127.2538,37.48461],[127.25572,37.48187],[127.25722,37.47817],[127.25703,37.47693],[127.25733,37.47597],[127.25882,37.47435],[127.26075,37.47018],[127.26141,37.46651],[127.26058,37.46537],[127.26007,37.4614],[127.26162,37.45935],[127.26369,37.45916],[127.2691,37.45586],[127.27003,37.45591],[127.27362,37.46016],[127.27781,37.45991],[127.2814,37.45819],[127.28306,37.456],[127.28314,37.45194],[127.2854,37.44847],[127.28668,37.44707],[127.2913,37.44523],[127.29189,37.44377],[127.29678,37.44413],[127.30282,37.44381],[127.29932,37.44233],[127.29806,37.44063],[127.29775,37.43924],[127.29814,37.43855],[127.29792,37.43773],[127.29578,37.43549],[127.29414,37.43444],[127.29189,37.43438],[127.2868,37.43344],[127.28575,37.43307],[127.28469,37.43207],[127.28115,37.43102],[127.27951,37.43151],[127.27651,37.43105],[127.27285,37.42858],[127.27186,37.42938],[127.26997,37.43202],[127.26947,37.43471],[127.26265,37.43751],[127.25816,37.4375],[127.25414,37.43703],[127.25354,37.43708],[127.25221,37.43807],[127.25134,37.43929],[127.25121,37.44113],[127.24968,37.44356],[127.24809,37.44473],[127.24752,37.45031],[127.24648,37.4521],[127.24564,37.45277],[127.24653,37.45583],[127.24738,37.45731],[127.24553,37.45749],[127.24077,37.45609],[127.23811,37.45291],[127.23741,37.4481],[127.23684,37.44632],[127.23363,37.44467],[127.23023,37.44415],[127.22872,37.44473],[127.22556,37.44468],[127.22309,37.44436],[127.22218,37.44368],[127.21886,37.44348],[127.21033,37.44577],[127.20198,37.44587],[127.1973,37.44497],[127.19572,37.44506],[127.19359,37.45258],[127.19237,37.45534],[127.19099,37.45735],[127.18961,37.45816],[127.18338,37.45909],[127.18216,37.45973],[127.1816,37.46047],[127.18203,37.46789],[127.18144,37.47096],[127.18097,37.47179],[127.18105,37.47329],[127.18087,37.4738],[127.17783,37.4749],[127.17584,37.47677],[127.17559,37.47815],[127.17603,37.48288],[127.17579,37.48528],[127.17748,37.48555],[127.17873,37.48519],[127.17927,37.48469]]]}},{"type":"Feature","properties":{"adm_cd2":"4111758500","adm_nm":"경기도 수원시영통구 영통3동","sggnm":"수원시영통구"},"geometry":{"type":"Polygon","coordinates":[[[127.07271,37.25758],[127.08006,37.25319],[127.08077,37.25462],[127.08244,37.25445],[127.08182,37.25268],[127.08258,37.25161],[127.08193,37.25086],[127.08249,37.25009],[127.08127,37.2485],[127.08004,37.24754],[127.07549,37.24742],[127.07098,37.24656],[127.06962,37.24619],[127.06828,37.24489],[127.06687,37.24416],[127.06442,37.24375],[127.06517,37.24504],[127.06804,37.24803],[127.06088,37.25218],[127.06475,37.25618],[127.063,37.25727],[127.06523,37.25831],[127.06579,37.25711],[127.07004,37.25715],[127.07271,37.25758]]]}},{"type":"Feature","properties":{"adm_cd2":"4159151000","adm_nm":"경기도 화성시만세구 새솔동","sggnm":"화성시만세구"},"geometry":{"type":"Polygon","coordinates":[[[126.81173,37.2934],[126.81464,37.29281],[126.81932,37.29053],[126.82349,37.28644],[126.8252,37.28309],[126.82556,37.28106],[126.82683,37.27853],[126.82806,37.27708],[126.82902,37.27673],[126.83217,37.27706],[126.83561,37.27657],[126.83726,37.27493],[126.83713,37.27342],[126.83753,37.27219],[126.83948,37.26955],[126.84143,37.26765],[126.8429,37.26727],[126.84523,37.2659],[126.84546,37.26492],[126.84607,37.26418],[126.84656,37.26407],[126.8452,37.26086],[126.84577,37.25975],[126.84494,37.25984],[126.84457,37.26088],[126.84485,37.2616],[126.84423,37.26287],[126.84503,37.26349],[126.84125,37.26632],[126.83741,37.27069],[126.83548,37.27096],[126.83118,37.27367],[126.82894,37.27067],[126.82708,37.27068],[126.82556,37.27143],[126.82325,37.27389],[126.82114,37.2747],[126.82003,37.27591],[126.81707,37.27714],[126.81701,37.27747],[126.81601,37.27791],[126.81485,37.27777],[126.81376,37.27861],[126.81178,37.27905],[126.80982,37.28058],[126.81012,37.28147],[126.81076,37.28194],[126.81099,37.28327],[126.81197,37.28316],[126.81196,37.28402],[126.81366,37.28461],[126.81385,37.28504],[126.81272,37.28609],[126.81061,37.28678],[126.80954,37.28611],[126.80808,37.28587],[126.80687,37.28484],[126.80487,37.28448],[126.80449,37.28366],[126.80464,37.29318],[126.81173,37.2934]]]}},{"type":"Feature","properties":{"adm_cd2":"4159755000","adm_nm":"경기도 화성시동탄구 동탄5동","sggnm":"화성시동탄구"},"geometry":{"type":"Polygon","coordinates":[[[127.09558,37.21829],[127.10465,37.21986],[127.11518,37.21915],[127.11738,37.21996],[127.12672,37.21751],[127.12966,37.21746],[127.13618,37.21564],[127.13676,37.21568],[127.14002,37.2175],[127.1443,37.21864],[127.14956,37.21896],[127.1516,37.21854],[127.15144,37.2158],[127.15172,37.21414],[127.15541,37.20957],[127.15696,37.20852],[127.15777,37.20717],[127.15589,37.20595],[127.15537,37.20346],[127.15431,37.20212],[127.15339,37.20191],[127.1523,37.19998],[127.15196,37.19911],[127.15229,37.19833],[127.15039,37.19821],[127.14877,37.19711],[127.14577,37.19658],[127.14471,37.19685],[127.14411,37.1963],[127.13902,37.19625],[127.13792,37.19537],[127.13588,37.19537],[127.13389,37.1965],[127.13147,37.19566],[127.13152,37.19805],[127.13108,37.19816],[127.13043,37.20128],[127.12087,37.20188],[127.12116,37.20274],[127.1162,37.20371],[127.10981,37.20332],[127.10348,37.20438],[127.09892,37.20475],[127.08627,37.20473],[127.08646,37.20666],[127.08458,37.20973],[127.08632,37.21232],[127.08759,37.21347],[127.08874,37.21646],[127.09558,37.21829]]]}},{"type":"Feature","properties":{"adm_cd2":"4159754000","adm_nm":"경기도 화성시동탄구 동탄4동","sggnm":"화성시동탄구"},"geometry":{"type":"Polygon","coordinates":[[[127.10348,37.20438],[127.10981,37.20332],[127.1162,37.20371],[127.12116,37.20274],[127.12087,37.20188],[127.13043,37.20128],[127.13108,37.19816],[127.13152,37.19805],[127.13147,37.19566],[127.13004,37.19606],[127.12707,37.1957],[127.12638,37.19615],[127.12513,37.19599],[127.12455,37.19515],[127.1228,37.19512],[127.11961,37.19348],[127.12069,37.1923],[127.12071,37.19157],[127.12144,37.19118],[127.11929,37.18967],[127.11661,37.18906],[127.11604,37.18944],[127.11549,37.18877],[127.11581,37.18637],[127.11405,37.18558],[127.11317,37.18396],[127.10843,37.18434],[127.10482,37.18534],[127.10274,37.18661],[127.1033,37.18846],[127.10425,37.18938],[127.10401,37.19016],[127.10324,37.18961],[127.10007,37.18956],[127.09875,37.1909],[127.09892,37.20475],[127.10348,37.20438]]]}},{"type":"Feature","properties":{"adm_cd2":"4139059700","adm_nm":"경기도 시흥시 배곧2동","sggnm":"시흥시"},"geometry":{"type":"Polygon","coordinates":[[[126.72323,37.36797],[126.72703,37.37222],[126.7342,37.36807],[126.72177,37.36097],[126.7214,37.3612],[126.71426,37.35714],[126.71178,37.35884],[126.70825,37.35627],[126.70637,37.35299],[126.7032,37.35127],[126.70019,37.35395],[126.70045,37.35466],[126.71648,37.3719],[126.72323,37.36797]]]}},{"type":"Feature","properties":{"adm_cd2":"4111759600","adm_nm":"경기도 수원시영통구 망포2동","sggnm":"수원시영통구"},"geometry":{"type":"Polygon","coordinates":[[[127.05688,37.24566],[127.05552,37.24366],[127.05529,37.24264],[127.05601,37.23922],[127.05192,37.23911],[127.05194,37.23452],[127.05166,37.23431],[127.0495,37.23409],[127.04595,37.23279],[127.04499,37.23317],[127.04498,37.23379],[127.0445,37.23426],[127.04164,37.2352],[127.03913,37.23719],[127.04197,37.2451],[127.05011,37.24565],[127.05688,37.24566]]]}},{"type":"Feature","properties":{"adm_cd2":"4159757000","adm_nm":"경기도 화성시동탄구 동탄7동","sggnm":"화성시동탄구"},"geometry":{"type":"Polygon","coordinates":[[[127.11371,37.17938],[127.11655,37.17981],[127.12196,37.17922],[127.1243,37.17974],[127.12611,37.17942],[127.12481,37.17596],[127.12418,37.1733],[127.12378,37.16876],[127.12435,37.16813],[127.12537,37.16868],[127.1265,37.16989],[127.12653,37.17092],[127.12763,37.17077],[127.12783,37.16905],[127.13255,37.16818],[127.13308,37.16672],[127.13379,37.16612],[127.13383,37.16487],[127.13121,37.16287],[127.12915,37.16203],[127.1272,37.16216],[127.12415,37.16301],[127.12288,37.16288],[127.12281,37.16254],[127.12185,37.16261],[127.11677,37.16401],[127.11544,37.16405],[127.11452,37.16597],[127.11222,37.16564],[127.10351,37.16567],[127.10004,37.16482],[127.09102,37.16478],[127.09569,37.17492],[127.09769,37.17654],[127.09815,37.17744],[127.10347,37.17781],[127.1082,37.17884],[127.11151,37.18002],[127.11371,37.17938]]]}},{"type":"Feature","properties":{"adm_cd2":"4157057500","adm_nm":"경기도 김포시 마산동","sggnm":"김포시"},"geometry":{"type":"Polygon","coordinates":[[[126.64112,37.64982],[126.64245,37.64735],[126.64407,37.64606],[126.64792,37.64483],[126.65052,37.64509],[126.65149,37.64403],[126.65182,37.64221],[126.65253,37.64107],[126.655,37.63993],[126.65501,37.63959],[126.6565,37.63945],[126.6563,37.6383],[126.65532,37.63778],[126.65341,37.63833],[126.6531,37.63923],[126.65246,37.63958],[126.65158,37.63877],[126.65131,37.6377],[126.65169,37.63517],[126.64758,37.62874],[126.64492,37.6286],[126.64163,37.6317],[126.63658,37.63382],[126.62771,37.63544],[126.6272,37.63684],[126.63129,37.6376],[126.62945,37.64313],[126.62964,37.64353],[126.62998,37.64393],[126.63391,37.64467],[126.63346,37.64632],[126.63356,37.6477],[126.64112,37.64982]]]}},{"type":"Feature","properties":{"adm_cd2":"4122063500","adm_nm":"경기도 평택시 용이동","sggnm":"평택시"},"geometry":{"type":"Polygon","coordinates":[[[127.13462,36.9929],[127.13059,36.99327],[127.12701,37.00132],[127.13163,37.00355],[127.13384,37.00382],[127.1353,37.00572],[127.13634,37.0065],[127.14078,37.00868],[127.14197,37.00915],[127.14498,37.00929],[127.14617,37.01049],[127.14885,37.00817],[127.15108,37.00251],[127.15226,37.00258],[127.15392,36.99776],[127.14906,36.99783],[127.14478,36.99722],[127.14174,36.99514],[127.13462,36.9929]]]}},{"type":"Feature","properties":{"adm_cd2":"4159758000","adm_nm":"경기도 화성시동탄구 동탄8동","sggnm":"화성시동탄구"},"geometry":{"type":"Polygon","coordinates":[[[127.09102,37.16478],[127.10004,37.16482],[127.10351,37.16567],[127.11222,37.16564],[127.11452,37.16597],[127.11544,37.16405],[127.11677,37.16401],[127.12185,37.16261],[127.12281,37.16254],[127.12288,37.16288],[127.12415,37.16301],[127.1272,37.16216],[127.12915,37.16203],[127.128,37.16084],[127.12788,37.15982],[127.12883,37.15848],[127.13059,37.15179],[127.12944,37.14865],[127.12708,37.14565],[127.12478,37.14536],[127.1227,37.14451],[127.11895,37.14378],[127.11413,37.14462],[127.11088,37.14381],[127.10923,37.14269],[127.10401,37.14195],[127.10365,37.14357],[127.10095,37.14609],[127.09931,37.15021],[127.09921,37.15116],[127.09776,37.1517],[127.09763,37.15204],[127.0982,37.15288],[127.09873,37.15308],[127.09872,37.15403],[127.09823,37.1544],[127.09799,37.15585],[127.09571,37.15741],[127.09518,37.15851],[127.09386,37.15945],[127.09162,37.15947],[127.08895,37.16052],[127.09102,37.16478]]]}},{"type":"Feature","properties":{"adm_cd2":"4115057800","adm_nm":"경기도 의정부시 송산3동","sggnm":"의정부시"},"geometry":{"type":"Polygon","coordinates":[[[127.10155,37.74306],[127.10043,37.74176],[127.09182,37.7461],[127.08632,37.7454],[127.08456,37.74583],[127.08371,37.74757],[127.0831,37.75037],[127.08339,37.75073],[127.08504,37.75097],[127.08529,37.75224],[127.08752,37.75423],[127.08988,37.75315],[127.09518,37.75394],[127.1034,37.75723],[127.105,37.75868],[127.10443,37.76032],[127.10451,37.76235],[127.10848,37.76542],[127.11053,37.76802],[127.11264,37.76907],[127.11383,37.76839],[127.11506,37.76533],[127.11631,37.76518],[127.11848,37.76568],[127.12215,37.76541],[127.12543,37.7633],[127.12701,37.76365],[127.13343,37.76229],[127.13966,37.76407],[127.14318,37.75884],[127.14671,37.75484],[127.14204,37.74992],[127.14248,37.74777],[127.13826,37.74731],[127.13704,37.74811],[127.13622,37.74931],[127.13468,37.74928],[127.12848,37.74783],[127.12823,37.74715],[127.12424,37.7471],[127.11531,37.74604],[127.10534,37.7408],[127.10155,37.74306]]]}},{"type":"Feature","properties":{"adm_cd2":"4146351600","adm_nm":"경기도 용인시기흥구 영덕1동","sggnm":"용인시기흥구"},"geometry":{"type":"Polygon","coordinates":[[[127.09933,37.26973],[127.0899,37.27138],[127.08718,37.27124],[127.07905,37.26731],[127.07751,37.26698],[127.07761,37.2657],[127.07599,37.26573],[127.07763,37.26353],[127.07759,37.26244],[127.0769,37.26139],[127.0759,37.26151],[127.07521,37.26235],[127.07489,37.26451],[127.0736,37.26611],[127.06995,37.26673],[127.06848,37.26868],[127.06504,37.27025],[127.06466,37.27111],[127.06693,37.27394],[127.06793,37.27447],[127.06806,37.27561],[127.06928,37.2773],[127.06954,37.27874],[127.07541,37.28224],[127.08168,37.28463],[127.08413,37.28632],[127.08652,37.28608],[127.08863,37.28687],[127.09355,37.28644],[127.09595,37.28404],[127.09598,37.28328],[127.09498,37.28284],[127.09473,37.28356],[127.09346,37.28413],[127.09137,37.28445],[127.08778,37.28304],[127.09081,37.27834],[127.0938,37.27697],[127.09572,37.2741],[127.09912,37.2725],[127.09981,37.27007],[127.09933,37.26973]]]}},{"type":"Feature","properties":{"adm_cd2":"4146353000","adm_nm":"경기도 용인시기흥구 상갈동","sggnm":"용인시기흥구"},"geometry":{"type":"Polygon","coordinates":[[[127.12538,37.26464],[127.12346,37.26367],[127.12165,37.26418],[127.11906,37.26427],[127.11775,37.26346],[127.11779,37.26263],[127.11513,37.26084],[127.11416,37.26129],[127.11322,37.26062],[127.11208,37.26111],[127.10684,37.261],[127.1057,37.26082],[127.10553,37.26042],[127.10436,37.25996],[127.10416,37.26119],[127.10332,37.26128],[127.10197,37.26098],[127.09982,37.25886],[127.09823,37.26003],[127.1004,37.26481],[127.10153,37.26836],[127.10376,37.26954],[127.11087,37.27109],[127.11297,37.27187],[127.11357,37.27149],[127.1166,37.27157],[127.11723,37.27124],[127.11689,37.2702],[127.11736,37.26947],[127.12676,37.26603],[127.12538,37.26464]]]}},{"type":"Feature","properties":{"adm_cd2":"4146357500","adm_nm":"경기도 용인시기흥구 동백2동","sggnm":"용인시기흥구"},"geometry":{"type":"Polygon","coordinates":[[[127.15327,37.27863],[127.15471,37.27759],[127.1575,37.28037],[127.15951,37.27916],[127.16012,37.2794],[127.16082,37.27889],[127.16115,37.27795],[127.16253,37.2772],[127.1632,37.27639],[127.16491,37.27572],[127.16921,37.27526],[127.17166,37.27558],[127.1737,37.27413],[127.17215,37.26974],[127.17415,37.26015],[127.17512,37.25834],[127.1732,37.25745],[127.16994,37.25498],[127.16605,37.25423],[127.16273,37.25463],[127.15954,37.25411],[127.15913,37.25343],[127.15707,37.2537],[127.15636,37.25695],[127.15155,37.26146],[127.14865,37.26466],[127.15059,37.26603],[127.1521,37.26809],[127.14979,37.27156],[127.14829,37.2748],[127.14809,37.27596],[127.15189,37.27909],[127.15327,37.27863]]]}},{"type":"Feature","properties":{"adm_cd2":"4146357200","adm_nm":"경기도 용인시기흥구 동백1동","sggnm":"용인시기흥구"},"geometry":{"type":"Polygon","coordinates":[[[127.17166,37.27558],[127.16921,37.27526],[127.16491,37.27572],[127.1632,37.27639],[127.16253,37.2772],[127.16115,37.27795],[127.16082,37.27889],[127.16012,37.2794],[127.15951,37.27916],[127.1575,37.28037],[127.15471,37.27759],[127.15327,37.27863],[127.15189,37.27909],[127.15226,37.27984],[127.1521,37.28081],[127.14961,37.29032],[127.15033,37.29077],[127.15177,37.29077],[127.15288,37.29118],[127.1547,37.29111],[127.15655,37.29199],[127.16097,37.2924],[127.16339,37.29502],[127.16694,37.30071],[127.16724,37.30169],[127.17015,37.2997],[127.17159,37.29636],[127.17179,37.29397],[127.17059,37.29285],[127.17046,37.29194],[127.17177,37.29076],[127.17442,37.28956],[127.1771,37.28498],[127.1769,37.28195],[127.1737,37.27413],[127.17166,37.27558]]]}},{"type":"Feature","properties":{"adm_cd2":"4145058200","adm_nm":"경기도 하남시 감일동","sggnm":"하남시"},"geometry":{"type":"Polygon","coordinates":[[[127.14466,37.51555],[127.14864,37.515],[127.15188,37.51539],[127.15187,37.51348],[127.15242,37.513],[127.1652,37.5147],[127.16815,37.51256],[127.17017,37.51017],[127.17413,37.50714],[127.17741,37.5039],[127.17694,37.50189],[127.17522,37.49978],[127.17554,37.49787],[127.17629,37.49683],[127.17603,37.49479],[127.17641,37.4901],[127.17908,37.48648],[127.17873,37.48519],[127.17748,37.48555],[127.17289,37.48519],[127.1685,37.4859],[127.16705,37.48558],[127.16631,37.48595],[127.16532,37.4859],[127.16508,37.48619],[127.16604,37.48654],[127.16491,37.48656],[127.16124,37.48802],[127.15768,37.49017],[127.15842,37.4907],[127.15998,37.49422],[127.1601,37.49716],[127.16138,37.49961],[127.16138,37.50025],[127.16055,37.50115],[127.15762,37.50309],[127.15647,37.5019],[127.1519,37.50315],[127.15012,37.50451],[127.14769,37.50327],[127.1456,37.50343],[127.14437,37.50439],[127.14114,37.50545],[127.14093,37.5057],[127.14128,37.50694],[127.13997,37.50859],[127.14025,37.50983],[127.14113,37.51232],[127.14206,37.51279],[127.14352,37.51269],[127.14329,37.51398],[127.14113,37.51564],[127.14466,37.51555]]]}},{"type":"Feature","properties":{"adm_cd2":"4161054000","adm_nm":"경기도 광주시 쌍령동","sggnm":"광주시"},"geometry":{"type":"Polygon","coordinates":[[[127.26356,37.40673],[127.26233,37.40832],[127.26213,37.41101],[127.26425,37.41189],[127.26585,37.41386],[127.27498,37.41642],[127.27404,37.41125],[127.27454,37.40981],[127.27542,37.4095],[127.27959,37.40521],[127.28017,37.40434],[127.28021,37.40299],[127.28139,37.40144],[127.28444,37.39862],[127.27845,37.39636],[127.27827,37.39564],[127.27611,37.39369],[127.27055,37.39176],[127.26892,37.3899],[127.26693,37.38895],[127.26407,37.39085],[127.26428,37.39796],[127.26391,37.40218],[127.26237,37.40245],[127.26356,37.40673]]]}},{"type":"Feature","properties":{"adm_cd2":"4161052000","adm_nm":"경기도 광주시 송정동","sggnm":"광주시"},"geometry":{"type":"Polygon","coordinates":[[[127.25302,37.41738],[127.25466,37.41727],[127.25506,37.41794],[127.25489,37.41836],[127.25513,37.41896],[127.25213,37.41971],[127.25128,37.42094],[127.25008,37.4219],[127.24847,37.42496],[127.24836,37.42691],[127.24975,37.42927],[127.25055,37.43002],[127.2509,37.43098],[127.25059,37.43333],[127.25079,37.43469],[127.25354,37.43708],[127.25992,37.4376],[127.26265,37.43751],[127.26947,37.43471],[127.26997,37.43202],[127.27186,37.42938],[127.27285,37.42858],[127.27131,37.42634],[127.27154,37.42596],[127.27898,37.42308],[127.28133,37.4212],[127.28154,37.42055],[127.28157,37.4199],[127.28027,37.41971],[127.27762,37.4186],[127.27596,37.41751],[127.27498,37.41642],[127.2724,37.41551],[127.263,37.41331],[127.25699,37.41378],[127.2569,37.4144],[127.25174,37.41652],[127.25302,37.41738]]]}},{"type":"Feature","properties":{"adm_cd2":"4161056000","adm_nm":"경기도 광주시 광남1동","sggnm":"광주시"},"geometry":{"type":"Polygon","coordinates":[[[127.2378,37.38359],[127.23727,37.38474],[127.23742,37.38566],[127.23928,37.38709],[127.23933,37.38773],[127.24005,37.38849],[127.2396,37.38907],[127.23753,37.38815],[127.23122,37.38891],[127.22961,37.3899],[127.22819,37.39036],[127.22621,37.39191],[127.22374,37.39246],[127.22015,37.39056],[127.21794,37.38802],[127.22226,37.3862],[127.21877,37.37972],[127.21928,37.37814],[127.2161,37.37881],[127.21224,37.37783],[127.20828,37.37799],[127.2053,37.37541],[127.20133,37.37332],[127.1977,37.37323],[127.19565,37.37257],[127.19256,37.37082],[127.18785,37.3699],[127.18532,37.37164],[127.18493,37.37404],[127.18264,37.37687],[127.18007,37.37793],[127.17841,37.37812],[127.17878,37.38184],[127.17809,37.38345],[127.17665,37.38508],[127.17715,37.38679],[127.16839,37.39249],[127.16836,37.39491],[127.17083,37.39791],[127.17162,37.40101],[127.17426,37.40543],[127.17501,37.40585],[127.17715,37.40902],[127.17786,37.41265],[127.17778,37.41351],[127.17696,37.41465],[127.179,37.41582],[127.18026,37.4159],[127.1829,37.4149],[127.18489,37.41534],[127.18543,37.4163],[127.18573,37.41868],[127.19137,37.42206],[127.19383,37.42408],[127.19464,37.42539],[127.19998,37.42473],[127.20862,37.42455],[127.21427,37.42347],[127.21829,37.42211],[127.22091,37.42072],[127.22049,37.42007],[127.21814,37.41925],[127.22245,37.41167],[127.22586,37.41067],[127.23394,37.40907],[127.23758,37.40889],[127.2386,37.40819],[127.23871,37.40762],[127.24427,37.40764],[127.24478,37.4074],[127.24582,37.40439],[127.24224,37.40405],[127.24143,37.40293],[127.24125,37.40153],[127.24859,37.39545],[127.24921,37.39395],[127.25201,37.39231],[127.24755,37.38898],[127.24603,37.38612],[127.24333,37.38331],[127.23798,37.38151],[127.2378,37.38359]]]}},{"type":"Feature","properties":{"adm_cd2":"4141061000","adm_nm":"경기도 군포시 대야동","sggnm":"군포시"},"geometry":{"type":"Polygon","coordinates":[[[126.92166,37.33019],[126.91757,37.32407],[126.91545,37.31961],[126.91417,37.31594],[126.91257,37.31557],[126.91044,37.31677],[126.91028,37.31735],[126.91093,37.31777],[126.9077,37.32188],[126.90556,37.32165],[126.89503,37.31917],[126.89389,37.3198],[126.89153,37.31978],[126.88774,37.31791],[126.88316,37.32086],[126.88163,37.32084],[126.87812,37.31946],[126.87421,37.32086],[126.87465,37.32209],[126.87336,37.32307],[126.87275,37.32621],[126.87398,37.32995],[126.87672,37.33265],[126.87923,37.33276],[126.88071,37.33347],[126.88536,37.3382],[126.88683,37.34032],[126.88767,37.34359],[126.88731,37.34675],[126.88867,37.34944],[126.89192,37.3514],[126.89375,37.35365],[126.894,37.35562],[126.89724,37.35807],[126.90119,37.35683],[126.90408,37.35699],[126.90554,37.35875],[126.91006,37.3522],[126.90917,37.34589],[126.90933,37.34541],[126.91543,37.34144],[126.92288,37.34059],[126.92438,37.34115],[126.92707,37.34041],[126.92769,37.33708],[126.92737,37.33641],[126.92685,37.33629],[126.92398,37.33307],[126.92412,37.33194],[126.92166,37.33019]]]}},{"type":"Feature","properties":{"adm_cd2":"4141052000","adm_nm":"경기도 군포시 군포2동","sggnm":"군포시"},"geometry":{"type":"Polygon","coordinates":[[[126.94438,37.33123],[126.94326,37.3328],[126.94112,37.33451],[126.93974,37.33496],[126.93657,37.33507],[126.9347,37.33582],[126.93151,37.3344],[126.92412,37.33194],[126.92398,37.33307],[126.92685,37.33629],[126.92742,37.33646],[126.92774,37.33729],[126.92707,37.34041],[126.92856,37.3414],[126.92904,37.34353],[126.9341,37.34976],[126.93591,37.35072],[126.93673,37.35082],[126.93695,37.35117],[126.93989,37.3511],[126.94163,37.35068],[126.94957,37.3507],[126.9502,37.35021],[126.94957,37.34696],[126.94844,37.34533],[126.94789,37.34159],[126.9475,37.33474],[126.94784,37.33079],[126.94438,37.33123]]]}},{"type":"Feature","properties":{"adm_cd2":"4141063000","adm_nm":"경기도 군포시 송부동","sggnm":"군포시"},"geometry":{"type":"Polygon","coordinates":[[[126.93151,37.3344],[126.9347,37.33582],[126.93657,37.33507],[126.93974,37.33496],[126.94112,37.33451],[126.94326,37.3328],[126.94438,37.33123],[126.94784,37.33079],[126.94696,37.32477],[126.94505,37.32034],[126.9407,37.32123],[126.93878,37.32245],[126.93709,37.32229],[126.93559,37.32173],[126.93216,37.31845],[126.92964,37.31703],[126.92947,37.31604],[126.93029,37.31283],[126.93294,37.30859],[126.93301,37.308],[126.93236,37.30742],[126.92916,37.3069],[126.92477,37.30679],[126.92258,37.30644],[126.92091,37.30558],[126.91604,37.30522],[126.91528,37.30558],[126.91433,37.31094],[126.91551,37.31514],[126.91417,37.31594],[126.91545,37.31961],[126.91757,37.32407],[126.92166,37.33019],[126.92344,37.33168],[126.93151,37.3344]]]}},{"type":"Feature","properties":{"adm_cd2":"4148039000","adm_nm":"경기도 파주시 장단면","sggnm":"파주시"},"geometry":{"type":"Polygon","coordinates":[[[126.73342,37.89039],[126.7331,37.88846],[126.73302,37.88682],[126.73332,37.88582],[126.73579,37.88235],[126.74109,37.87786],[126.75207,37.86281],[126.75767,37.85649],[126.75806,37.85539],[126.75778,37.85205],[126.75633,37.85066],[126.75028,37.848],[126.7438,37.84832],[126.73414,37.84513],[126.72964,37.84413],[126.71899,37.84318],[126.71466,37.8432],[126.71091,37.84453],[126.70779,37.84492],[126.70406,37.84425],[126.69239,37.84124],[126.67176,37.83287],[126.67138,37.83472],[126.66995,37.83448],[126.66891,37.83466],[126.65962,37.83932],[126.65935,37.84024],[126.6602,37.84271],[126.66096,37.8436],[126.66501,37.84319],[126.67101,37.84577],[126.67621,37.84398],[126.6796,37.84597],[126.68012,37.84718],[126.6799,37.85169],[126.68593,37.85865],[126.6888,37.86376],[126.69218,37.86843],[126.68648,37.87245],[126.68345,37.874],[126.68153,37.87283],[126.68014,37.87034],[126.67476,37.86991],[126.67261,37.87006],[126.67434,37.8725],[126.67523,37.87443],[126.67193,37.87722],[126.67207,37.87799],[126.67298,37.87807],[126.67552,37.87717],[126.67993,37.87845],[126.68169,37.87923],[126.68206,37.87972],[126.68145,37.88019],[126.67941,37.88076],[126.67875,37.88152],[126.67877,37.8823],[126.68021,37.88405],[126.67974,37.88461],[126.67737,37.8849],[126.67649,37.88461],[126.67636,37.88228],[126.67565,37.88164],[126.67413,37.88146],[126.67255,37.88215],[126.67222,37.88254],[126.67233,37.88302],[126.67447,37.88465],[126.67448,37.8859],[126.67399,37.88635],[126.67175,37.88678],[126.67016,37.88796],[126.6722,37.88869],[126.67737,37.89773],[126.67702,37.90446],[126.67675,37.90523],[126.67586,37.90618],[126.67686,37.90762],[126.68045,37.91111],[126.6828,37.9128],[126.68457,37.9126],[126.68233,37.91525],[126.68144,37.91558],[126.67848,37.91433],[126.67436,37.91396],[126.6701,37.91428],[126.66789,37.91585],[126.66592,37.91834],[126.66556,37.92114],[126.66577,37.92205],[126.66678,37.92445],[126.66799,37.92505],[126.66864,37.92585],[126.66921,37.92797],[126.6688,37.92974],[126.66799,37.93089],[126.66756,37.93269],[126.66929,37.93709],[126.67164,37.93918],[126.67185,37.93971],[126.66994,37.94048],[126.66906,37.9414],[126.6694,37.94468],[126.67213,37.94762],[126.67237,37.94845],[126.67188,37.95013],[126.67069,37.95197],[126.67038,37.9557],[126.67117,37.95584],[126.67294,37.95546],[126.67547,37.9544],[126.67637,37.95351],[126.67726,37.95456],[126.67918,37.95578],[126.67967,37.95751],[126.6813,37.95811],[126.68279,37.95813],[126.68342,37.95769],[126.68731,37.9572],[126.6882,37.96031],[126.69001,37.96104],[126.69118,37.96336],[126.69156,37.96624],[126.69458,37.96702],[126.69832,37.96925],[126.70066,37.96912],[126.70098,37.97137],[126.70249,37.97432],[126.7077,37.97564],[126.70885,37.97516],[126.70966,37.97351],[126.70948,37.97059],[126.71204,37.9684],[126.71528,37.96932],[126.71665,37.96886],[126.71767,37.96765],[126.71773,37.96569],[126.71939,37.96495],[126.72197,37.9665],[126.72418,37.96643],[126.72557,37.96688],[126.72778,37.96868],[126.73041,37.96879],[126.73506,37.96744],[126.73574,37.96637],[126.73658,37.96582],[126.73757,37.9664],[126.73996,37.9727],[126.74455,37.97422],[126.74698,37.9765],[126.74806,37.97903],[126.75216,37.98165],[126.75864,37.98366],[126.76054,37.98338],[126.76081,37.98408],[126.76312,37.98505],[126.76511,37.98454],[126.77019,37.98056],[126.77142,37.97899],[126.7728,37.97835],[126.77421,37.9788],[126.77533,37.98041],[126.77386,37.98132],[126.77265,37.9815],[126.77182,37.98235],[126.77348,37.984],[126.77586,37.98445],[126.77918,37.98293],[126.78224,37.98046],[126.78385,37.98103],[126.78362,37.98227],[126.79369,37.99231],[126.7964,37.99369],[126.79724,37.99283],[126.80091,37.992],[126.7985,37.98771],[126.80203,37.97955],[126.80451,37.97075],[126.81045,37.96767],[126.81134,37.96887],[126.81252,37.9693],[126.81388,37.96889],[126.81471,37.96822],[126.81729,37.96576],[126.81847,37.96409],[126.81748,37.96218],[126.81754,37.96129],[126.81886,37.95852],[126.82073,37.95746],[126.82373,37.95823],[126.8283,37.9598],[126.83043,37.96197],[126.83114,37.96324],[126.83268,37.96398],[126.83594,37.96403],[126.83579,37.95984],[126.83328,37.95564],[126.83246,37.95222],[126.83266,37.94758],[126.8297,37.93493],[126.827,37.9182],[126.82568,37.91462],[126.81833,37.90035],[126.81167,37.89369],[126.8071,37.89127],[126.8052,37.89122],[126.79866,37.89282],[126.79523,37.89542],[126.79294,37.89972],[126.79165,37.90364],[126.79196,37.90819],[126.79166,37.91435],[126.78846,37.91706],[126.78443,37.9167],[126.77767,37.91485],[126.76942,37.91024],[126.76485,37.90861],[126.74739,37.90557],[126.74372,37.90396],[126.74069,37.90121],[126.73644,37.89541],[126.73427,37.89297],[126.73391,37.8912],[126.73342,37.89039]]]}},{"type":"Feature","properties":{"adm_cd2":"4180033000","adm_nm":"경기도 연천군 백학면","sggnm":"연천군"},"geometry":{"type":"Polygon","coordinates":[[[126.94378,38.05863],[126.94284,38.05779],[126.9401,38.0565],[126.93513,38.05525],[126.93474,38.0549],[126.93492,38.05166],[126.93288,38.04345],[126.93153,38.04168],[126.929,38.03946],[126.92636,38.03409],[126.92555,38.02914],[126.92657,38.02826],[126.92839,38.0281],[126.93083,38.02867],[126.93209,38.02669],[126.93253,38.02467],[126.9337,38.02286],[126.93415,38.02248],[126.9349,38.02274],[126.93754,38.02199],[126.94081,38.01756],[126.9419,38.01701],[126.94738,38.01612],[126.95058,38.01623],[126.95507,38.01375],[126.95669,38.01368],[126.96386,38.01523],[126.96534,38.018],[126.96623,38.01843],[126.96734,38.01767],[126.9677,38.016],[126.96713,38.01264],[126.9698,38.00662],[126.96993,38.00495],[126.96957,38.00333],[126.96166,37.99765],[126.95659,37.99172],[126.95341,37.98872],[126.94743,37.98538],[126.94091,37.98239],[126.9372,37.98171],[126.93568,37.98173],[126.9317,37.98228],[126.92783,37.98345],[126.92163,37.98593],[126.90808,37.99251],[126.90484,37.99442],[126.89824,37.99714],[126.8964,37.99832],[126.89546,37.99937],[126.89815,37.99982],[126.89905,38.00035],[126.89941,38.00129],[126.89836,38.00376],[126.89613,38.00497],[126.89329,38.00549],[126.8917,38.00532],[126.88981,38.00489],[126.88914,38.00412],[126.88733,38.003],[126.88379,38.00234],[126.88069,38.00229],[126.87788,38.00264],[126.87531,38.00337],[126.87464,38.00382],[126.87286,38.00804],[126.87351,38.01066],[126.8778,38.01249],[126.878,38.01284],[126.87303,38.01542],[126.87254,38.01856],[126.87147,38.0197],[126.86826,38.02167],[126.86534,38.02235],[126.86166,38.02498],[126.86024,38.02521],[126.85754,38.02696],[126.85392,38.03078],[126.85359,38.03148],[126.85369,38.03318],[126.85238,38.03509],[126.85255,38.03734],[126.85462,38.04013],[126.85269,38.04361],[126.85283,38.0531],[126.85807,38.05312],[126.85799,38.06032],[126.85944,38.06462],[126.86625,38.06945],[126.86707,38.07375],[126.86956,38.07789],[126.86695,38.08032],[126.87356,38.07954],[126.87998,38.07749],[126.88431,38.07636],[126.88688,38.07613],[126.89328,38.07439],[126.89414,38.07313],[126.89309,38.06979],[126.89561,38.06856],[126.89971,38.06523],[126.90223,38.06394],[126.90273,38.06222],[126.90539,38.06017],[126.9133,38.05985],[126.91584,38.05915],[126.91873,38.05896],[126.92056,38.05966],[126.9208,38.06049],[126.92027,38.06157],[126.91885,38.06272],[126.91797,38.06605],[126.91792,38.06706],[126.91839,38.06825],[126.91956,38.07004],[126.91957,38.07076],[126.91804,38.07362],[126.91802,38.07551],[126.91888,38.07949],[126.92051,38.08071],[126.92435,38.08255],[126.92682,38.08265],[126.93105,38.08174],[126.93743,38.08228],[126.93918,38.081],[126.93868,38.07699],[126.93812,38.07606],[126.93681,38.07521],[126.93663,38.07438],[126.93663,38.07104],[126.93747,38.0666],[126.93781,38.06622],[126.93968,38.06599],[126.93989,38.06632],[126.94247,38.06542],[126.94764,38.06273],[126.94684,38.06192],[126.9448,38.06071],[126.94378,38.05863]]]}},{"type":"Feature","properties":{"adm_cd2":"4139059600","adm_nm":"경기도 시흥시 배곧1동","sggnm":"시흥시"},"geometry":{"type":"Polygon","coordinates":[[[126.72703,37.37222],[126.72323,37.36797],[126.71648,37.3719],[126.72984,37.38557],[126.7306,37.3862],[126.73161,37.38651],[126.73282,37.3864],[126.74259,37.38264],[126.74059,37.38028],[126.73989,37.37877],[126.73927,37.37379],[126.7366,37.36988],[126.73415,37.36832],[126.7342,37.36807],[126.72703,37.37222]]]}},{"type":"Feature","properties":{"adm_cd2":"4146152500","adm_nm":"경기도 용인시처인구 역북동","sggnm":"용인시처인구"},"geometry":{"type":"Polygon","coordinates":[[[127.17016,37.22565],[127.1705,37.22726],[127.17169,37.22934],[127.17613,37.23332],[127.17674,37.23543],[127.18033,37.23938],[127.18037,37.2404],[127.18223,37.24115],[127.18246,37.24214],[127.18106,37.24295],[127.17605,37.24445],[127.17585,37.24507],[127.17461,37.24569],[127.17557,37.24808],[127.17537,37.24895],[127.17618,37.25019],[127.17567,37.25189],[127.17604,37.25388],[127.17691,37.25466],[127.18719,37.25631],[127.19305,37.25579],[127.19714,37.25463],[127.19646,37.25401],[127.19624,37.25329],[127.19668,37.25105],[127.19973,37.24757],[127.20224,37.24582],[127.20184,37.2428],[127.19968,37.23865],[127.19823,37.23716],[127.19202,37.23546],[127.19092,37.23433],[127.19089,37.22732],[127.18986,37.22648],[127.18792,37.22615],[127.18416,37.22646],[127.17727,37.22632],[127.17441,37.22459],[127.17222,37.22559],[127.17056,37.22528],[127.17016,37.22565]]]}},{"type":"Feature","properties":{"adm_cd2":"4146554000","adm_nm":"경기도 용인시수지구 죽전1동","sggnm":"용인시수지구"},"geometry":{"type":"Polygon","coordinates":[[[127.13861,37.32824],[127.13756,37.3283],[127.13151,37.32698],[127.12937,37.32759],[127.12913,37.32877],[127.12828,37.32945],[127.12105,37.33029],[127.11589,37.32916],[127.11249,37.3272],[127.11121,37.32683],[127.11112,37.32705],[127.11146,37.32863],[127.1133,37.33155],[127.11327,37.33338],[127.11275,37.33569],[127.11467,37.33528],[127.11707,37.3334],[127.12072,37.33441],[127.12329,37.33701],[127.13047,37.33762],[127.13634,37.33964],[127.13839,37.3394],[127.13954,37.33884],[127.14186,37.33631],[127.14132,37.32908],[127.13861,37.32824]]]}},{"type":"Feature","properties":{"adm_cd2":"4146557000","adm_nm":"경기도 용인시수지구 상현1동","sggnm":"용인시수지구"},"geometry":{"type":"Polygon","coordinates":[[[127.08157,37.30161],[127.08074,37.30111],[127.07982,37.30199],[127.07957,37.3018],[127.07676,37.30441],[127.07428,37.30307],[127.07411,37.30325],[127.07441,37.30388],[127.07352,37.30429],[127.07284,37.30506],[127.07205,37.30687],[127.07115,37.30776],[127.07195,37.30782],[127.07233,37.30843],[127.07217,37.30903],[127.07275,37.3095],[127.07217,37.31033],[127.07484,37.31058],[127.07614,37.31161],[127.07684,37.31181],[127.0783,37.31024],[127.07954,37.31028],[127.08078,37.31083],[127.08177,37.31001],[127.08318,37.31064],[127.08479,37.30952],[127.08397,37.3061],[127.08294,37.30538],[127.08307,37.30378],[127.08277,37.3019],[127.08186,37.30127],[127.08157,37.30161]]]}},{"type":"Feature","properties":{"adm_cd2":"4122062000","adm_nm":"경기도 평택시 비전1동","sggnm":"평택시"},"geometry":{"type":"Polygon","coordinates":[[[127.09588,37.00513],[127.09609,37.00579],[127.09698,37.0062],[127.09867,37.00797],[127.10029,37.00903],[127.10268,37.01],[127.10374,37.01419],[127.10567,37.01721],[127.10957,37.01828],[127.11232,37.01791],[127.11416,37.01901],[127.11495,37.02025],[127.11408,37.02119],[127.11414,37.02279],[127.11606,37.02512],[127.11884,37.03163],[127.12231,37.03506],[127.12644,37.03357],[127.12633,37.03333],[127.13719,37.03387],[127.14495,37.03139],[127.15307,37.02947],[127.15253,37.02155],[127.14537,37.01668],[127.14428,37.01401],[127.14481,37.01115],[127.14617,37.01049],[127.14594,37.01013],[127.14498,37.00929],[127.14197,37.00915],[127.14078,37.00868],[127.13634,37.0065],[127.1353,37.00572],[127.13384,37.00382],[127.13163,37.00355],[127.12975,37.00287],[127.12276,36.99903],[127.11255,36.99843],[127.10162,37.00054],[127.10111,36.999],[127.09955,36.99938],[127.09671,36.9981],[127.09541,36.99822],[127.0946,36.99778],[127.09508,36.99725],[127.09397,36.99351],[127.08751,36.99475],[127.08927,37.00109],[127.09123,37.0035],[127.09588,37.00513]]]}},{"type":"Feature","properties":{"adm_cd2":"4122051000","adm_nm":"경기도 평택시 중앙동","sggnm":"평택시"},"geometry":{"type":"Polygon","coordinates":[[[127.06794,37.03707],[127.06599,37.03892],[127.05419,37.04648],[127.05306,37.04799],[127.05211,37.05069],[127.05351,37.06238],[127.05823,37.06221],[127.05994,37.06321],[127.06144,37.06537],[127.06686,37.06534],[127.06742,37.06594],[127.06811,37.06793],[127.06837,37.06949],[127.06805,37.07025],[127.0744,37.06802],[127.07585,37.069],[127.07634,37.06757],[127.07631,37.06667],[127.07607,37.06565],[127.07522,37.06453],[127.07543,37.06058],[127.07556,37.0598],[127.07707,37.05806],[127.0772,37.05512],[127.07784,37.05256],[127.07859,37.05169],[127.0781,37.05103],[127.07314,37.05029],[127.07108,37.04968],[127.06934,37.04777],[127.07084,37.04484],[127.0727,37.04214],[127.07196,37.04044],[127.06945,37.04235],[127.06695,37.0407],[127.06877,37.03934],[127.07,37.03743],[127.071,37.02852],[127.06945,37.02794],[127.06794,37.03707]]]}},{"type":"Feature","properties":{"adm_cd2":"4122066000","adm_nm":"경기도 평택시 고덕동","sggnm":"평택시"},"geometry":{"type":"Polygon","coordinates":[[[127.06336,37.02506],[127.04504,37.02459],[127.03877,37.02494],[127.03033,37.02646],[127.02681,37.02663],[127.01955,37.02595],[127.01944,37.02995],[127.01986,37.0306],[127.02148,37.03175],[127.01767,37.03515],[127.01704,37.03735],[127.01705,37.04147],[127.01604,37.04153],[127.01551,37.04078],[127.01377,37.04093],[127.01363,37.04381],[127.01254,37.04564],[127.01235,37.04992],[127.01292,37.05169],[127.0145,37.05234],[127.01466,37.05303],[127.01403,37.05371],[127.01425,37.05563],[127.01321,37.0559],[127.01467,37.05647],[127.01463,37.05699],[127.01702,37.05828],[127.01996,37.05866],[127.02165,37.06037],[127.0225,37.06022],[127.02412,37.06134],[127.02787,37.06161],[127.03345,37.06045],[127.03515,37.06083],[127.03673,37.06232],[127.03917,37.06177],[127.03984,37.06509],[127.04135,37.06588],[127.04271,37.0673],[127.04928,37.06585],[127.05385,37.06548],[127.05237,37.05397],[127.05211,37.05069],[127.05259,37.04929],[127.05306,37.04799],[127.05419,37.04648],[127.06599,37.03892],[127.06794,37.03707],[127.06945,37.02794],[127.06939,37.02667],[127.06336,37.02506]]]}},{"type":"Feature","properties":{"adm_cd2":"4122064000","adm_nm":"경기도 평택시 세교동","sggnm":"평택시"},"geometry":{"type":"Polygon","coordinates":[[[127.08078,36.99813],[127.07965,36.99943],[127.07693,37.00153],[127.07344,37.0031],[127.0679,37.00652],[127.06751,37.00621],[127.06282,37.00935],[127.06351,37.01035],[127.06106,37.0113],[127.06006,37.01066],[127.05979,37.01129],[127.05876,37.01213],[127.05483,37.01891],[127.05384,37.02253],[127.05425,37.02475],[127.06336,37.02506],[127.0679,37.02616],[127.06754,37.0244],[127.08336,37.02445],[127.08595,37.02378],[127.08594,37.01218],[127.0876,37.01253],[127.0888,37.01437],[127.09223,37.01228],[127.092,37.00967],[127.09066,37.00758],[127.09027,37.00445],[127.08944,37.0031],[127.08235,36.99872],[127.08078,36.99813]]]}},{"type":"Feature","properties":{"adm_cd2":"4122060000","adm_nm":"경기도 평택시 원평동","sggnm":"평택시"},"geometry":{"type":"Polygon","coordinates":[[[127.1009,36.97441],[127.09974,36.97373],[127.09925,36.97449],[127.09788,36.97494],[127.09706,36.97496],[127.09481,36.974],[127.09382,36.97425],[127.09244,36.97642],[127.09241,36.97723],[127.09397,36.97926],[127.09317,36.98028],[127.09065,36.98096],[127.08594,36.98067],[127.08356,36.98135],[127.08062,36.98334],[127.07564,36.98515],[127.074,36.98737],[127.07297,36.98816],[127.07059,36.98897],[127.0642,36.98962],[127.06345,36.99071],[127.06345,36.99197],[127.06236,36.9932],[127.06103,36.99331],[127.05812,36.99249],[127.05489,36.99374],[127.05343,36.99555],[127.05267,36.99552],[127.05159,36.99497],[127.05096,36.99405],[127.04995,36.99134],[127.04839,36.99094],[127.04715,36.99112],[127.04717,36.99211],[127.04635,36.99417],[127.04768,36.99655],[127.0532,37.0019],[127.0586,37.00288],[127.05879,37.00312],[127.05735,37.00563],[127.05827,37.00716],[127.06035,37.00849],[127.06006,37.01066],[127.06106,37.0113],[127.06351,37.01035],[127.06282,37.00935],[127.06751,37.00621],[127.0679,37.00652],[127.07344,37.0031],[127.07693,37.00153],[127.07965,36.99943],[127.08078,36.99813],[127.07922,36.99713],[127.1009,36.97441]]]}},{"type":"Feature","properties":{"adm_cd2":"4122061000","adm_nm":"경기도 평택시 통복동","sggnm":"평택시"},"geometry":{"type":"Polygon","coordinates":[[[127.08235,36.99872],[127.08944,37.0031],[127.09027,37.00445],[127.0904,37.00678],[127.09488,37.00687],[127.09609,37.00579],[127.09588,37.00513],[127.09511,37.00475],[127.09123,37.0035],[127.08927,37.00109],[127.08751,36.99475],[127.08478,36.9951],[127.08265,36.99357],[127.07922,36.99713],[127.08235,36.99872]]]}},{"type":"Feature","properties":{"adm_cd2":"4121065000","adm_nm":"경기도 광명시 소하2동","sggnm":"광명시"},"geometry":{"type":"Polygon","coordinates":[[[126.88859,37.42821],[126.88564,37.42801],[126.88304,37.42638],[126.88118,37.42625],[126.8772,37.42384],[126.87485,37.42498],[126.87261,37.42385],[126.87048,37.42416],[126.86742,37.42668],[126.86732,37.42794],[126.86794,37.42887],[126.86553,37.43328],[126.86516,37.43505],[126.86657,37.43879],[126.86621,37.44068],[126.86644,37.44361],[126.86845,37.44557],[126.87485,37.44445],[126.87802,37.44427],[126.88232,37.44494],[126.88265,37.44538],[126.88386,37.44558],[126.88546,37.44342],[126.885,37.44261],[126.88443,37.43633],[126.89152,37.43597],[126.8876,37.43313],[126.89039,37.43146],[126.88859,37.42821]]]}},{"type":"Feature","properties":{"adm_cd2":"4115051000","adm_nm":"경기도 의정부시 의정부1동","sggnm":"의정부시"},"geometry":{"type":"Polygon","coordinates":[[[127.04743,37.75148],[127.05001,37.74966],[127.05142,37.74796],[127.05354,37.74771],[127.05462,37.74552],[127.05417,37.74052],[127.05314,37.73737],[127.05414,37.73489],[127.05434,37.73052],[127.05237,37.72878],[127.05144,37.72732],[127.05018,37.72837],[127.0468,37.73008],[127.04516,37.73023],[127.04348,37.73093],[127.04693,37.73151],[127.04633,37.73604],[127.04587,37.73602],[127.0455,37.73668],[127.04523,37.73912],[127.04613,37.73921],[127.04675,37.73872],[127.04553,37.74255],[127.04502,37.74651],[127.0426,37.75281],[127.04232,37.7579],[127.04608,37.75377],[127.04743,37.75148]]]}},{"type":"Feature","properties":{"adm_cd2":"4128157600","adm_nm":"경기도 고양시덕양구 삼송1동","sggnm":"고양시덕양구"},"geometry":{"type":"Polygon","coordinates":[[[126.88474,37.65125],[126.88505,37.65196],[126.885,37.6532],[126.88399,37.65377],[126.88316,37.65567],[126.88365,37.65796],[126.88542,37.6581],[126.88582,37.65787],[126.88634,37.65673],[126.88924,37.65661],[126.89381,37.659],[126.89361,37.66488],[126.89207,37.66873],[126.89198,37.67055],[126.8946,37.6707],[126.89669,37.67158],[126.89882,37.67405],[126.90044,37.67705],[126.90155,37.67832],[126.90327,37.67843],[126.90506,37.67779],[126.90688,37.67542],[126.9064,37.67486],[126.90614,37.6734],[126.90805,37.67026],[126.91134,37.6687],[126.92036,37.66959],[126.92064,37.67104],[126.92043,37.67146],[126.92081,37.67186],[126.92178,37.67193],[126.92803,37.6707],[126.92933,37.66804],[126.92836,37.66739],[126.92678,37.66696],[126.92437,37.66695],[126.92301,37.66563],[126.92394,37.66365],[126.9164,37.66163],[126.91477,37.66057],[126.91231,37.65784],[126.9092,37.6569],[126.90335,37.65347],[126.90022,37.6506],[126.89807,37.65146],[126.8962,37.65141],[126.88636,37.64788],[126.88474,37.65125]]]}},{"type":"Feature","properties":{"adm_cd2":"4128157700","adm_nm":"경기도 고양시덕양구 삼송2동","sggnm":"고양시덕양구"},"geometry":{"type":"Polygon","coordinates":[[[126.88636,37.64788],[126.88459,37.64724],[126.87766,37.64252],[126.87462,37.64235],[126.87424,37.64293],[126.87429,37.64451],[126.87574,37.64667],[126.87374,37.64768],[126.87213,37.648],[126.86748,37.6486],[126.86485,37.64862],[126.86406,37.6492],[126.86354,37.65211],[126.86222,37.65349],[126.86477,37.65565],[126.86492,37.65678],[126.86609,37.65731],[126.86805,37.65768],[126.86947,37.65712],[126.87555,37.6572],[126.87841,37.65965],[126.88056,37.65984],[126.88365,37.65796],[126.88316,37.65567],[126.88399,37.65377],[126.885,37.6532],[126.88505,37.65196],[126.88474,37.65125],[126.88636,37.64788]]]}},{"type":"Feature","properties":{"adm_cd2":"4128165600","adm_nm":"경기도 고양시덕양구 행신4동","sggnm":"고양시덕양구"},"geometry":{"type":"Polygon","coordinates":[[[126.84274,37.62056],[126.84218,37.62082],[126.84276,37.62292],[126.84258,37.6243],[126.84334,37.62462],[126.84374,37.62523],[126.8438,37.62582],[126.84355,37.62585],[126.84387,37.6274],[126.84251,37.62798],[126.84113,37.62954],[126.84569,37.62911],[126.84841,37.62951],[126.84858,37.62803],[126.84834,37.62561],[126.84793,37.62456],[126.84836,37.6214],[126.85129,37.6217],[126.85245,37.62271],[126.85453,37.62212],[126.85484,37.6192],[126.85451,37.6142],[126.85347,37.61233],[126.85462,37.61068],[126.85088,37.61224],[126.84611,37.6128],[126.84395,37.6141],[126.846,37.61539],[126.84661,37.61698],[126.84529,37.61822],[126.84227,37.61924],[126.84274,37.62056]]]}},{"type":"Feature","properties":{"adm_cd2":"4128552500","adm_nm":"경기도 고양시일산동구 중산1동","sggnm":"고양시일산동구"},"geometry":{"type":"Polygon","coordinates":[[[126.78923,37.6877],[126.78727,37.68661],[126.78468,37.68577],[126.78308,37.68573],[126.7823,37.68514],[126.78252,37.6839],[126.78136,37.68405],[126.78171,37.68212],[126.77788,37.68277],[126.77693,37.69085],[126.77814,37.69579],[126.77972,37.69842],[126.78127,37.6992],[126.78299,37.69824],[126.78508,37.69826],[126.78512,37.69639],[126.78568,37.69527],[126.78924,37.69396],[126.7901,37.69289],[126.78967,37.69131],[126.78982,37.68979],[126.79027,37.68881],[126.78923,37.6877]]]}},{"type":"Feature","properties":{"adm_cd2":"4128754600","adm_nm":"경기도 고양시일산서구 탄현2동","sggnm":"고양시일산서구"},"geometry":{"type":"Polygon","coordinates":[[[126.77275,37.69357],[126.77187,37.69507],[126.77001,37.69653],[126.7689,37.69799],[126.76825,37.69969],[126.76451,37.69911],[126.76106,37.69907],[126.76113,37.70399],[126.76398,37.7047],[126.76495,37.70405],[126.76637,37.70604],[126.76608,37.70697],[126.76766,37.70664],[126.77062,37.70567],[126.77335,37.70425],[126.77373,37.70262],[126.77522,37.70215],[126.77709,37.70061],[126.77979,37.69996],[126.78127,37.6992],[126.77972,37.69842],[126.77814,37.69579],[126.77625,37.69403],[126.77275,37.69357]]]}},{"type":"Feature","properties":{"adm_cd2":"4128760000","adm_nm":"경기도 고양시일산서구 덕이동","sggnm":"고양시일산서구"},"geometry":{"type":"Polygon","coordinates":[[[126.72906,37.68724],[126.72795,37.69096],[126.72838,37.70394],[126.73065,37.70404],[126.72989,37.70494],[126.73613,37.70463],[126.74017,37.70505],[126.74388,37.70443],[126.74802,37.70314],[126.75059,37.70348],[126.75345,37.70429],[126.75404,37.70473],[126.75553,37.70489],[126.76008,37.70333],[126.76113,37.70399],[126.761,37.69013],[126.76141,37.68748],[126.75739,37.68855],[126.75455,37.68875],[126.75189,37.68798],[126.74526,37.69008],[126.74431,37.69014],[126.72908,37.68191],[126.72906,37.68724]]]}},{"type":"Feature","properties":{"adm_cd2":"4161059000","adm_nm":"경기도 광주시 오포2동","sggnm":"광주시"},"geometry":{"type":"Polygon","coordinates":[[[127.23997,37.36074],[127.24094,37.36264],[127.24113,37.36413],[127.24092,37.36515],[127.2375,37.36835],[127.23831,37.37015],[127.24292,37.37161],[127.24313,37.37253],[127.24401,37.37364],[127.2458,37.3792],[127.24274,37.38206],[127.24278,37.38302],[127.24603,37.38612],[127.24755,37.38898],[127.25201,37.39231],[127.25318,37.39596],[127.25505,37.39866],[127.26076,37.40229],[127.26237,37.40245],[127.26391,37.40218],[127.26428,37.39796],[127.26407,37.39085],[127.26693,37.38895],[127.27047,37.38292],[127.26869,37.37972],[127.26862,37.37904],[127.27213,37.37479],[127.27326,37.37482],[127.27827,37.37283],[127.27824,37.37073],[127.27758,37.36905],[127.27739,37.36745],[127.27897,37.35948],[127.2815,37.35694],[127.28353,37.356],[127.28258,37.35225],[127.28389,37.34973],[127.28642,37.34738],[127.28334,37.34531],[127.28148,37.34611],[127.28063,37.34613],[127.27545,37.34316],[127.27442,37.34293],[127.26892,37.34235],[127.26503,37.34268],[127.26358,37.34423],[127.26293,37.34607],[127.26138,37.3484],[127.25835,37.34976],[127.25442,37.35076],[127.24691,37.35565],[127.24356,37.35453],[127.24187,37.35331],[127.23982,37.35416],[127.2389,37.35553],[127.23903,37.35926],[127.23876,37.3597],[127.23997,37.36074]]]}},{"type":"Feature","properties":{"adm_cd2":"4161058000","adm_nm":"경기도 광주시 오포1동","sggnm":"광주시"},"geometry":{"type":"Polygon","coordinates":[[[127.19252,37.34849],[127.19133,37.34978],[127.19084,37.35081],[127.19056,37.35295],[127.19098,37.35403],[127.19061,37.35465],[127.18934,37.3555],[127.18958,37.35681],[127.18912,37.35855],[127.18772,37.36133],[127.18744,37.36295],[127.18745,37.36481],[127.18792,37.36653],[127.18769,37.36834],[127.18788,37.36991],[127.19256,37.37082],[127.19565,37.37257],[127.1977,37.37323],[127.20133,37.37332],[127.2053,37.37541],[127.20828,37.37799],[127.21224,37.37783],[127.2161,37.37881],[127.21928,37.37814],[127.22274,37.37638],[127.22537,37.37734],[127.23031,37.37731],[127.23151,37.37671],[127.2327,37.37678],[127.23607,37.37929],[127.23798,37.38151],[127.24223,37.383],[127.24278,37.38302],[127.24274,37.38206],[127.2458,37.3792],[127.24401,37.37364],[127.24313,37.37253],[127.24292,37.37161],[127.23831,37.37015],[127.2375,37.36835],[127.24092,37.36515],[127.24113,37.36413],[127.24094,37.36264],[127.23997,37.36074],[127.23876,37.3597],[127.23806,37.36042],[127.23541,37.35841],[127.23369,37.35799],[127.23135,37.35832],[127.22924,37.35919],[127.22861,37.3589],[127.22501,37.35528],[127.22262,37.35438],[127.21967,37.3544],[127.21863,37.35563],[127.21733,37.35539],[127.21672,37.35486],[127.21792,37.3522],[127.22158,37.3493],[127.22361,37.34601],[127.22287,37.34562],[127.22193,37.34664],[127.2206,37.34701],[127.21909,37.34625],[127.21831,37.34505],[127.21845,37.34386],[127.2181,37.34277],[127.21681,37.34067],[127.21411,37.33807],[127.21265,37.33742],[127.20831,37.33088],[127.20147,37.32861],[127.20067,37.32873],[127.19692,37.33472],[127.19696,37.33588],[127.19826,37.33949],[127.19803,37.34145],[127.19608,37.34404],[127.19171,37.34718],[127.19252,37.34849]]]}},{"type":"Feature","properties":{"adm_cd2":"4161060000","adm_nm":"경기도 광주시 신현동","sggnm":"광주시"},"geometry":{"type":"Polygon","coordinates":[[[127.18321,37.36377],[127.1809,37.36242],[127.17897,37.36179],[127.1767,37.36213],[127.17367,37.36159],[127.17241,37.36202],[127.16995,37.36225],[127.16573,37.36182],[127.16418,37.36018],[127.16068,37.3584],[127.15986,37.35746],[127.15952,37.35628],[127.15816,37.3552],[127.15697,37.35467],[127.15277,37.35435],[127.14913,37.35239],[127.14873,37.35096],[127.14667,37.34903],[127.14744,37.34708],[127.14401,37.34624],[127.14331,37.34512],[127.14196,37.3439],[127.13796,37.34117],[127.13786,37.34439],[127.13414,37.34721],[127.13303,37.3484],[127.13248,37.3491],[127.13286,37.35054],[127.13174,37.3512],[127.13394,37.35848],[127.13948,37.35996],[127.14192,37.35941],[127.14443,37.35939],[127.15019,37.36135],[127.15285,37.36354],[127.15379,37.36536],[127.15619,37.36861],[127.15807,37.37008],[127.16052,37.37279],[127.16113,37.37576],[127.16098,37.37795],[127.16169,37.37971],[127.16794,37.38035],[127.17345,37.38267],[127.17665,37.38508],[127.17809,37.38345],[127.17878,37.38184],[127.17841,37.37812],[127.18007,37.37793],[127.18264,37.37687],[127.18493,37.37404],[127.18532,37.37164],[127.18788,37.36991],[127.18769,37.36834],[127.18792,37.36653],[127.18746,37.36485],[127.18321,37.36377]]]}},{"type":"Feature","properties":{"adm_cd2":"4148058000","adm_nm":"경기도 파주시 운정4동","sggnm":"파주시"},"geometry":{"type":"Polygon","coordinates":[[[126.76177,37.71338],[126.76642,37.7248],[126.7684,37.72869],[126.77202,37.73716],[126.77199,37.7395],[126.7702,37.74355],[126.76788,37.74763],[126.77239,37.74646],[126.77574,37.74618],[126.7757,37.7443],[126.77616,37.74309],[126.77936,37.74182],[126.78024,37.74112],[126.78043,37.74054],[126.77985,37.7395],[126.78004,37.73723],[126.78346,37.73421],[126.78778,37.73314],[126.79395,37.73347],[126.79438,37.73429],[126.79558,37.73356],[126.79608,37.72961],[126.79365,37.72595],[126.79195,37.7242],[126.79015,37.72376],[126.78503,37.72089],[126.78452,37.71969],[126.78256,37.71761],[126.77785,37.7141],[126.77483,37.71022],[126.77328,37.70923],[126.77386,37.70677],[126.77335,37.70425],[126.77062,37.70567],[126.76608,37.70697],[126.76637,37.70604],[126.76495,37.70405],[126.76398,37.7047],[126.76113,37.70399],[126.76111,37.71032],[126.76177,37.71338]]]}},{"type":"Feature","properties":{"adm_cd2":"4148060000","adm_nm":"경기도 파주시 운정6동","sggnm":"파주시"},"geometry":{"type":"Polygon","coordinates":[[[126.72662,37.70678],[126.72286,37.70498],[126.71518,37.70737],[126.71175,37.70737],[126.70779,37.70972],[126.70906,37.71099],[126.70965,37.71208],[126.70497,37.71561],[126.71873,37.71633],[126.72484,37.71612],[126.72473,37.72712],[126.72439,37.7294],[126.72688,37.73107],[126.7309,37.72578],[126.73193,37.72357],[126.73189,37.71699],[126.73145,37.71195],[126.73025,37.7079],[126.72662,37.70678]]]}},{"type":"Feature","properties":{"adm_cd2":"4148054000","adm_nm":"경기도 파주시 교하동","sggnm":"파주시"},"geometry":{"type":"Polygon","coordinates":[[[126.73761,37.73716],[126.73669,37.73932],[126.73587,37.74268],[126.73475,37.74476],[126.73567,37.74681],[126.73704,37.74673],[126.73766,37.7474],[126.73734,37.74823],[126.73639,37.74831],[126.73389,37.74688],[126.7328,37.74579],[126.72783,37.74434],[126.72669,37.74292],[126.72639,37.74158],[126.72096,37.73925],[126.71697,37.73889],[126.71205,37.73353],[126.70835,37.73071],[126.70748,37.72942],[126.70576,37.72782],[126.70435,37.72698],[126.7024,37.72351],[126.70157,37.72288],[126.69963,37.72237],[126.69933,37.7212],[126.69967,37.71916],[126.70493,37.71761],[126.70497,37.71561],[126.70965,37.71208],[126.70906,37.71099],[126.70779,37.70972],[126.71175,37.70737],[126.71518,37.70737],[126.72286,37.70498],[126.72662,37.70678],[126.72798,37.70704],[126.73065,37.70404],[126.72745,37.70409],[126.72352,37.70303],[126.72265,37.70233],[126.71707,37.70024],[126.71191,37.69974],[126.70722,37.69722],[126.70458,37.69621],[126.70184,37.6963],[126.69929,37.69703],[126.69662,37.6949],[126.6914,37.68911],[126.68739,37.69158],[126.68348,37.69513],[126.67655,37.70008],[126.67972,37.70515],[126.68362,37.71339],[126.68544,37.7237],[126.6848,37.72565],[126.67739,37.73501],[126.67505,37.74444],[126.674,37.75001],[126.67617,37.755],[126.69004,37.7575],[126.69453,37.757],[126.69609,37.75752],[126.69782,37.76053],[126.70032,37.76169],[126.70196,37.76125],[126.70337,37.75865],[126.70436,37.75848],[126.70686,37.76023],[126.70975,37.76087],[126.71108,37.76003],[126.71189,37.75856],[126.71132,37.75768],[126.71115,37.75288],[126.71645,37.75299],[126.7213,37.75443],[126.72241,37.75637],[126.72328,37.75728],[126.72414,37.75752],[126.72485,37.75751],[126.72822,37.75533],[126.73004,37.75484],[126.73178,37.75495],[126.7329,37.7556],[126.7346,37.75756],[126.73553,37.76017],[126.73561,37.76191],[126.73598,37.7622],[126.73927,37.76105],[126.74116,37.76093],[126.74687,37.76431],[126.74676,37.76546],[126.7473,37.76583],[126.75805,37.7627],[126.76224,37.75965],[126.76253,37.75626],[126.76143,37.75444],[126.76016,37.75323],[126.75988,37.75216],[126.76108,37.74933],[126.76256,37.74783],[126.76478,37.74654],[126.76627,37.74668],[126.76788,37.74763],[126.76924,37.7452],[126.76068,37.74541],[126.75825,37.745],[126.74863,37.73954],[126.73764,37.736],[126.73761,37.73716]]]}},{"type":"Feature","properties":{"adm_cd2":"4159759000","adm_nm":"경기도 화성시동탄구 동탄9동","sggnm":"화성시동탄구"},"geometry":{"type":"Polygon","coordinates":[[[127.12783,37.16905],[127.12763,37.17077],[127.12653,37.17092],[127.1265,37.16989],[127.12537,37.16868],[127.12435,37.16813],[127.12378,37.16876],[127.12418,37.1733],[127.12481,37.17596],[127.12611,37.17942],[127.1243,37.17974],[127.12196,37.17922],[127.11655,37.17981],[127.11371,37.17938],[127.11151,37.18002],[127.11508,37.18206],[127.11691,37.18351],[127.11363,37.18355],[127.11317,37.18396],[127.11405,37.18558],[127.11581,37.18637],[127.11549,37.18877],[127.11604,37.18944],[127.11661,37.18906],[127.11929,37.18967],[127.12144,37.19118],[127.12071,37.19157],[127.12069,37.1923],[127.11961,37.19348],[127.1228,37.19512],[127.12455,37.19515],[127.12513,37.19599],[127.12638,37.19615],[127.12707,37.1957],[127.13004,37.19606],[127.13147,37.19566],[127.13389,37.1965],[127.13588,37.19537],[127.13792,37.19537],[127.13902,37.19625],[127.14411,37.1963],[127.14471,37.19685],[127.14577,37.19658],[127.14877,37.19711],[127.15039,37.19821],[127.15229,37.19833],[127.15266,37.19813],[127.15285,37.19723],[127.15377,37.19762],[127.15473,37.19745],[127.15546,37.19774],[127.15572,37.19666],[127.16091,37.19172],[127.16131,37.19071],[127.16023,37.18589],[127.15908,37.18413],[127.16069,37.18041],[127.15926,37.17798],[127.15762,37.17679],[127.15563,37.17676],[127.15347,37.1746],[127.15115,37.1716],[127.14841,37.16968],[127.1456,37.16965],[127.14383,37.17018],[127.13939,37.16946],[127.13331,37.1692],[127.13255,37.16818],[127.12783,37.16905]]]}},{"type":"Feature","properties":{"adm_cd2":"4139059200","adm_nm":"경기도 시흥시 정왕2동","sggnm":"시흥시"},"geometry":{"type":"Polygon","coordinates":[[[126.70178,37.32851],[126.72903,37.35645],[126.73118,37.35814],[126.73414,37.36121],[126.73616,37.36008],[126.73645,37.35555],[126.73701,37.35397],[126.7389,37.3523],[126.74074,37.35153],[126.73936,37.3501],[126.73896,37.35033],[126.71202,37.3223],[126.70178,37.32851]]]}},{"type":"Feature","properties":{"adm_cd2":"4163057000","adm_nm":"경기도 양주시 옥정1동","sggnm":"양주시"},"geometry":{"type":"Polygon","coordinates":[[[127.10326,37.81646],[127.10256,37.8173],[127.10283,37.81838],[127.1027,37.81975],[127.10049,37.82018],[127.09822,37.82172],[127.09554,37.82596],[127.09538,37.82697],[127.09394,37.82672],[127.08669,37.82668],[127.08114,37.82572],[127.07964,37.82586],[127.07482,37.82792],[127.07464,37.82893],[127.07594,37.83046],[127.07656,37.8318],[127.07703,37.83201],[127.07771,37.83171],[127.0792,37.834],[127.08127,37.83584],[127.08145,37.83619],[127.08057,37.83634],[127.07997,37.8361],[127.08213,37.83876],[127.08029,37.83873],[127.07769,37.8379],[127.07452,37.84067],[127.07363,37.84095],[127.0736,37.84181],[127.07414,37.84191],[127.07493,37.84338],[127.07653,37.84425],[127.07733,37.84587],[127.07607,37.84754],[127.07638,37.84842],[127.0776,37.84806],[127.08027,37.84611],[127.08145,37.84737],[127.08407,37.84781],[127.08426,37.8491],[127.08524,37.84989],[127.08733,37.84821],[127.09005,37.84728],[127.09215,37.85191],[127.09204,37.85293],[127.09451,37.85387],[127.09695,37.85792],[127.09897,37.85914],[127.10021,37.86069],[127.10287,37.86559],[127.10705,37.86238],[127.10919,37.85985],[127.10887,37.85894],[127.11036,37.85557],[127.11255,37.85258],[127.1147,37.85064],[127.11505,37.84779],[127.11615,37.84391],[127.11567,37.83854],[127.11795,37.83643],[127.11715,37.83454],[127.11806,37.83327],[127.1182,37.83232],[127.12039,37.83092],[127.12189,37.82815],[127.12191,37.82511],[127.12078,37.82363],[127.12019,37.81736],[127.12103,37.81505],[127.12191,37.81376],[127.12201,37.81208],[127.11983,37.80969],[127.11832,37.8112],[127.11434,37.814],[127.10988,37.81597],[127.10841,37.81587],[127.10696,37.81534],[127.10326,37.81646]]]}},{"type":"Feature","properties":{"adm_cd2":"4137054600","adm_nm":"경기도 오산시 신장2동","sggnm":"오산시"},"geometry":{"type":"Polygon","coordinates":[[[127.06293,37.17055],[127.06164,37.17317],[127.05795,37.17664],[127.04776,37.1831],[127.05047,37.18399],[127.05265,37.18391],[127.05993,37.18687],[127.06061,37.1874],[127.0619,37.18669],[127.06532,37.18645],[127.06606,37.18432],[127.06659,37.18407],[127.07106,37.18404],[127.07156,37.18371],[127.07214,37.18202],[127.07222,37.17598],[127.07303,37.17456],[127.07229,37.17397],[127.07073,37.17392],[127.07072,37.17046],[127.07137,37.16942],[127.07127,37.16821],[127.07321,37.16698],[127.07358,37.16643],[127.07347,37.16549],[127.0759,37.16368],[127.07539,37.1626],[127.07625,37.16217],[127.07784,37.16232],[127.06672,37.1546],[127.06293,37.17055]]]}},{"type":"Feature","properties":{"adm_cd2":"4137052600","adm_nm":"경기도 오산시 대원2동","sggnm":"오산시"},"geometry":{"type":"Polygon","coordinates":[[[127.07911,37.12975],[127.07837,37.13085],[127.07814,37.14876],[127.08416,37.14833],[127.08504,37.14871],[127.08648,37.14817],[127.08817,37.14866],[127.08974,37.14822],[127.09595,37.14785],[127.09779,37.14736],[127.09895,37.14641],[127.09917,37.14537],[127.09963,37.14528],[127.10095,37.14609],[127.10365,37.14357],[127.10249,37.1434],[127.10035,37.14229],[127.0977,37.13881],[127.09815,37.13772],[127.09786,37.13686],[127.09393,37.13641],[127.0916,37.13728],[127.09088,37.13655],[127.08916,37.13591],[127.089,37.1353],[127.08774,37.1348],[127.09153,37.13135],[127.09107,37.13099],[127.0929,37.12935],[127.09079,37.13004],[127.08998,37.12992],[127.09017,37.1296],[127.08902,37.12847],[127.08904,37.12794],[127.0862,37.12675],[127.08347,37.12734],[127.08255,37.12631],[127.08124,37.12631],[127.07927,37.12577],[127.07911,37.12975]]]}},{"type":"Feature","properties":{"adm_cd2":"4119253000","adm_nm":"경기도 부천시원미구 심곡3동","sggnm":"부천시원미구"},"geometry":{"type":"Polygon","coordinates":[[[126.77641,37.48499],[126.77484,37.48516],[126.77493,37.48535],[126.77419,37.48552],[126.77331,37.48638],[126.77036,37.4926],[126.77107,37.49248],[126.77122,37.49313],[126.77353,37.49275],[126.77333,37.49214],[126.77468,37.49192],[126.77481,37.49247],[126.77683,37.49333],[126.77822,37.49294],[126.77641,37.48499]]]}},{"type":"Feature","properties":{"adm_cd2":"4119254000","adm_nm":"경기도 부천시원미구 원미1동","sggnm":"부천시원미구"},"geometry":{"type":"Polygon","coordinates":[[[126.7868,37.49795],[126.78704,37.49901],[126.7905,37.5017],[126.79115,37.501],[126.79425,37.50019],[126.79441,37.49968],[126.79544,37.49938],[126.79558,37.50008],[126.7979,37.49923],[126.80135,37.49855],[126.80156,37.49648],[126.80123,37.49561],[126.79996,37.4949],[126.79949,37.49231],[126.79787,37.49219],[126.79697,37.4914],[126.79602,37.49219],[126.78484,37.49354],[126.78582,37.49797],[126.7868,37.49795]]]}},{"type":"Feature","properties":{"adm_cd2":"4119267000","adm_nm":"경기도 부천시원미구 상동","sggnm":"부천시원미구"},"geometry":{"type":"Polygon","coordinates":[[[126.76078,37.49339],[126.76575,37.49256],[126.76441,37.48848],[126.7653,37.48833],[126.76462,37.48672],[126.75351,37.4876],[126.75603,37.49722],[126.7615,37.49652],[126.76078,37.49339]]]}},{"type":"Feature","properties":{"adm_cd2":"4119266000","adm_nm":"경기도 부천시원미구 중4동","sggnm":"부천시원미구"},"geometry":{"type":"Polygon","coordinates":[[[126.76397,37.5083],[126.76949,37.50743],[126.76923,37.504],[126.75829,37.50538],[126.76093,37.51508],[126.7644,37.5151],[126.76472,37.51213],[126.76397,37.5083]]]}},{"type":"Feature","properties":{"adm_cd2":"4119268000","adm_nm":"경기도 부천시원미구 상1동","sggnm":"부천시원미구"},"geometry":{"type":"Polygon","coordinates":[[[126.74795,37.49727],[126.75603,37.49722],[126.75351,37.4876],[126.74795,37.48799],[126.74795,37.49727]]]}},{"type":"Feature","properties":{"adm_cd2":"4119459000","adm_nm":"경기도 부천시소사구 송내1동","sggnm":"부천시소사구"},"geometry":{"type":"Polygon","coordinates":[[[126.76376,37.48367],[126.7639,37.47905],[126.76284,37.47744],[126.76294,37.47701],[126.76179,37.47633],[126.75906,37.47682],[126.75827,37.47882],[126.75621,37.47976],[126.75581,37.48082],[126.75525,37.48082],[126.75549,37.4828],[126.75452,37.4837],[126.7498,37.48535],[126.74697,37.48539],[126.74585,37.48596],[126.7426,37.48665],[126.74242,37.48849],[126.76462,37.48672],[126.76376,37.48367]]]}},{"type":"Feature","properties":{"adm_cd2":"4119453000","adm_nm":"경기도 부천시소사구 소사본동","sggnm":"부천시소사구"},"geometry":{"type":"Polygon","coordinates":[[[126.80101,37.47782],[126.80022,37.47845],[126.7956,37.47857],[126.79562,37.47137],[126.79978,37.46417],[126.79881,37.46454],[126.79652,37.46402],[126.79477,37.46572],[126.79253,37.46526],[126.78927,37.46566],[126.78778,37.46684],[126.78791,37.46926],[126.78519,37.47006],[126.78436,37.47127],[126.78401,37.47332],[126.78498,37.47366],[126.78497,37.47471],[126.7859,37.47538],[126.78632,37.47801],[126.78745,37.48017],[126.78856,37.4804],[126.78949,37.48113],[126.78924,37.48212],[126.78969,37.4826],[126.79215,37.48227],[126.79181,37.48276],[126.79875,37.48284],[126.80317,37.4824],[126.80209,37.47775],[126.80101,37.47782]]]}},{"type":"Feature","properties":{"adm_cd2":"4119457000","adm_nm":"경기도 부천시소사구 괴안동","sggnm":"부천시소사구"},"geometry":{"type":"Polygon","coordinates":[[[126.81128,37.48035],[126.81103,37.48017],[126.81109,37.47832],[126.81201,37.47822],[126.8116,37.47807],[126.81182,37.47768],[126.8107,37.47713],[126.81218,37.47581],[126.81181,37.47524],[126.81041,37.4752],[126.80964,37.47568],[126.80819,37.47575],[126.80413,37.47364],[126.80299,37.47473],[126.80118,37.47516],[126.80317,37.4824],[126.80866,37.48416],[126.81128,37.48035]]]}},{"type":"Feature","properties":{"adm_cd2":"4119655000","adm_nm":"경기도 부천시오정구 고강1동","sggnm":"부천시오정구"},"geometry":{"type":"Polygon","coordinates":[[[126.81753,37.52092],[126.81501,37.52085],[126.81518,37.52025],[126.81437,37.52008],[126.81362,37.5202],[126.81334,37.52083],[126.81208,37.52035],[126.81213,37.5207],[126.81043,37.52186],[126.81119,37.52196],[126.81147,37.52979],[126.80943,37.53022],[126.8092,37.53204],[126.80783,37.53236],[126.80631,37.53376],[126.80702,37.53627],[126.79907,37.53751],[126.79949,37.53786],[126.79924,37.53929],[126.79875,37.53945],[126.79898,37.54027],[126.80083,37.54088],[126.80039,37.5417],[126.80285,37.54308],[126.80732,37.54362],[126.81038,37.54161],[126.81236,37.54071],[126.82215,37.54068],[126.82159,37.53972],[126.82183,37.53916],[126.81921,37.53885],[126.81652,37.53789],[126.816,37.53578],[126.81613,37.52661],[126.81523,37.52262],[126.81803,37.52279],[126.81829,37.52189],[126.81753,37.52092]]]}},{"type":"Feature","properties":{"adm_cd2":"4119657000","adm_nm":"경기도 부천시오정구 신흥동","sggnm":"부천시오정구"},"geometry":{"type":"Polygon","coordinates":[[[126.76278,37.53477],[126.76451,37.53348],[126.76458,37.53118],[126.76946,37.52999],[126.77103,37.53043],[126.77608,37.52702],[126.77972,37.52657],[126.78104,37.52728],[126.78335,37.52726],[126.78115,37.52572],[126.77885,37.52472],[126.77891,37.52406],[126.78097,37.52407],[126.79315,37.52246],[126.78366,37.51811],[126.77144,37.51383],[126.77091,37.51462],[126.77005,37.51504],[126.76995,37.51547],[126.76869,37.51544],[126.76856,37.51683],[126.76657,37.51686],[126.76661,37.51729],[126.76558,37.51756],[126.76557,37.51799],[126.761,37.51798],[126.76034,37.5241],[126.76068,37.53556],[126.76278,37.53477]]]}},{"type":"Feature","properties":{"adm_cd2":"4119251000","adm_nm":"경기도 부천시원미구 심곡1동","sggnm":"부천시원미구"},"geometry":{"type":"Polygon","coordinates":[[[126.78358,37.48793],[126.77721,37.48879],[126.77863,37.4943],[126.78116,37.49292],[126.78091,37.49337],[126.78284,37.49552],[126.78373,37.49962],[126.78443,37.49823],[126.78582,37.49797],[126.78358,37.48793]]]}},{"type":"Feature","properties":{"adm_cd2":"4119252000","adm_nm":"경기도 부천시원미구 심곡2동","sggnm":"부천시원미구"},"geometry":{"type":"Polygon","coordinates":[[[126.78884,37.48857],[126.78853,37.48743],[126.78974,37.48669],[126.78999,37.48552],[126.7898,37.48491],[126.79114,37.48382],[126.79181,37.48276],[126.77641,37.48499],[126.77721,37.48879],[126.78358,37.48793],[126.78445,37.49191],[126.78884,37.48857]]]}},{"type":"Feature","properties":{"adm_cd2":"4119256000","adm_nm":"경기도 부천시원미구 소사동","sggnm":"부천시원미구"},"geometry":{"type":"Polygon","coordinates":[[[126.7901,37.48689],[126.79015,37.48773],[126.79059,37.48733],[126.79114,37.48866],[126.79245,37.48851],[126.79429,37.48893],[126.79519,37.48966],[126.79608,37.48982],[126.79809,37.48886],[126.79832,37.48816],[126.79941,37.48742],[126.79953,37.48769],[126.80006,37.48748],[126.80076,37.48459],[126.79912,37.48454],[126.79924,37.483],[126.79875,37.48284],[126.79181,37.48276],[126.79114,37.48382],[126.7898,37.48491],[126.78999,37.48552],[126.78974,37.48669],[126.7901,37.48689]]]}},{"type":"Feature","properties":{"adm_cd2":"4119255000","adm_nm":"경기도 부천시원미구 원미2동","sggnm":"부천시원미구"},"geometry":{"type":"Polygon","coordinates":[[[126.79519,37.48966],[126.79429,37.48893],[126.79245,37.48851],[126.79114,37.48866],[126.79059,37.48733],[126.79015,37.48773],[126.7901,37.48689],[126.78974,37.48669],[126.78853,37.48743],[126.78884,37.48857],[126.78445,37.49191],[126.78484,37.49354],[126.79602,37.49219],[126.79697,37.4914],[126.79608,37.48982],[126.79519,37.48966]]]}},{"type":"Feature","properties":{"adm_cd2":"4119260000","adm_nm":"경기도 부천시원미구 도당동","sggnm":"부천시원미구"},"geometry":{"type":"Polygon","coordinates":[[[126.79022,37.50632],[126.78982,37.50682],[126.7854,37.50578],[126.77982,37.50583],[126.77712,37.50883],[126.77637,37.51012],[126.77523,37.51394],[126.77528,37.51505],[126.78366,37.51811],[126.79315,37.52246],[126.79533,37.52228],[126.79596,37.52018],[126.79512,37.52027],[126.7953,37.51757],[126.7938,37.51727],[126.79423,37.51583],[126.7923,37.51505],[126.79025,37.51304],[126.79005,37.51089],[126.79125,37.5103],[126.79141,37.50907],[126.79108,37.5068],[126.79022,37.50632]]]}},{"type":"Feature","properties":{"adm_cd2":"4119258000","adm_nm":"경기도 부천시원미구 역곡2동","sggnm":"부천시원미구"},"geometry":{"type":"Polygon","coordinates":[[[126.8017,37.4926],[126.80345,37.49204],[126.80396,37.4922],[126.80428,37.49209],[126.80424,37.49177],[126.80779,37.48993],[126.80918,37.49076],[126.81192,37.4853],[126.80317,37.4824],[126.79875,37.48284],[126.79924,37.483],[126.79912,37.48454],[126.80076,37.48459],[126.80043,37.48672],[126.80006,37.48748],[126.79953,37.48769],[126.79941,37.48742],[126.79832,37.48816],[126.79809,37.48886],[126.79608,37.48982],[126.79645,37.49079],[126.79787,37.49219],[126.79949,37.49231],[126.79948,37.49274],[126.8017,37.4926]]]}},{"type":"Feature","properties":{"adm_cd2":"4119259000","adm_nm":"경기도 부천시원미구 춘의동","sggnm":"부천시원미구"},"geometry":{"type":"Polygon","coordinates":[[[126.81336,37.49844],[126.81091,37.4978],[126.80964,37.49676],[126.80603,37.49734],[126.80156,37.49648],[126.80135,37.49855],[126.7979,37.49923],[126.79558,37.50008],[126.79544,37.49938],[126.79441,37.49968],[126.79425,37.50019],[126.79115,37.501],[126.7905,37.5017],[126.78704,37.49901],[126.7868,37.49795],[126.78443,37.49823],[126.78227,37.50279],[126.77982,37.50583],[126.7854,37.50578],[126.78982,37.50682],[126.79022,37.50632],[126.79108,37.5068],[126.79437,37.50703],[126.79561,37.50611],[126.7975,37.50585],[126.7995,37.50683],[126.80138,37.50625],[126.80366,37.50685],[126.81504,37.50575],[126.82245,37.50607],[126.82152,37.50303],[126.82159,37.50206],[126.8202,37.50158],[126.81938,37.5005],[126.81976,37.49923],[126.81895,37.49869],[126.81821,37.49888],[126.81593,37.49764],[126.81336,37.49844]]]}},{"type":"Feature","properties":{"adm_cd2":"4119257000","adm_nm":"경기도 부천시원미구 역곡1동","sggnm":"부천시원미구"},"geometry":{"type":"Polygon","coordinates":[[[126.80918,37.49076],[126.80779,37.48993],[126.80424,37.49177],[126.80428,37.49209],[126.80396,37.4922],[126.80345,37.49204],[126.8017,37.4926],[126.79948,37.49274],[126.79996,37.4949],[126.80123,37.49561],[126.80156,37.49648],[126.80603,37.49734],[126.80964,37.49676],[126.81091,37.4978],[126.81336,37.49844],[126.81436,37.49831],[126.814,37.4972],[126.81298,37.49629],[126.81429,37.49463],[126.81439,37.4932],[126.81559,37.49307],[126.81594,37.49243],[126.82062,37.49076],[126.816,37.48701],[126.81192,37.4853],[126.80918,37.49076]]]}},{"type":"Feature","properties":{"adm_cd2":"4119262000","adm_nm":"경기도 부천시원미구 중동","sggnm":"부천시원미구"},"geometry":{"type":"Polygon","coordinates":[[[126.7653,37.48833],[126.76441,37.48848],[126.76575,37.49256],[126.76078,37.49339],[126.76165,37.49739],[126.76219,37.49761],[126.766,37.49722],[126.76579,37.49598],[126.76747,37.49576],[126.76695,37.49311],[126.77036,37.4926],[126.77331,37.48638],[126.77419,37.48552],[126.77493,37.48535],[126.77432,37.48519],[126.76462,37.48672],[126.7653,37.48833]]]}},{"type":"Feature","properties":{"adm_cd2":"4119261000","adm_nm":"경기도 부천시원미구 약대동","sggnm":"부천시원미구"},"geometry":{"type":"Polygon","coordinates":[[[126.77493,37.50887],[126.77479,37.50816],[126.77143,37.50931],[126.77118,37.50986],[126.7699,37.51048],[126.76916,37.51044],[126.76619,37.51241],[126.76472,37.51213],[126.7644,37.5151],[126.76093,37.51508],[126.761,37.51798],[126.76557,37.51799],[126.76558,37.51756],[126.76661,37.51729],[126.76657,37.51686],[126.76856,37.51683],[126.76869,37.51544],[126.76995,37.51547],[126.77005,37.51504],[126.77091,37.51462],[126.77144,37.51383],[126.77528,37.51505],[126.77523,37.51394],[126.77637,37.51012],[126.77712,37.50883],[126.77493,37.50887]]]}},{"type":"Feature","properties":{"adm_cd2":"4119263000","adm_nm":"경기도 부천시원미구 중1동","sggnm":"부천시원미구"},"geometry":{"type":"Polygon","coordinates":[[[126.77762,37.49783],[126.77555,37.49748],[126.77179,37.49797],[126.77125,37.49771],[126.77125,37.49805],[126.76807,37.49852],[126.76747,37.49576],[126.76579,37.49598],[126.766,37.49722],[126.76219,37.49761],[126.76165,37.49739],[126.7615,37.49652],[126.75603,37.49722],[126.75829,37.50538],[126.77619,37.50303],[126.77762,37.49783]]]}},{"type":"Feature","properties":{"adm_cd2":"4119265000","adm_nm":"경기도 부천시원미구 중3동","sggnm":"부천시원미구"},"geometry":{"type":"Polygon","coordinates":[[[126.78035,37.50255],[126.76923,37.504],[126.76949,37.50743],[126.76397,37.5083],[126.76472,37.51213],[126.76619,37.51241],[126.76916,37.51044],[126.7699,37.51048],[126.77118,37.50986],[126.77143,37.50931],[126.77479,37.50816],[126.77493,37.50887],[126.77712,37.50883],[126.78227,37.50279],[126.78035,37.50255]]]}},{"type":"Feature","properties":{"adm_cd2":"4119264000","adm_nm":"경기도 부천시원미구 중2동","sggnm":"부천시원미구"},"geometry":{"type":"Polygon","coordinates":[[[126.76807,37.49852],[126.77125,37.49805],[126.77125,37.49771],[126.77179,37.49797],[126.77555,37.49748],[126.77762,37.49783],[126.77619,37.50303],[126.78035,37.50255],[126.78227,37.50279],[126.78373,37.49962],[126.78284,37.49552],[126.78091,37.49337],[126.78116,37.49292],[126.77863,37.4943],[126.77822,37.49294],[126.77683,37.49333],[126.77481,37.49247],[126.77468,37.49192],[126.77333,37.49214],[126.77353,37.49275],[126.77122,37.49313],[126.77107,37.49248],[126.76695,37.49311],[126.76807,37.49852]]]}},{"type":"Feature","properties":{"adm_cd2":"4119270000","adm_nm":"경기도 부천시원미구 상3동","sggnm":"부천시원미구"},"geometry":{"type":"Polygon","coordinates":[[[126.75415,37.50593],[126.75091,37.50571],[126.74476,37.50649],[126.74216,37.50645],[126.74158,37.50893],[126.74375,37.51037],[126.74551,37.51465],[126.74781,37.51453],[126.75059,37.51498],[126.75195,37.51539],[126.752,37.51641],[126.75497,37.51659],[126.75957,37.51556],[126.76028,37.51586],[126.76012,37.51797],[126.761,37.51798],[126.76093,37.51508],[126.75829,37.50538],[126.75415,37.50593]]]}},{"type":"Feature","properties":{"adm_cd2":"4119269000","adm_nm":"경기도 부천시원미구 상2동","sggnm":"부천시원미구"},"geometry":{"type":"Polygon","coordinates":[[[126.74795,37.49727],[126.74795,37.48799],[126.74242,37.48849],[126.74163,37.4951],[126.74256,37.49722],[126.74362,37.50148],[126.74216,37.50645],[126.74476,37.50649],[126.75091,37.50571],[126.75415,37.50593],[126.75829,37.50538],[126.75603,37.49722],[126.74795,37.49727]]]}},{"type":"Feature","properties":{"adm_cd2":"4119460000","adm_nm":"경기도 부천시소사구 송내2동","sggnm":"부천시소사구"},"geometry":{"type":"Polygon","coordinates":[[[126.77393,37.47903],[126.77314,37.47922],[126.77271,37.47761],[126.77169,37.47671],[126.77229,37.47608],[126.77156,37.47534],[126.77132,37.47428],[126.77188,37.47236],[126.77156,37.47185],[126.76774,37.47176],[126.76735,37.47333],[126.76519,37.47523],[126.76222,37.47565],[126.76179,37.47633],[126.76294,37.47701],[126.76284,37.47744],[126.7639,37.47905],[126.76376,37.48367],[126.76462,37.48672],[126.77432,37.48519],[126.77393,37.47903]]]}},{"type":"Feature","properties":{"adm_cd2":"4119451000","adm_nm":"경기도 부천시소사구 심곡본1동","sggnm":"부천시소사구"},"geometry":{"type":"Polygon","coordinates":[[[126.77837,37.4771],[126.77871,37.47691],[126.77803,37.47635],[126.77828,37.47596],[126.77916,37.47636],[126.77966,37.47554],[126.77879,37.47448],[126.77791,37.47412],[126.77743,37.47263],[126.77808,37.47181],[126.7771,37.47221],[126.77609,37.47164],[126.77456,37.47142],[126.77296,37.47231],[126.77188,37.47236],[126.77132,37.47428],[126.77156,37.47534],[126.77229,37.47608],[126.77169,37.47671],[126.77271,37.47761],[126.77314,37.47922],[126.77393,37.47903],[126.77432,37.48519],[126.77995,37.4846],[126.77837,37.4771]]]}},{"type":"Feature","properties":{"adm_cd2":"4119452000","adm_nm":"경기도 부천시소사구 심곡본동","sggnm":"부천시소사구"},"geometry":{"type":"Polygon","coordinates":[[[126.77743,37.47263],[126.77791,37.47412],[126.77879,37.47448],[126.77966,37.47554],[126.77916,37.47636],[126.77828,37.47596],[126.77803,37.47635],[126.77871,37.47691],[126.77837,37.4771],[126.77995,37.4846],[126.79181,37.48276],[126.79215,37.48227],[126.78969,37.4826],[126.78924,37.48212],[126.78949,37.48113],[126.78856,37.4804],[126.78745,37.48017],[126.78632,37.47801],[126.7859,37.47538],[126.78497,37.47471],[126.78498,37.47366],[126.78401,37.47332],[126.78432,37.47241],[126.78047,37.4715],[126.77808,37.47181],[126.77743,37.47263]]]}},{"type":"Feature","properties":{"adm_cd2":"4119454000","adm_nm":"경기도 부천시소사구 소사본1동","sggnm":"부천시소사구"},"geometry":{"type":"Polygon","coordinates":[[[126.79562,37.47137],[126.7956,37.47857],[126.80022,37.47845],[126.80101,37.47782],[126.80209,37.47775],[126.80118,37.47516],[126.80299,37.47473],[126.80413,37.47364],[126.80634,37.47481],[126.80678,37.47407],[126.80536,37.47351],[126.8055,37.47232],[126.80435,37.47155],[126.80501,37.47071],[126.80518,37.4696],[126.80484,37.46918],[126.80549,37.46787],[126.80521,37.46663],[126.80411,37.46575],[126.80367,37.46487],[126.80158,37.46424],[126.80106,37.46375],[126.79978,37.46417],[126.79562,37.47137]]]}},{"type":"Feature","properties":{"adm_cd2":"4119455000","adm_nm":"경기도 부천시소사구 범박동","sggnm":"부천시소사구"},"geometry":{"type":"Polygon","coordinates":[[[126.81214,37.46592],[126.81112,37.46485],[126.80699,37.46202],[126.80575,37.46201],[126.80544,37.46171],[126.8041,37.4615],[126.80308,37.46174],[126.8024,37.46265],[126.80094,37.46289],[126.80106,37.46375],[126.80158,37.46424],[126.80367,37.46487],[126.80411,37.46575],[126.80521,37.46663],[126.80549,37.46787],[126.80484,37.46918],[126.80518,37.4696],[126.80501,37.47071],[126.80435,37.47155],[126.8055,37.47232],[126.80536,37.47351],[126.80678,37.47407],[126.80634,37.47481],[126.80819,37.47575],[126.80964,37.47568],[126.81041,37.4752],[126.81338,37.47522],[126.81475,37.47467],[126.81539,37.47401],[126.81591,37.47399],[126.81214,37.46592]]]}},{"type":"Feature","properties":{"adm_cd2":"4119458000","adm_nm":"경기도 부천시소사구 역곡3동","sggnm":"부천시소사구"},"geometry":{"type":"Polygon","coordinates":[[[126.81338,37.47522],[126.81181,37.47524],[126.81218,37.47581],[126.8107,37.47713],[126.81182,37.47768],[126.8116,37.47807],[126.81201,37.47822],[126.81109,37.47832],[126.81103,37.48017],[126.81128,37.48035],[126.80866,37.48416],[126.81446,37.48616],[126.816,37.48701],[126.82062,37.49076],[126.82274,37.48998],[126.82303,37.48808],[126.82347,37.48775],[126.82233,37.48674],[126.81943,37.48547],[126.81945,37.48271],[126.81993,37.48176],[126.81957,37.48028],[126.8182,37.47814],[126.81705,37.47812],[126.81607,37.47712],[126.81609,37.47672],[126.81529,37.47645],[126.81487,37.47578],[126.81475,37.47467],[126.81338,37.47522]]]}},{"type":"Feature","properties":{"adm_cd2":"4119456000","adm_nm":"경기도 부천시소사구 옥길동","sggnm":"부천시소사구"},"geometry":{"type":"Polygon","coordinates":[[[126.81112,37.46485],[126.81214,37.46592],[126.81591,37.47399],[126.81666,37.47392],[126.81731,37.47318],[126.81784,37.47315],[126.81867,37.47413],[126.81846,37.47518],[126.8195,37.47511],[126.81915,37.4755],[126.81922,37.47616],[126.82122,37.47625],[126.82168,37.47531],[126.82513,37.47676],[126.82597,37.47685],[126.82876,37.4761],[126.83179,37.47757],[126.83301,37.47725],[126.83275,37.47702],[126.83288,37.47666],[126.8323,37.4763],[126.83253,37.47425],[126.83203,37.47342],[126.83351,37.4687],[126.83317,37.46589],[126.83258,37.46581],[126.83146,37.46635],[126.83106,37.46482],[126.83008,37.46473],[126.82768,37.46322],[126.82676,37.46167],[126.82597,37.4594],[126.82542,37.45898],[126.82379,37.45924],[126.82319,37.45835],[126.8209,37.45862],[126.81973,37.45945],[126.81774,37.45919],[126.81548,37.46098],[126.81323,37.45993],[126.81335,37.45872],[126.81268,37.45918],[126.81184,37.45886],[126.81151,37.45988],[126.80936,37.46132],[126.80889,37.46209],[126.80699,37.46202],[126.81112,37.46485]]]}},{"type":"Feature","properties":{"adm_cd2":"4119654000","adm_nm":"경기도 부천시오정구 고강본동","sggnm":"부천시오정구"},"geometry":{"type":"Polygon","coordinates":[[[126.82479,37.51989],[126.82262,37.52097],[126.82129,37.52124],[126.82095,37.52077],[126.81956,37.52114],[126.81829,37.52189],[126.81803,37.52279],[126.81523,37.52262],[126.81613,37.52661],[126.816,37.53578],[126.81652,37.53789],[126.81921,37.53885],[126.82183,37.53916],[126.82231,37.53792],[126.8224,37.53649],[126.82182,37.53487],[126.82265,37.53419],[126.82274,37.53377],[126.82351,37.53377],[126.82345,37.53254],[126.82549,37.52982],[126.82709,37.5298],[126.82814,37.52903],[126.82786,37.52818],[126.82846,37.5267],[126.82881,37.52651],[126.82823,37.52621],[126.82815,37.5258],[126.82645,37.52496],[126.82525,37.52315],[126.82559,37.52197],[126.82556,37.51985],[126.82479,37.51989]]]}},{"type":"Feature","properties":{"adm_cd2":"4119651000","adm_nm":"경기도 부천시오정구 성곡동","sggnm":"부천시오정구"},"geometry":{"type":"Polygon","coordinates":[[[126.81213,37.5207],[126.81208,37.52035],[126.81334,37.52083],[126.81362,37.5202],[126.81404,37.52009],[126.81518,37.52025],[126.81501,37.52085],[126.81753,37.52092],[126.81829,37.52189],[126.81956,37.52114],[126.82095,37.52077],[126.82129,37.52124],[126.82262,37.52097],[126.82479,37.51989],[126.82556,37.51985],[126.82449,37.51772],[126.82324,37.51618],[126.82332,37.51489],[126.82421,37.51435],[126.82447,37.51304],[126.82385,37.51096],[126.82397,37.50906],[126.82468,37.50833],[126.82224,37.5076],[126.82245,37.50607],[126.81504,37.50575],[126.80366,37.50685],[126.80138,37.50625],[126.7995,37.50683],[126.7975,37.50585],[126.79561,37.50611],[126.79437,37.50703],[126.79108,37.5068],[126.79141,37.50907],[126.79125,37.5103],[126.79005,37.51089],[126.79025,37.51304],[126.7923,37.51505],[126.79423,37.51583],[126.7938,37.51727],[126.7953,37.51757],[126.79512,37.52027],[126.79596,37.52018],[126.79533,37.52228],[126.80486,37.52129],[126.81043,37.52186],[126.81213,37.5207]]]}},{"type":"Feature","properties":{"adm_cd2":"4119656000","adm_nm":"경기도 부천시오정구 오정동","sggnm":"부천시오정구"},"geometry":{"type":"Polygon","coordinates":[[[126.79695,37.52973],[126.79819,37.5286],[126.79794,37.52828],[126.79735,37.52852],[126.79678,37.5271],[126.79801,37.52676],[126.79754,37.52437],[126.7948,37.52329],[126.79533,37.52228],[126.78097,37.52407],[126.77891,37.52406],[126.77885,37.52472],[126.78115,37.52572],[126.78335,37.52726],[126.78104,37.52728],[126.77972,37.52657],[126.77608,37.52702],[126.77103,37.53043],[126.76946,37.52999],[126.76458,37.53118],[126.76451,37.53348],[126.76278,37.53477],[126.76068,37.53556],[126.76095,37.53786],[126.76319,37.54441],[126.76423,37.54977],[126.76501,37.55048],[126.76417,37.55082],[126.76649,37.55288],[126.7662,37.55413],[126.76777,37.55325],[126.76755,37.55196],[126.77007,37.55098],[126.77174,37.54831],[126.77262,37.5487],[126.77535,37.54907],[126.77681,37.54822],[126.77759,37.54658],[126.78033,37.54616],[126.78465,37.54629],[126.78738,37.54586],[126.79175,37.54375],[126.79204,37.54181],[126.79475,37.54152],[126.7943,37.5401],[126.79332,37.53973],[126.79419,37.53824],[126.794,37.53686],[126.79695,37.52973]]]}},{"type":"Feature","properties":{"adm_cd2":"4119653000","adm_nm":"경기도 부천시오정구 원종2동","sggnm":"부천시오정구"},"geometry":{"type":"Polygon","coordinates":[[[126.79817,37.53001],[126.80487,37.52923],[126.80486,37.52129],[126.79533,37.52228],[126.7948,37.52329],[126.79754,37.52437],[126.79801,37.52676],[126.79678,37.5271],[126.79735,37.52852],[126.79794,37.52828],[126.79819,37.5286],[126.79695,37.52973],[126.79817,37.53001]]]}},{"type":"Feature","properties":{"adm_cd2":"4119652000","adm_nm":"경기도 부천시오정구 원종1동","sggnm":"부천시오정구"},"geometry":{"type":"Polygon","coordinates":[[[126.80487,37.52923],[126.79817,37.53001],[126.79695,37.52973],[126.7944,37.53583],[126.79607,37.53673],[126.79788,37.53703],[126.79838,37.53763],[126.80702,37.53627],[126.80631,37.53376],[126.80783,37.53236],[126.8092,37.53204],[126.80943,37.53022],[126.81147,37.52979],[126.81119,37.52196],[126.80486,37.52129],[126.80487,37.52923]]]}},{"type":"Feature","properties":{"adm_cd2":"4115063000","adm_nm":"경기도 의정부시 고산동","sggnm":"의정부시"},"geometry":{"type":"Polygon","coordinates":[[[127.08351,37.71413],[127.08545,37.71485],[127.08513,37.71545],[127.08529,37.7161],[127.08607,37.71681],[127.08564,37.71792],[127.08629,37.71932],[127.08623,37.72045],[127.08676,37.7211],[127.08649,37.72181],[127.08775,37.7221],[127.08881,37.72474],[127.08918,37.72466],[127.09013,37.72522],[127.09151,37.72744],[127.08774,37.72954],[127.08773,37.73002],[127.09025,37.73097],[127.09046,37.7316],[127.08977,37.73222],[127.09366,37.73594],[127.09448,37.73534],[127.09603,37.73574],[127.09814,37.73435],[127.09873,37.73435],[127.09997,37.7356],[127.10091,37.73739],[127.10192,37.73778],[127.10534,37.7408],[127.11508,37.74599],[127.12424,37.7471],[127.12823,37.74715],[127.12904,37.74554],[127.12629,37.7438],[127.12371,37.73861],[127.12367,37.73498],[127.12385,37.73459],[127.12565,37.73354],[127.12577,37.72747],[127.12412,37.72597],[127.12366,37.72287],[127.12301,37.72214],[127.1182,37.7208],[127.11656,37.71795],[127.11261,37.71778],[127.11167,37.71723],[127.1093,37.71281],[127.10935,37.70961],[127.10901,37.70864],[127.10707,37.70766],[127.10365,37.70721],[127.10151,37.70495],[127.09909,37.70477],[127.09663,37.70221],[127.09496,37.70274],[127.09401,37.7038],[127.09116,37.70253],[127.08962,37.70264],[127.08753,37.70197],[127.08384,37.70174],[127.08199,37.70336],[127.0817,37.70445],[127.07974,37.70561],[127.07923,37.70894],[127.08071,37.7113],[127.08351,37.71413]]]}},{"type":"Feature","properties":{"adm_cd2":"4146153600","adm_nm":"경기도 용인시처인구 유림2동","sggnm":"용인시처인구"},"geometry":{"type":"Polygon","coordinates":[[[127.21213,37.24195],[127.21347,37.24361],[127.21417,37.2452],[127.21406,37.24866],[127.21887,37.25295],[127.21916,37.25461],[127.21743,37.25998],[127.21402,37.26543],[127.22583,37.26662],[127.22793,37.26615],[127.227,37.26539],[127.22635,37.26421],[127.23018,37.26028],[127.23201,37.25966],[127.23587,37.26004],[127.23684,37.26066],[127.23756,37.25913],[127.23788,37.25408],[127.23588,37.25252],[127.23391,37.25187],[127.23202,37.2493],[127.23405,37.24893],[127.23687,37.24978],[127.24224,37.24765],[127.24289,37.24648],[127.24318,37.24304],[127.24532,37.24087],[127.24665,37.23864],[127.23506,37.24071],[127.23373,37.2398],[127.233,37.23846],[127.23035,37.23552],[127.2256,37.23417],[127.22218,37.23385],[127.21641,37.23603],[127.21596,37.23668],[127.21553,37.23842],[127.21184,37.24042],[127.21115,37.2413],[127.21213,37.24195]]]}},{"type":"Feature","properties":{"adm_cd2":"4129052000","adm_nm":"경기도 과천시 갈현동","sggnm":"과천시"},"geometry":{"type":"Polygon","coordinates":[[[126.97424,37.41828],[126.97646,37.41877],[126.97737,37.41863],[126.97747,37.4181],[126.97921,37.41803],[126.97891,37.41571],[126.98056,37.41543],[126.98114,37.41672],[126.98197,37.4168],[126.98194,37.41542],[126.98306,37.41617],[126.98343,37.41613],[126.98445,37.41513],[126.98693,37.41731],[126.99141,37.41776],[126.99203,37.41749],[126.99121,37.41554],[126.99134,37.41292],[126.99076,37.41257],[126.99055,37.412],[126.99336,37.40968],[126.99426,37.41009],[126.99542,37.4096],[127.00075,37.40574],[126.99977,37.40463],[126.99498,37.40514],[126.99268,37.4067],[126.99199,37.40768],[126.98988,37.40806],[126.98827,37.40794],[126.98578,37.40664],[126.98257,37.40067],[126.98193,37.40183],[126.98083,37.40282],[126.97826,37.40336],[126.97615,37.4061],[126.97577,37.40714],[126.97549,37.40919],[126.97575,37.41011],[126.97526,37.4126],[126.97376,37.41496],[126.97077,37.41631],[126.97424,37.41828]]]}},{"type":"Feature","properties":{"adm_cd2":"4129051500","adm_nm":"경기도 과천시 원문동","sggnm":"과천시"},"geometry":{"type":"Polygon","coordinates":[[[126.98693,37.41731],[126.98445,37.41513],[126.98343,37.41613],[126.98306,37.41617],[126.98194,37.41542],[126.98197,37.4168],[126.98114,37.41672],[126.98056,37.41543],[126.97891,37.41571],[126.97921,37.41803],[126.97747,37.4181],[126.97737,37.41863],[126.97646,37.41877],[126.97424,37.41828],[126.97077,37.41631],[126.966,37.41821],[126.96393,37.4192],[126.96284,37.42073],[126.96181,37.42456],[126.96091,37.42603],[126.96184,37.42687],[126.96264,37.43107],[126.96424,37.43139],[126.96616,37.42746],[126.97065,37.42474],[126.97191,37.42255],[126.97113,37.42226],[126.97252,37.42133],[126.97359,37.42128],[126.97493,37.42213],[126.97782,37.42323],[126.98069,37.423],[126.98919,37.42386],[126.98943,37.42575],[126.99635,37.42185],[126.99359,37.41854],[126.99141,37.41776],[126.98693,37.41731]]]}}]}